filename,path,source,city,grid,split,data_type,terrain
DC_01_25_RGB.h5,data\GAMUS\images\train\DC_01_25_RGB.h5,GAMUS,DC,01_25,train,images,government_urban
DC_02_24_RGB.h5,data\GAMUS\images\train\DC_02_24_RGB.h5,GAMUS,DC,02_24,train,images,government_urban
DC_02_25_RGB.h5,data\GAMUS\images\train\DC_02_25_RGB.h5,GAMUS,DC,02_25,train,images,government_urban
DC_02_27_RGB.h5,data\GAMUS\images\train\DC_02_27_RGB.h5,GAMUS,DC,02_27,train,images,government_urban
DC_03_23_RGB.h5,data\GAMUS\images\train\DC_03_23_RGB.h5,GAMUS,DC,03_23,train,images,government_urban
DC_03_24_RGB.h5,data\GAMUS\images\train\DC_03_24_RGB.h5,GAMUS,DC,03_24,train,images,government_urban
DC_03_25_RGB.h5,data\GAMUS\images\train\DC_03_25_RGB.h5,GAMUS,DC,03_25,train,images,government_urban
DC_03_27_RGB.h5,data\GAMUS\images\train\DC_03_27_RGB.h5,GAMUS,DC,03_27,train,images,government_urban
DC_03_28_RGB.h5,data\GAMUS\images\train\DC_03_28_RGB.h5,GAMUS,DC,03_28,train,images,government_urban
DC_04_24_RGB.h5,data\GAMUS\images\train\DC_04_24_RGB.h5,GAMUS,DC,04_24,train,images,government_urban
DC_04_25_RGB.h5,data\GAMUS\images\train\DC_04_25_RGB.h5,GAMUS,DC,04_25,train,images,government_urban
DC_04_26_RGB.h5,data\GAMUS\images\train\DC_04_26_RGB.h5,GAMUS,DC,04_26,train,images,government_urban
DC_04_28_RGB.h5,data\GAMUS\images\train\DC_04_28_RGB.h5,GAMUS,DC,04_28,train,images,government_urban
DC_05_20_RGB.h5,data\GAMUS\images\train\DC_05_20_RGB.h5,GAMUS,DC,05_20,train,images,government_urban
DC_05_21_RGB.h5,data\GAMUS\images\train\DC_05_21_RGB.h5,GAMUS,DC,05_21,train,images,government_urban
DC_05_26_RGB.h5,data\GAMUS\images\train\DC_05_26_RGB.h5,GAMUS,DC,05_26,train,images,government_urban
DC_05_27_RGB.h5,data\GAMUS\images\train\DC_05_27_RGB.h5,GAMUS,DC,05_27,train,images,government_urban
DC_05_29_RGB.h5,data\GAMUS\images\train\DC_05_29_RGB.h5,GAMUS,DC,05_29,train,images,government_urban
DC_06_20_RGB.h5,data\GAMUS\images\train\DC_06_20_RGB.h5,GAMUS,DC,06_20,train,images,government_urban
DC_06_21_RGB.h5,data\GAMUS\images\train\DC_06_21_RGB.h5,GAMUS,DC,06_21,train,images,government_urban
DC_06_26_RGB.h5,data\GAMUS\images\train\DC_06_26_RGB.h5,GAMUS,DC,06_26,train,images,government_urban
DC_06_27_RGB.h5,data\GAMUS\images\train\DC_06_27_RGB.h5,GAMUS,DC,06_27,train,images,government_urban
DC_06_28_RGB.h5,data\GAMUS\images\train\DC_06_28_RGB.h5,GAMUS,DC,06_28,train,images,government_urban
DC_06_29_RGB.h5,data\GAMUS\images\train\DC_06_29_RGB.h5,GAMUS,DC,06_29,train,images,government_urban
DC_06_30_RGB.h5,data\GAMUS\images\train\DC_06_30_RGB.h5,GAMUS,DC,06_30,train,images,government_urban
DC_06_31_RGB.h5,data\GAMUS\images\train\DC_06_31_RGB.h5,GAMUS,DC,06_31,train,images,government_urban
DC_07_19_RGB.h5,data\GAMUS\images\train\DC_07_19_RGB.h5,GAMUS,DC,07_19,train,images,government_urban
DC_07_20_RGB.h5,data\GAMUS\images\train\DC_07_20_RGB.h5,GAMUS,DC,07_20,train,images,government_urban
DC_07_27_RGB.h5,data\GAMUS\images\train\DC_07_27_RGB.h5,GAMUS,DC,07_27,train,images,government_urban
DC_07_28_RGB.h5,data\GAMUS\images\train\DC_07_28_RGB.h5,GAMUS,DC,07_28,train,images,government_urban
DC_07_30_RGB.h5,data\GAMUS\images\train\DC_07_30_RGB.h5,GAMUS,DC,07_30,train,images,government_urban
DC_07_31_RGB.h5,data\GAMUS\images\train\DC_07_31_RGB.h5,GAMUS,DC,07_31,train,images,government_urban
DC_08_17_RGB.h5,data\GAMUS\images\train\DC_08_17_RGB.h5,GAMUS,DC,08_17,train,images,government_urban
DC_08_18_RGB.h5,data\GAMUS\images\train\DC_08_18_RGB.h5,GAMUS,DC,08_18,train,images,government_urban
DC_08_19_RGB.h5,data\GAMUS\images\train\DC_08_19_RGB.h5,GAMUS,DC,08_19,train,images,government_urban
DC_08_20_RGB.h5,data\GAMUS\images\train\DC_08_20_RGB.h5,GAMUS,DC,08_20,train,images,government_urban
DC_08_21_RGB.h5,data\GAMUS\images\train\DC_08_21_RGB.h5,GAMUS,DC,08_21,train,images,government_urban
DC_08_28_RGB.h5,data\GAMUS\images\train\DC_08_28_RGB.h5,GAMUS,DC,08_28,train,images,government_urban
DC_08_29_RGB.h5,data\GAMUS\images\train\DC_08_29_RGB.h5,GAMUS,DC,08_29,train,images,government_urban
DC_08_30_RGB.h5,data\GAMUS\images\train\DC_08_30_RGB.h5,GAMUS,DC,08_30,train,images,government_urban
DC_08_32_RGB.h5,data\GAMUS\images\train\DC_08_32_RGB.h5,GAMUS,DC,08_32,train,images,government_urban
DC_09_17_RGB.h5,data\GAMUS\images\train\DC_09_17_RGB.h5,GAMUS,DC,09_17,train,images,government_urban
DC_09_19_RGB.h5,data\GAMUS\images\train\DC_09_19_RGB.h5,GAMUS,DC,09_19,train,images,government_urban
DC_09_20_RGB.h5,data\GAMUS\images\train\DC_09_20_RGB.h5,GAMUS,DC,09_20,train,images,government_urban
DC_09_21_RGB.h5,data\GAMUS\images\train\DC_09_21_RGB.h5,GAMUS,DC,09_21,train,images,government_urban
DC_09_27_RGB.h5,data\GAMUS\images\train\DC_09_27_RGB.h5,GAMUS,DC,09_27,train,images,government_urban
DC_09_28_RGB.h5,data\GAMUS\images\train\DC_09_28_RGB.h5,GAMUS,DC,09_28,train,images,government_urban
DC_09_30_RGB.h5,data\GAMUS\images\train\DC_09_30_RGB.h5,GAMUS,DC,09_30,train,images,government_urban
DC_09_31_RGB.h5,data\GAMUS\images\train\DC_09_31_RGB.h5,GAMUS,DC,09_31,train,images,government_urban
DC_10_16_RGB.h5,data\GAMUS\images\train\DC_10_16_RGB.h5,GAMUS,DC,10_16,train,images,government_urban
DC_10_17_RGB.h5,data\GAMUS\images\train\DC_10_17_RGB.h5,GAMUS,DC,10_17,train,images,government_urban
DC_10_18_RGB.h5,data\GAMUS\images\train\DC_10_18_RGB.h5,GAMUS,DC,10_18,train,images,government_urban
DC_10_19_RGB.h5,data\GAMUS\images\train\DC_10_19_RGB.h5,GAMUS,DC,10_19,train,images,government_urban
DC_10_21_RGB.h5,data\GAMUS\images\train\DC_10_21_RGB.h5,GAMUS,DC,10_21,train,images,government_urban
DC_10_27_RGB.h5,data\GAMUS\images\train\DC_10_27_RGB.h5,GAMUS,DC,10_27,train,images,government_urban
DC_10_28_RGB.h5,data\GAMUS\images\train\DC_10_28_RGB.h5,GAMUS,DC,10_28,train,images,government_urban
DC_10_31_RGB.h5,data\GAMUS\images\train\DC_10_31_RGB.h5,GAMUS,DC,10_31,train,images,government_urban
DC_10_32_RGB.h5,data\GAMUS\images\train\DC_10_32_RGB.h5,GAMUS,DC,10_32,train,images,government_urban
DC_10_33_RGB.h5,data\GAMUS\images\train\DC_10_33_RGB.h5,GAMUS,DC,10_33,train,images,government_urban
DC_10_34_RGB.h5,data\GAMUS\images\train\DC_10_34_RGB.h5,GAMUS,DC,10_34,train,images,government_urban
DC_11_17_RGB.h5,data\GAMUS\images\train\DC_11_17_RGB.h5,GAMUS,DC,11_17,train,images,government_urban
DC_11_18_RGB.h5,data\GAMUS\images\train\DC_11_18_RGB.h5,GAMUS,DC,11_18,train,images,government_urban
DC_11_20_RGB.h5,data\GAMUS\images\train\DC_11_20_RGB.h5,GAMUS,DC,11_20,train,images,government_urban
DC_11_21_RGB.h5,data\GAMUS\images\train\DC_11_21_RGB.h5,GAMUS,DC,11_21,train,images,government_urban
DC_11_27_RGB.h5,data\GAMUS\images\train\DC_11_27_RGB.h5,GAMUS,DC,11_27,train,images,government_urban
DC_11_28_RGB.h5,data\GAMUS\images\train\DC_11_28_RGB.h5,GAMUS,DC,11_28,train,images,government_urban
DC_11_29_RGB.h5,data\GAMUS\images\train\DC_11_29_RGB.h5,GAMUS,DC,11_29,train,images,government_urban
DC_11_30_RGB.h5,data\GAMUS\images\train\DC_11_30_RGB.h5,GAMUS,DC,11_30,train,images,government_urban
DC_11_35_RGB.h5,data\GAMUS\images\train\DC_11_35_RGB.h5,GAMUS,DC,11_35,train,images,government_urban
DC_12_14_RGB.h5,data\GAMUS\images\train\DC_12_14_RGB.h5,GAMUS,DC,12_14,train,images,government_urban
DC_12_16_RGB.h5,data\GAMUS\images\train\DC_12_16_RGB.h5,GAMUS,DC,12_16,train,images,government_urban
DC_12_18_RGB.h5,data\GAMUS\images\train\DC_12_18_RGB.h5,GAMUS,DC,12_18,train,images,government_urban
DC_12_19_RGB.h5,data\GAMUS\images\train\DC_12_19_RGB.h5,GAMUS,DC,12_19,train,images,government_urban
DC_12_21_RGB.h5,data\GAMUS\images\train\DC_12_21_RGB.h5,GAMUS,DC,12_21,train,images,government_urban
DC_12_25_RGB.h5,data\GAMUS\images\train\DC_12_25_RGB.h5,GAMUS,DC,12_25,train,images,government_urban
DC_12_26_RGB.h5,data\GAMUS\images\train\DC_12_26_RGB.h5,GAMUS,DC,12_26,train,images,government_urban
DC_12_28_RGB.h5,data\GAMUS\images\train\DC_12_28_RGB.h5,GAMUS,DC,12_28,train,images,government_urban
DC_12_29_RGB.h5,data\GAMUS\images\train\DC_12_29_RGB.h5,GAMUS,DC,12_29,train,images,government_urban
DC_12_30_RGB.h5,data\GAMUS\images\train\DC_12_30_RGB.h5,GAMUS,DC,12_30,train,images,government_urban
DC_12_31_RGB.h5,data\GAMUS\images\train\DC_12_31_RGB.h5,GAMUS,DC,12_31,train,images,government_urban
DC_12_32_RGB.h5,data\GAMUS\images\train\DC_12_32_RGB.h5,GAMUS,DC,12_32,train,images,government_urban
DC_12_33_RGB.h5,data\GAMUS\images\train\DC_12_33_RGB.h5,GAMUS,DC,12_33,train,images,government_urban
DC_12_36_RGB.h5,data\GAMUS\images\train\DC_12_36_RGB.h5,GAMUS,DC,12_36,train,images,government_urban
DC_12_37_RGB.h5,data\GAMUS\images\train\DC_12_37_RGB.h5,GAMUS,DC,12_37,train,images,government_urban
DC_13_13_RGB.h5,data\GAMUS\images\train\DC_13_13_RGB.h5,GAMUS,DC,13_13,train,images,government_urban
DC_13_16_RGB.h5,data\GAMUS\images\train\DC_13_16_RGB.h5,GAMUS,DC,13_16,train,images,government_urban
DC_13_18_RGB.h5,data\GAMUS\images\train\DC_13_18_RGB.h5,GAMUS,DC,13_18,train,images,government_urban
DC_13_20_RGB.h5,data\GAMUS\images\train\DC_13_20_RGB.h5,GAMUS,DC,13_20,train,images,government_urban
DC_13_23_RGB.h5,data\GAMUS\images\train\DC_13_23_RGB.h5,GAMUS,DC,13_23,train,images,government_urban
DC_13_24_RGB.h5,data\GAMUS\images\train\DC_13_24_RGB.h5,GAMUS,DC,13_24,train,images,government_urban
DC_13_26_RGB.h5,data\GAMUS\images\train\DC_13_26_RGB.h5,GAMUS,DC,13_26,train,images,government_urban
DC_13_27_RGB.h5,data\GAMUS\images\train\DC_13_27_RGB.h5,GAMUS,DC,13_27,train,images,government_urban
DC_13_29_RGB.h5,data\GAMUS\images\train\DC_13_29_RGB.h5,GAMUS,DC,13_29,train,images,government_urban
DC_13_30_RGB.h5,data\GAMUS\images\train\DC_13_30_RGB.h5,GAMUS,DC,13_30,train,images,government_urban
DC_13_31_RGB.h5,data\GAMUS\images\train\DC_13_31_RGB.h5,GAMUS,DC,13_31,train,images,government_urban
DC_13_32_RGB.h5,data\GAMUS\images\train\DC_13_32_RGB.h5,GAMUS,DC,13_32,train,images,government_urban
DC_13_36_RGB.h5,data\GAMUS\images\train\DC_13_36_RGB.h5,GAMUS,DC,13_36,train,images,government_urban
DC_13_37_RGB.h5,data\GAMUS\images\train\DC_13_37_RGB.h5,GAMUS,DC,13_37,train,images,government_urban
DC_14_12_RGB.h5,data\GAMUS\images\train\DC_14_12_RGB.h5,GAMUS,DC,14_12,train,images,government_urban
DC_14_13_RGB.h5,data\GAMUS\images\train\DC_14_13_RGB.h5,GAMUS,DC,14_13,train,images,government_urban
DC_14_14_RGB.h5,data\GAMUS\images\train\DC_14_14_RGB.h5,GAMUS,DC,14_14,train,images,government_urban
DC_14_15_RGB.h5,data\GAMUS\images\train\DC_14_15_RGB.h5,GAMUS,DC,14_15,train,images,government_urban
DC_14_16_RGB.h5,data\GAMUS\images\train\DC_14_16_RGB.h5,GAMUS,DC,14_16,train,images,government_urban
DC_14_17_RGB.h5,data\GAMUS\images\train\DC_14_17_RGB.h5,GAMUS,DC,14_17,train,images,government_urban
DC_14_18_RGB.h5,data\GAMUS\images\train\DC_14_18_RGB.h5,GAMUS,DC,14_18,train,images,government_urban
DC_14_19_RGB.h5,data\GAMUS\images\train\DC_14_19_RGB.h5,GAMUS,DC,14_19,train,images,government_urban
DC_14_20_RGB.h5,data\GAMUS\images\train\DC_14_20_RGB.h5,GAMUS,DC,14_20,train,images,government_urban
DC_14_25_RGB.h5,data\GAMUS\images\train\DC_14_25_RGB.h5,GAMUS,DC,14_25,train,images,government_urban
DC_14_26_RGB.h5,data\GAMUS\images\train\DC_14_26_RGB.h5,GAMUS,DC,14_26,train,images,government_urban
DC_14_27_RGB.h5,data\GAMUS\images\train\DC_14_27_RGB.h5,GAMUS,DC,14_27,train,images,government_urban
DC_14_29_RGB.h5,data\GAMUS\images\train\DC_14_29_RGB.h5,GAMUS,DC,14_29,train,images,government_urban
DC_14_30_RGB.h5,data\GAMUS\images\train\DC_14_30_RGB.h5,GAMUS,DC,14_30,train,images,government_urban
DC_14_31_RGB.h5,data\GAMUS\images\train\DC_14_31_RGB.h5,GAMUS,DC,14_31,train,images,government_urban
DC_14_33_RGB.h5,data\GAMUS\images\train\DC_14_33_RGB.h5,GAMUS,DC,14_33,train,images,government_urban
DC_14_34_RGB.h5,data\GAMUS\images\train\DC_14_34_RGB.h5,GAMUS,DC,14_34,train,images,government_urban
DC_14_37_RGB.h5,data\GAMUS\images\train\DC_14_37_RGB.h5,GAMUS,DC,14_37,train,images,government_urban
DC_14_38_RGB.h5,data\GAMUS\images\train\DC_14_38_RGB.h5,GAMUS,DC,14_38,train,images,government_urban
DC_15_11_RGB.h5,data\GAMUS\images\train\DC_15_11_RGB.h5,GAMUS,DC,15_11,train,images,government_urban
DC_15_12_RGB.h5,data\GAMUS\images\train\DC_15_12_RGB.h5,GAMUS,DC,15_12,train,images,government_urban
DC_15_14_RGB.h5,data\GAMUS\images\train\DC_15_14_RGB.h5,GAMUS,DC,15_14,train,images,government_urban
DC_15_16_RGB.h5,data\GAMUS\images\train\DC_15_16_RGB.h5,GAMUS,DC,15_16,train,images,government_urban
DC_15_18_RGB.h5,data\GAMUS\images\train\DC_15_18_RGB.h5,GAMUS,DC,15_18,train,images,government_urban
DC_15_19_RGB.h5,data\GAMUS\images\train\DC_15_19_RGB.h5,GAMUS,DC,15_19,train,images,government_urban
DC_15_21_RGB.h5,data\GAMUS\images\train\DC_15_21_RGB.h5,GAMUS,DC,15_21,train,images,government_urban
DC_15_22_RGB.h5,data\GAMUS\images\train\DC_15_22_RGB.h5,GAMUS,DC,15_22,train,images,government_urban
DC_15_24_RGB.h5,data\GAMUS\images\train\DC_15_24_RGB.h5,GAMUS,DC,15_24,train,images,government_urban
DC_15_25_RGB.h5,data\GAMUS\images\train\DC_15_25_RGB.h5,GAMUS,DC,15_25,train,images,government_urban
DC_15_26_RGB.h5,data\GAMUS\images\train\DC_15_26_RGB.h5,GAMUS,DC,15_26,train,images,government_urban
DC_15_28_RGB.h5,data\GAMUS\images\train\DC_15_28_RGB.h5,GAMUS,DC,15_28,train,images,government_urban
DC_15_29_RGB.h5,data\GAMUS\images\train\DC_15_29_RGB.h5,GAMUS,DC,15_29,train,images,government_urban
DC_15_30_RGB.h5,data\GAMUS\images\train\DC_15_30_RGB.h5,GAMUS,DC,15_30,train,images,government_urban
DC_15_31_RGB.h5,data\GAMUS\images\train\DC_15_31_RGB.h5,GAMUS,DC,15_31,train,images,government_urban
DC_15_32_RGB.h5,data\GAMUS\images\train\DC_15_32_RGB.h5,GAMUS,DC,15_32,train,images,government_urban
DC_15_33_RGB.h5,data\GAMUS\images\train\DC_15_33_RGB.h5,GAMUS,DC,15_33,train,images,government_urban
DC_15_34_RGB.h5,data\GAMUS\images\train\DC_15_34_RGB.h5,GAMUS,DC,15_34,train,images,government_urban
DC_15_35_RGB.h5,data\GAMUS\images\train\DC_15_35_RGB.h5,GAMUS,DC,15_35,train,images,government_urban
DC_15_36_RGB.h5,data\GAMUS\images\train\DC_15_36_RGB.h5,GAMUS,DC,15_36,train,images,government_urban
DC_15_37_RGB.h5,data\GAMUS\images\train\DC_15_37_RGB.h5,GAMUS,DC,15_37,train,images,government_urban
DC_15_38_RGB.h5,data\GAMUS\images\train\DC_15_38_RGB.h5,GAMUS,DC,15_38,train,images,government_urban
DC_16_10_RGB.h5,data\GAMUS\images\train\DC_16_10_RGB.h5,GAMUS,DC,16_10,train,images,government_urban
DC_16_11_RGB.h5,data\GAMUS\images\train\DC_16_11_RGB.h5,GAMUS,DC,16_11,train,images,government_urban
DC_16_12_RGB.h5,data\GAMUS\images\train\DC_16_12_RGB.h5,GAMUS,DC,16_12,train,images,government_urban
DC_16_17_RGB.h5,data\GAMUS\images\train\DC_16_17_RGB.h5,GAMUS,DC,16_17,train,images,government_urban
DC_16_19_RGB.h5,data\GAMUS\images\train\DC_16_19_RGB.h5,GAMUS,DC,16_19,train,images,government_urban
DC_16_20_RGB.h5,data\GAMUS\images\train\DC_16_20_RGB.h5,GAMUS,DC,16_20,train,images,government_urban
DC_16_22_RGB.h5,data\GAMUS\images\train\DC_16_22_RGB.h5,GAMUS,DC,16_22,train,images,government_urban
DC_16_25_RGB.h5,data\GAMUS\images\train\DC_16_25_RGB.h5,GAMUS,DC,16_25,train,images,government_urban
DC_16_26_RGB.h5,data\GAMUS\images\train\DC_16_26_RGB.h5,GAMUS,DC,16_26,train,images,government_urban
DC_16_29_RGB.h5,data\GAMUS\images\train\DC_16_29_RGB.h5,GAMUS,DC,16_29,train,images,government_urban
DC_16_30_RGB.h5,data\GAMUS\images\train\DC_16_30_RGB.h5,GAMUS,DC,16_30,train,images,government_urban
DC_16_31_RGB.h5,data\GAMUS\images\train\DC_16_31_RGB.h5,GAMUS,DC,16_31,train,images,government_urban
DC_16_32_RGB.h5,data\GAMUS\images\train\DC_16_32_RGB.h5,GAMUS,DC,16_32,train,images,government_urban
DC_16_34_RGB.h5,data\GAMUS\images\train\DC_16_34_RGB.h5,GAMUS,DC,16_34,train,images,government_urban
DC_16_35_RGB.h5,data\GAMUS\images\train\DC_16_35_RGB.h5,GAMUS,DC,16_35,train,images,government_urban
DC_16_36_RGB.h5,data\GAMUS\images\train\DC_16_36_RGB.h5,GAMUS,DC,16_36,train,images,government_urban
DC_16_39_RGB.h5,data\GAMUS\images\train\DC_16_39_RGB.h5,GAMUS,DC,16_39,train,images,government_urban
DC_16_40_RGB.h5,data\GAMUS\images\train\DC_16_40_RGB.h5,GAMUS,DC,16_40,train,images,government_urban
DC_17_09_RGB.h5,data\GAMUS\images\train\DC_17_09_RGB.h5,GAMUS,DC,17_09,train,images,government_urban
DC_17_10_RGB.h5,data\GAMUS\images\train\DC_17_10_RGB.h5,GAMUS,DC,17_10,train,images,government_urban
DC_17_13_RGB.h5,data\GAMUS\images\train\DC_17_13_RGB.h5,GAMUS,DC,17_13,train,images,government_urban
DC_17_14_RGB.h5,data\GAMUS\images\train\DC_17_14_RGB.h5,GAMUS,DC,17_14,train,images,government_urban
DC_17_16_RGB.h5,data\GAMUS\images\train\DC_17_16_RGB.h5,GAMUS,DC,17_16,train,images,government_urban
DC_17_17_RGB.h5,data\GAMUS\images\train\DC_17_17_RGB.h5,GAMUS,DC,17_17,train,images,government_urban
DC_17_18_RGB.h5,data\GAMUS\images\train\DC_17_18_RGB.h5,GAMUS,DC,17_18,train,images,government_urban
DC_17_21_RGB.h5,data\GAMUS\images\train\DC_17_21_RGB.h5,GAMUS,DC,17_21,train,images,government_urban
DC_17_22_RGB.h5,data\GAMUS\images\train\DC_17_22_RGB.h5,GAMUS,DC,17_22,train,images,government_urban
DC_17_23_RGB.h5,data\GAMUS\images\train\DC_17_23_RGB.h5,GAMUS,DC,17_23,train,images,government_urban
DC_17_24_RGB.h5,data\GAMUS\images\train\DC_17_24_RGB.h5,GAMUS,DC,17_24,train,images,government_urban
DC_17_26_RGB.h5,data\GAMUS\images\train\DC_17_26_RGB.h5,GAMUS,DC,17_26,train,images,government_urban
DC_17_27_RGB.h5,data\GAMUS\images\train\DC_17_27_RGB.h5,GAMUS,DC,17_27,train,images,government_urban
DC_17_28_RGB.h5,data\GAMUS\images\train\DC_17_28_RGB.h5,GAMUS,DC,17_28,train,images,government_urban
DC_17_30_RGB.h5,data\GAMUS\images\train\DC_17_30_RGB.h5,GAMUS,DC,17_30,train,images,government_urban
DC_17_31_RGB.h5,data\GAMUS\images\train\DC_17_31_RGB.h5,GAMUS,DC,17_31,train,images,government_urban
DC_17_32_RGB.h5,data\GAMUS\images\train\DC_17_32_RGB.h5,GAMUS,DC,17_32,train,images,government_urban
DC_17_33_RGB.h5,data\GAMUS\images\train\DC_17_33_RGB.h5,GAMUS,DC,17_33,train,images,government_urban
DC_17_34_RGB.h5,data\GAMUS\images\train\DC_17_34_RGB.h5,GAMUS,DC,17_34,train,images,government_urban
DC_17_35_RGB.h5,data\GAMUS\images\train\DC_17_35_RGB.h5,GAMUS,DC,17_35,train,images,government_urban
DC_17_39_RGB.h5,data\GAMUS\images\train\DC_17_39_RGB.h5,GAMUS,DC,17_39,train,images,government_urban
DC_17_40_RGB.h5,data\GAMUS\images\train\DC_17_40_RGB.h5,GAMUS,DC,17_40,train,images,government_urban
DC_17_41_RGB.h5,data\GAMUS\images\train\DC_17_41_RGB.h5,GAMUS,DC,17_41,train,images,government_urban
DC_18_08_RGB.h5,data\GAMUS\images\train\DC_18_08_RGB.h5,GAMUS,DC,18_08,train,images,government_urban
DC_18_10_RGB.h5,data\GAMUS\images\train\DC_18_10_RGB.h5,GAMUS,DC,18_10,train,images,government_urban
DC_18_11_RGB.h5,data\GAMUS\images\train\DC_18_11_RGB.h5,GAMUS,DC,18_11,train,images,government_urban
DC_18_12_RGB.h5,data\GAMUS\images\train\DC_18_12_RGB.h5,GAMUS,DC,18_12,train,images,government_urban
DC_18_14_RGB.h5,data\GAMUS\images\train\DC_18_14_RGB.h5,GAMUS,DC,18_14,train,images,government_urban
DC_18_15_RGB.h5,data\GAMUS\images\train\DC_18_15_RGB.h5,GAMUS,DC,18_15,train,images,government_urban
DC_18_16_RGB.h5,data\GAMUS\images\train\DC_18_16_RGB.h5,GAMUS,DC,18_16,train,images,government_urban
DC_18_18_RGB.h5,data\GAMUS\images\train\DC_18_18_RGB.h5,GAMUS,DC,18_18,train,images,government_urban
DC_18_19_RGB.h5,data\GAMUS\images\train\DC_18_19_RGB.h5,GAMUS,DC,18_19,train,images,government_urban
DC_18_21_RGB.h5,data\GAMUS\images\train\DC_18_21_RGB.h5,GAMUS,DC,18_21,train,images,government_urban
DC_18_22_RGB.h5,data\GAMUS\images\train\DC_18_22_RGB.h5,GAMUS,DC,18_22,train,images,government_urban
DC_18_25_RGB.h5,data\GAMUS\images\train\DC_18_25_RGB.h5,GAMUS,DC,18_25,train,images,government_urban
DC_18_26_RGB.h5,data\GAMUS\images\train\DC_18_26_RGB.h5,GAMUS,DC,18_26,train,images,government_urban
DC_18_27_RGB.h5,data\GAMUS\images\train\DC_18_27_RGB.h5,GAMUS,DC,18_27,train,images,government_urban
DC_18_30_RGB.h5,data\GAMUS\images\train\DC_18_30_RGB.h5,GAMUS,DC,18_30,train,images,government_urban
DC_18_31_RGB.h5,data\GAMUS\images\train\DC_18_31_RGB.h5,GAMUS,DC,18_31,train,images,government_urban
DC_18_32_RGB.h5,data\GAMUS\images\train\DC_18_32_RGB.h5,GAMUS,DC,18_32,train,images,government_urban
DC_18_33_RGB.h5,data\GAMUS\images\train\DC_18_33_RGB.h5,GAMUS,DC,18_33,train,images,government_urban
DC_18_34_RGB.h5,data\GAMUS\images\train\DC_18_34_RGB.h5,GAMUS,DC,18_34,train,images,government_urban
DC_18_35_RGB.h5,data\GAMUS\images\train\DC_18_35_RGB.h5,GAMUS,DC,18_35,train,images,government_urban
DC_18_37_RGB.h5,data\GAMUS\images\train\DC_18_37_RGB.h5,GAMUS,DC,18_37,train,images,government_urban
DC_18_38_RGB.h5,data\GAMUS\images\train\DC_18_38_RGB.h5,GAMUS,DC,18_38,train,images,government_urban
DC_18_40_RGB.h5,data\GAMUS\images\train\DC_18_40_RGB.h5,GAMUS,DC,18_40,train,images,government_urban
DC_18_41_RGB.h5,data\GAMUS\images\train\DC_18_41_RGB.h5,GAMUS,DC,18_41,train,images,government_urban
DC_18_42_RGB.h5,data\GAMUS\images\train\DC_18_42_RGB.h5,GAMUS,DC,18_42,train,images,government_urban
DC_19_07_RGB.h5,data\GAMUS\images\train\DC_19_07_RGB.h5,GAMUS,DC,19_07,train,images,government_urban
DC_19_08_RGB.h5,data\GAMUS\images\train\DC_19_08_RGB.h5,GAMUS,DC,19_08,train,images,government_urban
DC_19_09_RGB.h5,data\GAMUS\images\train\DC_19_09_RGB.h5,GAMUS,DC,19_09,train,images,government_urban
DC_19_10_RGB.h5,data\GAMUS\images\train\DC_19_10_RGB.h5,GAMUS,DC,19_10,train,images,government_urban
DC_19_11_RGB.h5,data\GAMUS\images\train\DC_19_11_RGB.h5,GAMUS,DC,19_11,train,images,government_urban
DC_19_12_RGB.h5,data\GAMUS\images\train\DC_19_12_RGB.h5,GAMUS,DC,19_12,train,images,government_urban
DC_19_13_RGB.h5,data\GAMUS\images\train\DC_19_13_RGB.h5,GAMUS,DC,19_13,train,images,government_urban
DC_19_14_RGB.h5,data\GAMUS\images\train\DC_19_14_RGB.h5,GAMUS,DC,19_14,train,images,government_urban
DC_19_15_RGB.h5,data\GAMUS\images\train\DC_19_15_RGB.h5,GAMUS,DC,19_15,train,images,government_urban
DC_19_18_RGB.h5,data\GAMUS\images\train\DC_19_18_RGB.h5,GAMUS,DC,19_18,train,images,government_urban
DC_19_19_RGB.h5,data\GAMUS\images\train\DC_19_19_RGB.h5,GAMUS,DC,19_19,train,images,government_urban
DC_19_20_RGB.h5,data\GAMUS\images\train\DC_19_20_RGB.h5,GAMUS,DC,19_20,train,images,government_urban
DC_19_22_RGB.h5,data\GAMUS\images\train\DC_19_22_RGB.h5,GAMUS,DC,19_22,train,images,government_urban
DC_19_23_RGB.h5,data\GAMUS\images\train\DC_19_23_RGB.h5,GAMUS,DC,19_23,train,images,government_urban
DC_19_25_RGB.h5,data\GAMUS\images\train\DC_19_25_RGB.h5,GAMUS,DC,19_25,train,images,government_urban
DC_19_29_RGB.h5,data\GAMUS\images\train\DC_19_29_RGB.h5,GAMUS,DC,19_29,train,images,government_urban
DC_19_30_RGB.h5,data\GAMUS\images\train\DC_19_30_RGB.h5,GAMUS,DC,19_30,train,images,government_urban
DC_19_32_RGB.h5,data\GAMUS\images\train\DC_19_32_RGB.h5,GAMUS,DC,19_32,train,images,government_urban
DC_19_33_RGB.h5,data\GAMUS\images\train\DC_19_33_RGB.h5,GAMUS,DC,19_33,train,images,government_urban
DC_19_34_RGB.h5,data\GAMUS\images\train\DC_19_34_RGB.h5,GAMUS,DC,19_34,train,images,government_urban
DC_19_35_RGB.h5,data\GAMUS\images\train\DC_19_35_RGB.h5,GAMUS,DC,19_35,train,images,government_urban
DC_19_39_RGB.h5,data\GAMUS\images\train\DC_19_39_RGB.h5,GAMUS,DC,19_39,train,images,government_urban
DC_19_40_RGB.h5,data\GAMUS\images\train\DC_19_40_RGB.h5,GAMUS,DC,19_40,train,images,government_urban
DC_19_43_RGB.h5,data\GAMUS\images\train\DC_19_43_RGB.h5,GAMUS,DC,19_43,train,images,government_urban
DC_20_06_RGB.h5,data\GAMUS\images\train\DC_20_06_RGB.h5,GAMUS,DC,20_06,train,images,government_urban
DC_20_10_RGB.h5,data\GAMUS\images\train\DC_20_10_RGB.h5,GAMUS,DC,20_10,train,images,government_urban
DC_20_16_RGB.h5,data\GAMUS\images\train\DC_20_16_RGB.h5,GAMUS,DC,20_16,train,images,government_urban
DC_20_17_RGB.h5,data\GAMUS\images\train\DC_20_17_RGB.h5,GAMUS,DC,20_17,train,images,government_urban
DC_20_21_RGB.h5,data\GAMUS\images\train\DC_20_21_RGB.h5,GAMUS,DC,20_21,train,images,government_urban
DC_20_22_RGB.h5,data\GAMUS\images\train\DC_20_22_RGB.h5,GAMUS,DC,20_22,train,images,government_urban
DC_20_24_RGB.h5,data\GAMUS\images\train\DC_20_24_RGB.h5,GAMUS,DC,20_24,train,images,government_urban
DC_20_26_RGB.h5,data\GAMUS\images\train\DC_20_26_RGB.h5,GAMUS,DC,20_26,train,images,government_urban
DC_20_27_RGB.h5,data\GAMUS\images\train\DC_20_27_RGB.h5,GAMUS,DC,20_27,train,images,government_urban
DC_20_30_RGB.h5,data\GAMUS\images\train\DC_20_30_RGB.h5,GAMUS,DC,20_30,train,images,government_urban
DC_20_32_RGB.h5,data\GAMUS\images\train\DC_20_32_RGB.h5,GAMUS,DC,20_32,train,images,government_urban
DC_20_34_RGB.h5,data\GAMUS\images\train\DC_20_34_RGB.h5,GAMUS,DC,20_34,train,images,government_urban
DC_20_35_RGB.h5,data\GAMUS\images\train\DC_20_35_RGB.h5,GAMUS,DC,20_35,train,images,government_urban
DC_20_39_RGB.h5,data\GAMUS\images\train\DC_20_39_RGB.h5,GAMUS,DC,20_39,train,images,government_urban
DC_20_41_RGB.h5,data\GAMUS\images\train\DC_20_41_RGB.h5,GAMUS,DC,20_41,train,images,government_urban
DC_20_42_RGB.h5,data\GAMUS\images\train\DC_20_42_RGB.h5,GAMUS,DC,20_42,train,images,government_urban
DC_20_44_RGB.h5,data\GAMUS\images\train\DC_20_44_RGB.h5,GAMUS,DC,20_44,train,images,government_urban
DC_21_06_RGB.h5,data\GAMUS\images\train\DC_21_06_RGB.h5,GAMUS,DC,21_06,train,images,government_urban
DC_21_09_RGB.h5,data\GAMUS\images\train\DC_21_09_RGB.h5,GAMUS,DC,21_09,train,images,government_urban
DC_21_12_RGB.h5,data\GAMUS\images\train\DC_21_12_RGB.h5,GAMUS,DC,21_12,train,images,government_urban
DC_21_14_RGB.h5,data\GAMUS\images\train\DC_21_14_RGB.h5,GAMUS,DC,21_14,train,images,government_urban
DC_21_15_RGB.h5,data\GAMUS\images\train\DC_21_15_RGB.h5,GAMUS,DC,21_15,train,images,government_urban
DC_21_18_RGB.h5,data\GAMUS\images\train\DC_21_18_RGB.h5,GAMUS,DC,21_18,train,images,government_urban
DC_21_20_RGB.h5,data\GAMUS\images\train\DC_21_20_RGB.h5,GAMUS,DC,21_20,train,images,government_urban
DC_21_21_RGB.h5,data\GAMUS\images\train\DC_21_21_RGB.h5,GAMUS,DC,21_21,train,images,government_urban
DC_21_23_RGB.h5,data\GAMUS\images\train\DC_21_23_RGB.h5,GAMUS,DC,21_23,train,images,government_urban
DC_21_25_RGB.h5,data\GAMUS\images\train\DC_21_25_RGB.h5,GAMUS,DC,21_25,train,images,government_urban
DC_21_28_RGB.h5,data\GAMUS\images\train\DC_21_28_RGB.h5,GAMUS,DC,21_28,train,images,government_urban
DC_21_30_RGB.h5,data\GAMUS\images\train\DC_21_30_RGB.h5,GAMUS,DC,21_30,train,images,government_urban
DC_21_31_RGB.h5,data\GAMUS\images\train\DC_21_31_RGB.h5,GAMUS,DC,21_31,train,images,government_urban
DC_21_36_RGB.h5,data\GAMUS\images\train\DC_21_36_RGB.h5,GAMUS,DC,21_36,train,images,government_urban
DC_21_37_RGB.h5,data\GAMUS\images\train\DC_21_37_RGB.h5,GAMUS,DC,21_37,train,images,government_urban
DC_21_38_RGB.h5,data\GAMUS\images\train\DC_21_38_RGB.h5,GAMUS,DC,21_38,train,images,government_urban
DC_21_39_RGB.h5,data\GAMUS\images\train\DC_21_39_RGB.h5,GAMUS,DC,21_39,train,images,government_urban
DC_21_41_RGB.h5,data\GAMUS\images\train\DC_21_41_RGB.h5,GAMUS,DC,21_41,train,images,government_urban
DC_21_42_RGB.h5,data\GAMUS\images\train\DC_21_42_RGB.h5,GAMUS,DC,21_42,train,images,government_urban
DC_21_43_RGB.h5,data\GAMUS\images\train\DC_21_43_RGB.h5,GAMUS,DC,21_43,train,images,government_urban
DC_21_45_RGB.h5,data\GAMUS\images\train\DC_21_45_RGB.h5,GAMUS,DC,21_45,train,images,government_urban
DC_21_46_RGB.h5,data\GAMUS\images\train\DC_21_46_RGB.h5,GAMUS,DC,21_46,train,images,government_urban
DC_22_05_RGB.h5,data\GAMUS\images\train\DC_22_05_RGB.h5,GAMUS,DC,22_05,train,images,government_urban
DC_22_06_RGB.h5,data\GAMUS\images\train\DC_22_06_RGB.h5,GAMUS,DC,22_06,train,images,government_urban
DC_22_08_RGB.h5,data\GAMUS\images\train\DC_22_08_RGB.h5,GAMUS,DC,22_08,train,images,government_urban
DC_22_10_RGB.h5,data\GAMUS\images\train\DC_22_10_RGB.h5,GAMUS,DC,22_10,train,images,government_urban
DC_22_11_RGB.h5,data\GAMUS\images\train\DC_22_11_RGB.h5,GAMUS,DC,22_11,train,images,government_urban
DC_22_12_RGB.h5,data\GAMUS\images\train\DC_22_12_RGB.h5,GAMUS,DC,22_12,train,images,government_urban
DC_22_13_RGB.h5,data\GAMUS\images\train\DC_22_13_RGB.h5,GAMUS,DC,22_13,train,images,government_urban
DC_22_15_RGB.h5,data\GAMUS\images\train\DC_22_15_RGB.h5,GAMUS,DC,22_15,train,images,government_urban
DC_22_16_RGB.h5,data\GAMUS\images\train\DC_22_16_RGB.h5,GAMUS,DC,22_16,train,images,government_urban
DC_22_19_RGB.h5,data\GAMUS\images\train\DC_22_19_RGB.h5,GAMUS,DC,22_19,train,images,government_urban
DC_22_22_RGB.h5,data\GAMUS\images\train\DC_22_22_RGB.h5,GAMUS,DC,22_22,train,images,government_urban
DC_22_23_RGB.h5,data\GAMUS\images\train\DC_22_23_RGB.h5,GAMUS,DC,22_23,train,images,government_urban
DC_22_27_RGB.h5,data\GAMUS\images\train\DC_22_27_RGB.h5,GAMUS,DC,22_27,train,images,government_urban
DC_22_28_RGB.h5,data\GAMUS\images\train\DC_22_28_RGB.h5,GAMUS,DC,22_28,train,images,government_urban
DC_22_30_RGB.h5,data\GAMUS\images\train\DC_22_30_RGB.h5,GAMUS,DC,22_30,train,images,government_urban
DC_22_31_RGB.h5,data\GAMUS\images\train\DC_22_31_RGB.h5,GAMUS,DC,22_31,train,images,government_urban
DC_22_33_RGB.h5,data\GAMUS\images\train\DC_22_33_RGB.h5,GAMUS,DC,22_33,train,images,government_urban
DC_22_34_RGB.h5,data\GAMUS\images\train\DC_22_34_RGB.h5,GAMUS,DC,22_34,train,images,government_urban
DC_22_35_RGB.h5,data\GAMUS\images\train\DC_22_35_RGB.h5,GAMUS,DC,22_35,train,images,government_urban
DC_22_36_RGB.h5,data\GAMUS\images\train\DC_22_36_RGB.h5,GAMUS,DC,22_36,train,images,government_urban
DC_22_37_RGB.h5,data\GAMUS\images\train\DC_22_37_RGB.h5,GAMUS,DC,22_37,train,images,government_urban
DC_22_39_RGB.h5,data\GAMUS\images\train\DC_22_39_RGB.h5,GAMUS,DC,22_39,train,images,government_urban
DC_22_40_RGB.h5,data\GAMUS\images\train\DC_22_40_RGB.h5,GAMUS,DC,22_40,train,images,government_urban
DC_22_41_RGB.h5,data\GAMUS\images\train\DC_22_41_RGB.h5,GAMUS,DC,22_41,train,images,government_urban
DC_22_43_RGB.h5,data\GAMUS\images\train\DC_22_43_RGB.h5,GAMUS,DC,22_43,train,images,government_urban
DC_22_44_RGB.h5,data\GAMUS\images\train\DC_22_44_RGB.h5,GAMUS,DC,22_44,train,images,government_urban
DC_22_46_RGB.h5,data\GAMUS\images\train\DC_22_46_RGB.h5,GAMUS,DC,22_46,train,images,government_urban
DC_23_03_RGB.h5,data\GAMUS\images\train\DC_23_03_RGB.h5,GAMUS,DC,23_03,train,images,government_urban
DC_23_07_RGB.h5,data\GAMUS\images\train\DC_23_07_RGB.h5,GAMUS,DC,23_07,train,images,government_urban
DC_23_08_RGB.h5,data\GAMUS\images\train\DC_23_08_RGB.h5,GAMUS,DC,23_08,train,images,government_urban
DC_23_10_RGB.h5,data\GAMUS\images\train\DC_23_10_RGB.h5,GAMUS,DC,23_10,train,images,government_urban
DC_23_11_RGB.h5,data\GAMUS\images\train\DC_23_11_RGB.h5,GAMUS,DC,23_11,train,images,government_urban
DC_23_12_RGB.h5,data\GAMUS\images\train\DC_23_12_RGB.h5,GAMUS,DC,23_12,train,images,government_urban
DC_23_13_RGB.h5,data\GAMUS\images\train\DC_23_13_RGB.h5,GAMUS,DC,23_13,train,images,government_urban
DC_23_15_RGB.h5,data\GAMUS\images\train\DC_23_15_RGB.h5,GAMUS,DC,23_15,train,images,government_urban
DC_23_16_RGB.h5,data\GAMUS\images\train\DC_23_16_RGB.h5,GAMUS,DC,23_16,train,images,government_urban
DC_23_17_RGB.h5,data\GAMUS\images\train\DC_23_17_RGB.h5,GAMUS,DC,23_17,train,images,government_urban
DC_23_18_RGB.h5,data\GAMUS\images\train\DC_23_18_RGB.h5,GAMUS,DC,23_18,train,images,government_urban
DC_23_19_RGB.h5,data\GAMUS\images\train\DC_23_19_RGB.h5,GAMUS,DC,23_19,train,images,government_urban
DC_23_20_RGB.h5,data\GAMUS\images\train\DC_23_20_RGB.h5,GAMUS,DC,23_20,train,images,government_urban
DC_23_22_RGB.h5,data\GAMUS\images\train\DC_23_22_RGB.h5,GAMUS,DC,23_22,train,images,government_urban
DC_23_23_RGB.h5,data\GAMUS\images\train\DC_23_23_RGB.h5,GAMUS,DC,23_23,train,images,government_urban
DC_23_28_RGB.h5,data\GAMUS\images\train\DC_23_28_RGB.h5,GAMUS,DC,23_28,train,images,government_urban
DC_23_29_RGB.h5,data\GAMUS\images\train\DC_23_29_RGB.h5,GAMUS,DC,23_29,train,images,government_urban
DC_23_30_RGB.h5,data\GAMUS\images\train\DC_23_30_RGB.h5,GAMUS,DC,23_30,train,images,government_urban
DC_23_32_RGB.h5,data\GAMUS\images\train\DC_23_32_RGB.h5,GAMUS,DC,23_32,train,images,government_urban
DC_23_33_RGB.h5,data\GAMUS\images\train\DC_23_33_RGB.h5,GAMUS,DC,23_33,train,images,government_urban
DC_23_34_RGB.h5,data\GAMUS\images\train\DC_23_34_RGB.h5,GAMUS,DC,23_34,train,images,government_urban
DC_23_35_RGB.h5,data\GAMUS\images\train\DC_23_35_RGB.h5,GAMUS,DC,23_35,train,images,government_urban
DC_23_36_RGB.h5,data\GAMUS\images\train\DC_23_36_RGB.h5,GAMUS,DC,23_36,train,images,government_urban
DC_23_37_RGB.h5,data\GAMUS\images\train\DC_23_37_RGB.h5,GAMUS,DC,23_37,train,images,government_urban
DC_23_38_RGB.h5,data\GAMUS\images\train\DC_23_38_RGB.h5,GAMUS,DC,23_38,train,images,government_urban
DC_23_39_RGB.h5,data\GAMUS\images\train\DC_23_39_RGB.h5,GAMUS,DC,23_39,train,images,government_urban
DC_23_40_RGB.h5,data\GAMUS\images\train\DC_23_40_RGB.h5,GAMUS,DC,23_40,train,images,government_urban
DC_23_41_RGB.h5,data\GAMUS\images\train\DC_23_41_RGB.h5,GAMUS,DC,23_41,train,images,government_urban
DC_23_42_RGB.h5,data\GAMUS\images\train\DC_23_42_RGB.h5,GAMUS,DC,23_42,train,images,government_urban
DC_23_43_RGB.h5,data\GAMUS\images\train\DC_23_43_RGB.h5,GAMUS,DC,23_43,train,images,government_urban
DC_23_44_RGB.h5,data\GAMUS\images\train\DC_23_44_RGB.h5,GAMUS,DC,23_44,train,images,government_urban
DC_23_46_RGB.h5,data\GAMUS\images\train\DC_23_46_RGB.h5,GAMUS,DC,23_46,train,images,government_urban
DC_23_47_RGB.h5,data\GAMUS\images\train\DC_23_47_RGB.h5,GAMUS,DC,23_47,train,images,government_urban
DC_24_03_RGB.h5,data\GAMUS\images\train\DC_24_03_RGB.h5,GAMUS,DC,24_03,train,images,government_urban
DC_24_04_RGB.h5,data\GAMUS\images\train\DC_24_04_RGB.h5,GAMUS,DC,24_04,train,images,government_urban
DC_24_05_RGB.h5,data\GAMUS\images\train\DC_24_05_RGB.h5,GAMUS,DC,24_05,train,images,government_urban
DC_24_06_RGB.h5,data\GAMUS\images\train\DC_24_06_RGB.h5,GAMUS,DC,24_06,train,images,government_urban
DC_24_08_RGB.h5,data\GAMUS\images\train\DC_24_08_RGB.h5,GAMUS,DC,24_08,train,images,government_urban
DC_24_10_RGB.h5,data\GAMUS\images\train\DC_24_10_RGB.h5,GAMUS,DC,24_10,train,images,government_urban
DC_24_11_RGB.h5,data\GAMUS\images\train\DC_24_11_RGB.h5,GAMUS,DC,24_11,train,images,government_urban
DC_24_12_RGB.h5,data\GAMUS\images\train\DC_24_12_RGB.h5,GAMUS,DC,24_12,train,images,government_urban
DC_24_13_RGB.h5,data\GAMUS\images\train\DC_24_13_RGB.h5,GAMUS,DC,24_13,train,images,government_urban
DC_24_15_RGB.h5,data\GAMUS\images\train\DC_24_15_RGB.h5,GAMUS,DC,24_15,train,images,government_urban
DC_24_17_RGB.h5,data\GAMUS\images\train\DC_24_17_RGB.h5,GAMUS,DC,24_17,train,images,government_urban
DC_24_18_RGB.h5,data\GAMUS\images\train\DC_24_18_RGB.h5,GAMUS,DC,24_18,train,images,government_urban
DC_24_20_RGB.h5,data\GAMUS\images\train\DC_24_20_RGB.h5,GAMUS,DC,24_20,train,images,government_urban
DC_24_21_RGB.h5,data\GAMUS\images\train\DC_24_21_RGB.h5,GAMUS,DC,24_21,train,images,government_urban
DC_24_24_RGB.h5,data\GAMUS\images\train\DC_24_24_RGB.h5,GAMUS,DC,24_24,train,images,government_urban
DC_24_27_RGB.h5,data\GAMUS\images\train\DC_24_27_RGB.h5,GAMUS,DC,24_27,train,images,government_urban
DC_24_28_RGB.h5,data\GAMUS\images\train\DC_24_28_RGB.h5,GAMUS,DC,24_28,train,images,government_urban
DC_24_30_RGB.h5,data\GAMUS\images\train\DC_24_30_RGB.h5,GAMUS,DC,24_30,train,images,government_urban
DC_24_31_RGB.h5,data\GAMUS\images\train\DC_24_31_RGB.h5,GAMUS,DC,24_31,train,images,government_urban
DC_24_32_RGB.h5,data\GAMUS\images\train\DC_24_32_RGB.h5,GAMUS,DC,24_32,train,images,government_urban
DC_24_36_RGB.h5,data\GAMUS\images\train\DC_24_36_RGB.h5,GAMUS,DC,24_36,train,images,government_urban
DC_24_37_RGB.h5,data\GAMUS\images\train\DC_24_37_RGB.h5,GAMUS,DC,24_37,train,images,government_urban
DC_24_38_RGB.h5,data\GAMUS\images\train\DC_24_38_RGB.h5,GAMUS,DC,24_38,train,images,government_urban
DC_24_39_RGB.h5,data\GAMUS\images\train\DC_24_39_RGB.h5,GAMUS,DC,24_39,train,images,government_urban
DC_24_40_RGB.h5,data\GAMUS\images\train\DC_24_40_RGB.h5,GAMUS,DC,24_40,train,images,government_urban
DC_24_41_RGB.h5,data\GAMUS\images\train\DC_24_41_RGB.h5,GAMUS,DC,24_41,train,images,government_urban
DC_24_42_RGB.h5,data\GAMUS\images\train\DC_24_42_RGB.h5,GAMUS,DC,24_42,train,images,government_urban
DC_24_43_RGB.h5,data\GAMUS\images\train\DC_24_43_RGB.h5,GAMUS,DC,24_43,train,images,government_urban
DC_24_44_RGB.h5,data\GAMUS\images\train\DC_24_44_RGB.h5,GAMUS,DC,24_44,train,images,government_urban
DC_24_45_RGB.h5,data\GAMUS\images\train\DC_24_45_RGB.h5,GAMUS,DC,24_45,train,images,government_urban
DC_24_46_RGB.h5,data\GAMUS\images\train\DC_24_46_RGB.h5,GAMUS,DC,24_46,train,images,government_urban
DC_24_48_RGB.h5,data\GAMUS\images\train\DC_24_48_RGB.h5,GAMUS,DC,24_48,train,images,government_urban
DC_25_03_RGB.h5,data\GAMUS\images\train\DC_25_03_RGB.h5,GAMUS,DC,25_03,train,images,government_urban
DC_25_04_RGB.h5,data\GAMUS\images\train\DC_25_04_RGB.h5,GAMUS,DC,25_04,train,images,government_urban
DC_25_06_RGB.h5,data\GAMUS\images\train\DC_25_06_RGB.h5,GAMUS,DC,25_06,train,images,government_urban
DC_25_08_RGB.h5,data\GAMUS\images\train\DC_25_08_RGB.h5,GAMUS,DC,25_08,train,images,government_urban
DC_25_10_RGB.h5,data\GAMUS\images\train\DC_25_10_RGB.h5,GAMUS,DC,25_10,train,images,government_urban
DC_25_11_RGB.h5,data\GAMUS\images\train\DC_25_11_RGB.h5,GAMUS,DC,25_11,train,images,government_urban
DC_25_12_RGB.h5,data\GAMUS\images\train\DC_25_12_RGB.h5,GAMUS,DC,25_12,train,images,government_urban
DC_25_13_RGB.h5,data\GAMUS\images\train\DC_25_13_RGB.h5,GAMUS,DC,25_13,train,images,government_urban
DC_25_14_RGB.h5,data\GAMUS\images\train\DC_25_14_RGB.h5,GAMUS,DC,25_14,train,images,government_urban
DC_25_16_RGB.h5,data\GAMUS\images\train\DC_25_16_RGB.h5,GAMUS,DC,25_16,train,images,government_urban
DC_25_17_RGB.h5,data\GAMUS\images\train\DC_25_17_RGB.h5,GAMUS,DC,25_17,train,images,government_urban
DC_25_18_RGB.h5,data\GAMUS\images\train\DC_25_18_RGB.h5,GAMUS,DC,25_18,train,images,government_urban
DC_25_19_RGB.h5,data\GAMUS\images\train\DC_25_19_RGB.h5,GAMUS,DC,25_19,train,images,government_urban
DC_25_20_RGB.h5,data\GAMUS\images\train\DC_25_20_RGB.h5,GAMUS,DC,25_20,train,images,government_urban
DC_25_21_RGB.h5,data\GAMUS\images\train\DC_25_21_RGB.h5,GAMUS,DC,25_21,train,images,government_urban
DC_25_26_RGB.h5,data\GAMUS\images\train\DC_25_26_RGB.h5,GAMUS,DC,25_26,train,images,government_urban
DC_25_29_RGB.h5,data\GAMUS\images\train\DC_25_29_RGB.h5,GAMUS,DC,25_29,train,images,government_urban
DC_25_30_RGB.h5,data\GAMUS\images\train\DC_25_30_RGB.h5,GAMUS,DC,25_30,train,images,government_urban
DC_25_31_RGB.h5,data\GAMUS\images\train\DC_25_31_RGB.h5,GAMUS,DC,25_31,train,images,government_urban
DC_25_32_RGB.h5,data\GAMUS\images\train\DC_25_32_RGB.h5,GAMUS,DC,25_32,train,images,government_urban
DC_25_34_RGB.h5,data\GAMUS\images\train\DC_25_34_RGB.h5,GAMUS,DC,25_34,train,images,government_urban
DC_25_37_RGB.h5,data\GAMUS\images\train\DC_25_37_RGB.h5,GAMUS,DC,25_37,train,images,government_urban
DC_25_39_RGB.h5,data\GAMUS\images\train\DC_25_39_RGB.h5,GAMUS,DC,25_39,train,images,government_urban
DC_25_40_RGB.h5,data\GAMUS\images\train\DC_25_40_RGB.h5,GAMUS,DC,25_40,train,images,government_urban
DC_25_41_RGB.h5,data\GAMUS\images\train\DC_25_41_RGB.h5,GAMUS,DC,25_41,train,images,government_urban
DC_25_44_RGB.h5,data\GAMUS\images\train\DC_25_44_RGB.h5,GAMUS,DC,25_44,train,images,government_urban
DC_25_45_RGB.h5,data\GAMUS\images\train\DC_25_45_RGB.h5,GAMUS,DC,25_45,train,images,government_urban
DC_25_47_RGB.h5,data\GAMUS\images\train\DC_25_47_RGB.h5,GAMUS,DC,25_47,train,images,government_urban
DC_25_48_RGB.h5,data\GAMUS\images\train\DC_25_48_RGB.h5,GAMUS,DC,25_48,train,images,government_urban
DC_25_49_RGB.h5,data\GAMUS\images\train\DC_25_49_RGB.h5,GAMUS,DC,25_49,train,images,government_urban
DC_26_03_RGB.h5,data\GAMUS\images\train\DC_26_03_RGB.h5,GAMUS,DC,26_03,train,images,government_urban
DC_26_04_RGB.h5,data\GAMUS\images\train\DC_26_04_RGB.h5,GAMUS,DC,26_04,train,images,government_urban
DC_26_06_RGB.h5,data\GAMUS\images\train\DC_26_06_RGB.h5,GAMUS,DC,26_06,train,images,government_urban
DC_26_07_RGB.h5,data\GAMUS\images\train\DC_26_07_RGB.h5,GAMUS,DC,26_07,train,images,government_urban
DC_26_09_RGB.h5,data\GAMUS\images\train\DC_26_09_RGB.h5,GAMUS,DC,26_09,train,images,government_urban
DC_26_10_RGB.h5,data\GAMUS\images\train\DC_26_10_RGB.h5,GAMUS,DC,26_10,train,images,government_urban
DC_26_11_RGB.h5,data\GAMUS\images\train\DC_26_11_RGB.h5,GAMUS,DC,26_11,train,images,government_urban
DC_26_12_RGB.h5,data\GAMUS\images\train\DC_26_12_RGB.h5,GAMUS,DC,26_12,train,images,government_urban
DC_26_14_RGB.h5,data\GAMUS\images\train\DC_26_14_RGB.h5,GAMUS,DC,26_14,train,images,government_urban
DC_26_15_RGB.h5,data\GAMUS\images\train\DC_26_15_RGB.h5,GAMUS,DC,26_15,train,images,government_urban
DC_26_16_RGB.h5,data\GAMUS\images\train\DC_26_16_RGB.h5,GAMUS,DC,26_16,train,images,government_urban
DC_26_17_RGB.h5,data\GAMUS\images\train\DC_26_17_RGB.h5,GAMUS,DC,26_17,train,images,government_urban
DC_26_18_RGB.h5,data\GAMUS\images\train\DC_26_18_RGB.h5,GAMUS,DC,26_18,train,images,government_urban
DC_26_19_RGB.h5,data\GAMUS\images\train\DC_26_19_RGB.h5,GAMUS,DC,26_19,train,images,government_urban
DC_26_22_RGB.h5,data\GAMUS\images\train\DC_26_22_RGB.h5,GAMUS,DC,26_22,train,images,government_urban
DC_26_23_RGB.h5,data\GAMUS\images\train\DC_26_23_RGB.h5,GAMUS,DC,26_23,train,images,government_urban
DC_26_24_RGB.h5,data\GAMUS\images\train\DC_26_24_RGB.h5,GAMUS,DC,26_24,train,images,government_urban
DC_26_25_RGB.h5,data\GAMUS\images\train\DC_26_25_RGB.h5,GAMUS,DC,26_25,train,images,government_urban
DC_26_27_RGB.h5,data\GAMUS\images\train\DC_26_27_RGB.h5,GAMUS,DC,26_27,train,images,government_urban
DC_26_28_RGB.h5,data\GAMUS\images\train\DC_26_28_RGB.h5,GAMUS,DC,26_28,train,images,government_urban
DC_26_29_RGB.h5,data\GAMUS\images\train\DC_26_29_RGB.h5,GAMUS,DC,26_29,train,images,government_urban
DC_26_30_RGB.h5,data\GAMUS\images\train\DC_26_30_RGB.h5,GAMUS,DC,26_30,train,images,government_urban
DC_26_31_RGB.h5,data\GAMUS\images\train\DC_26_31_RGB.h5,GAMUS,DC,26_31,train,images,government_urban
DC_26_32_RGB.h5,data\GAMUS\images\train\DC_26_32_RGB.h5,GAMUS,DC,26_32,train,images,government_urban
DC_26_33_RGB.h5,data\GAMUS\images\train\DC_26_33_RGB.h5,GAMUS,DC,26_33,train,images,government_urban
DC_26_34_RGB.h5,data\GAMUS\images\train\DC_26_34_RGB.h5,GAMUS,DC,26_34,train,images,government_urban
DC_26_37_RGB.h5,data\GAMUS\images\train\DC_26_37_RGB.h5,GAMUS,DC,26_37,train,images,government_urban
DC_26_38_RGB.h5,data\GAMUS\images\train\DC_26_38_RGB.h5,GAMUS,DC,26_38,train,images,government_urban
DC_26_40_RGB.h5,data\GAMUS\images\train\DC_26_40_RGB.h5,GAMUS,DC,26_40,train,images,government_urban
DC_26_41_RGB.h5,data\GAMUS\images\train\DC_26_41_RGB.h5,GAMUS,DC,26_41,train,images,government_urban
DC_26_42_RGB.h5,data\GAMUS\images\train\DC_26_42_RGB.h5,GAMUS,DC,26_42,train,images,government_urban
DC_26_43_RGB.h5,data\GAMUS\images\train\DC_26_43_RGB.h5,GAMUS,DC,26_43,train,images,government_urban
DC_26_44_RGB.h5,data\GAMUS\images\train\DC_26_44_RGB.h5,GAMUS,DC,26_44,train,images,government_urban
DC_26_46_RGB.h5,data\GAMUS\images\train\DC_26_46_RGB.h5,GAMUS,DC,26_46,train,images,government_urban
DC_26_48_RGB.h5,data\GAMUS\images\train\DC_26_48_RGB.h5,GAMUS,DC,26_48,train,images,government_urban
DC_26_49_RGB.h5,data\GAMUS\images\train\DC_26_49_RGB.h5,GAMUS,DC,26_49,train,images,government_urban
DC_26_50_RGB.h5,data\GAMUS\images\train\DC_26_50_RGB.h5,GAMUS,DC,26_50,train,images,government_urban
DC_27_05_RGB.h5,data\GAMUS\images\train\DC_27_05_RGB.h5,GAMUS,DC,27_05,train,images,government_urban
DC_27_06_RGB.h5,data\GAMUS\images\train\DC_27_06_RGB.h5,GAMUS,DC,27_06,train,images,government_urban
DC_27_07_RGB.h5,data\GAMUS\images\train\DC_27_07_RGB.h5,GAMUS,DC,27_07,train,images,government_urban
DC_27_09_RGB.h5,data\GAMUS\images\train\DC_27_09_RGB.h5,GAMUS,DC,27_09,train,images,government_urban
DC_27_11_RGB.h5,data\GAMUS\images\train\DC_27_11_RGB.h5,GAMUS,DC,27_11,train,images,government_urban
DC_27_12_RGB.h5,data\GAMUS\images\train\DC_27_12_RGB.h5,GAMUS,DC,27_12,train,images,government_urban
DC_27_14_RGB.h5,data\GAMUS\images\train\DC_27_14_RGB.h5,GAMUS,DC,27_14,train,images,government_urban
DC_27_18_RGB.h5,data\GAMUS\images\train\DC_27_18_RGB.h5,GAMUS,DC,27_18,train,images,government_urban
DC_27_19_RGB.h5,data\GAMUS\images\train\DC_27_19_RGB.h5,GAMUS,DC,27_19,train,images,government_urban
DC_27_22_RGB.h5,data\GAMUS\images\train\DC_27_22_RGB.h5,GAMUS,DC,27_22,train,images,government_urban
DC_27_23_RGB.h5,data\GAMUS\images\train\DC_27_23_RGB.h5,GAMUS,DC,27_23,train,images,government_urban
DC_27_24_RGB.h5,data\GAMUS\images\train\DC_27_24_RGB.h5,GAMUS,DC,27_24,train,images,government_urban
DC_27_26_RGB.h5,data\GAMUS\images\train\DC_27_26_RGB.h5,GAMUS,DC,27_26,train,images,government_urban
DC_27_27_RGB.h5,data\GAMUS\images\train\DC_27_27_RGB.h5,GAMUS,DC,27_27,train,images,government_urban
DC_27_28_RGB.h5,data\GAMUS\images\train\DC_27_28_RGB.h5,GAMUS,DC,27_28,train,images,government_urban
DC_27_29_RGB.h5,data\GAMUS\images\train\DC_27_29_RGB.h5,GAMUS,DC,27_29,train,images,government_urban
DC_27_33_RGB.h5,data\GAMUS\images\train\DC_27_33_RGB.h5,GAMUS,DC,27_33,train,images,government_urban
DC_27_34_RGB.h5,data\GAMUS\images\train\DC_27_34_RGB.h5,GAMUS,DC,27_34,train,images,government_urban
DC_27_35_RGB.h5,data\GAMUS\images\train\DC_27_35_RGB.h5,GAMUS,DC,27_35,train,images,government_urban
DC_27_36_RGB.h5,data\GAMUS\images\train\DC_27_36_RGB.h5,GAMUS,DC,27_36,train,images,government_urban
DC_27_38_RGB.h5,data\GAMUS\images\train\DC_27_38_RGB.h5,GAMUS,DC,27_38,train,images,government_urban
DC_27_39_RGB.h5,data\GAMUS\images\train\DC_27_39_RGB.h5,GAMUS,DC,27_39,train,images,government_urban
DC_27_40_RGB.h5,data\GAMUS\images\train\DC_27_40_RGB.h5,GAMUS,DC,27_40,train,images,government_urban
DC_27_42_RGB.h5,data\GAMUS\images\train\DC_27_42_RGB.h5,GAMUS,DC,27_42,train,images,government_urban
DC_27_43_RGB.h5,data\GAMUS\images\train\DC_27_43_RGB.h5,GAMUS,DC,27_43,train,images,government_urban
DC_27_44_RGB.h5,data\GAMUS\images\train\DC_27_44_RGB.h5,GAMUS,DC,27_44,train,images,government_urban
DC_27_45_RGB.h5,data\GAMUS\images\train\DC_27_45_RGB.h5,GAMUS,DC,27_45,train,images,government_urban
DC_27_46_RGB.h5,data\GAMUS\images\train\DC_27_46_RGB.h5,GAMUS,DC,27_46,train,images,government_urban
DC_27_50_RGB.h5,data\GAMUS\images\train\DC_27_50_RGB.h5,GAMUS,DC,27_50,train,images,government_urban
DC_27_51_RGB.h5,data\GAMUS\images\train\DC_27_51_RGB.h5,GAMUS,DC,27_51,train,images,government_urban
DC_28_02_RGB.h5,data\GAMUS\images\train\DC_28_02_RGB.h5,GAMUS,DC,28_02,train,images,government_urban
DC_28_05_RGB.h5,data\GAMUS\images\train\DC_28_05_RGB.h5,GAMUS,DC,28_05,train,images,government_urban
DC_28_08_RGB.h5,data\GAMUS\images\train\DC_28_08_RGB.h5,GAMUS,DC,28_08,train,images,government_urban
DC_28_09_RGB.h5,data\GAMUS\images\train\DC_28_09_RGB.h5,GAMUS,DC,28_09,train,images,government_urban
DC_28_11_RGB.h5,data\GAMUS\images\train\DC_28_11_RGB.h5,GAMUS,DC,28_11,train,images,government_urban
DC_28_13_RGB.h5,data\GAMUS\images\train\DC_28_13_RGB.h5,GAMUS,DC,28_13,train,images,government_urban
DC_28_14_RGB.h5,data\GAMUS\images\train\DC_28_14_RGB.h5,GAMUS,DC,28_14,train,images,government_urban
DC_28_15_RGB.h5,data\GAMUS\images\train\DC_28_15_RGB.h5,GAMUS,DC,28_15,train,images,government_urban
DC_28_17_RGB.h5,data\GAMUS\images\train\DC_28_17_RGB.h5,GAMUS,DC,28_17,train,images,government_urban
DC_28_20_RGB.h5,data\GAMUS\images\train\DC_28_20_RGB.h5,GAMUS,DC,28_20,train,images,government_urban
DC_28_22_RGB.h5,data\GAMUS\images\train\DC_28_22_RGB.h5,GAMUS,DC,28_22,train,images,government_urban
DC_28_26_RGB.h5,data\GAMUS\images\train\DC_28_26_RGB.h5,GAMUS,DC,28_26,train,images,government_urban
DC_28_29_RGB.h5,data\GAMUS\images\train\DC_28_29_RGB.h5,GAMUS,DC,28_29,train,images,government_urban
DC_28_33_RGB.h5,data\GAMUS\images\train\DC_28_33_RGB.h5,GAMUS,DC,28_33,train,images,government_urban
DC_28_34_RGB.h5,data\GAMUS\images\train\DC_28_34_RGB.h5,GAMUS,DC,28_34,train,images,government_urban
DC_28_37_RGB.h5,data\GAMUS\images\train\DC_28_37_RGB.h5,GAMUS,DC,28_37,train,images,government_urban
DC_28_38_RGB.h5,data\GAMUS\images\train\DC_28_38_RGB.h5,GAMUS,DC,28_38,train,images,government_urban
DC_28_39_RGB.h5,data\GAMUS\images\train\DC_28_39_RGB.h5,GAMUS,DC,28_39,train,images,government_urban
DC_28_41_RGB.h5,data\GAMUS\images\train\DC_28_41_RGB.h5,GAMUS,DC,28_41,train,images,government_urban
DC_28_42_RGB.h5,data\GAMUS\images\train\DC_28_42_RGB.h5,GAMUS,DC,28_42,train,images,government_urban
DC_28_43_RGB.h5,data\GAMUS\images\train\DC_28_43_RGB.h5,GAMUS,DC,28_43,train,images,government_urban
DC_28_44_RGB.h5,data\GAMUS\images\train\DC_28_44_RGB.h5,GAMUS,DC,28_44,train,images,government_urban
DC_28_45_RGB.h5,data\GAMUS\images\train\DC_28_45_RGB.h5,GAMUS,DC,28_45,train,images,government_urban
DC_28_46_RGB.h5,data\GAMUS\images\train\DC_28_46_RGB.h5,GAMUS,DC,28_46,train,images,government_urban
DC_28_48_RGB.h5,data\GAMUS\images\train\DC_28_48_RGB.h5,GAMUS,DC,28_48,train,images,government_urban
DC_28_49_RGB.h5,data\GAMUS\images\train\DC_28_49_RGB.h5,GAMUS,DC,28_49,train,images,government_urban
DC_28_51_RGB.h5,data\GAMUS\images\train\DC_28_51_RGB.h5,GAMUS,DC,28_51,train,images,government_urban
DC_28_52_RGB.h5,data\GAMUS\images\train\DC_28_52_RGB.h5,GAMUS,DC,28_52,train,images,government_urban
DC_29_03_RGB.h5,data\GAMUS\images\train\DC_29_03_RGB.h5,GAMUS,DC,29_03,train,images,government_urban
DC_29_04_RGB.h5,data\GAMUS\images\train\DC_29_04_RGB.h5,GAMUS,DC,29_04,train,images,government_urban
DC_29_05_RGB.h5,data\GAMUS\images\train\DC_29_05_RGB.h5,GAMUS,DC,29_05,train,images,government_urban
DC_29_08_RGB.h5,data\GAMUS\images\train\DC_29_08_RGB.h5,GAMUS,DC,29_08,train,images,government_urban
DC_29_09_RGB.h5,data\GAMUS\images\train\DC_29_09_RGB.h5,GAMUS,DC,29_09,train,images,government_urban
DC_29_11_RGB.h5,data\GAMUS\images\train\DC_29_11_RGB.h5,GAMUS,DC,29_11,train,images,government_urban
DC_29_12_RGB.h5,data\GAMUS\images\train\DC_29_12_RGB.h5,GAMUS,DC,29_12,train,images,government_urban
DC_29_13_RGB.h5,data\GAMUS\images\train\DC_29_13_RGB.h5,GAMUS,DC,29_13,train,images,government_urban
DC_29_14_RGB.h5,data\GAMUS\images\train\DC_29_14_RGB.h5,GAMUS,DC,29_14,train,images,government_urban
DC_29_16_RGB.h5,data\GAMUS\images\train\DC_29_16_RGB.h5,GAMUS,DC,29_16,train,images,government_urban
DC_29_18_RGB.h5,data\GAMUS\images\train\DC_29_18_RGB.h5,GAMUS,DC,29_18,train,images,government_urban
DC_29_19_RGB.h5,data\GAMUS\images\train\DC_29_19_RGB.h5,GAMUS,DC,29_19,train,images,government_urban
DC_29_20_RGB.h5,data\GAMUS\images\train\DC_29_20_RGB.h5,GAMUS,DC,29_20,train,images,government_urban
DC_29_21_RGB.h5,data\GAMUS\images\train\DC_29_21_RGB.h5,GAMUS,DC,29_21,train,images,government_urban
DC_29_22_RGB.h5,data\GAMUS\images\train\DC_29_22_RGB.h5,GAMUS,DC,29_22,train,images,government_urban
DC_29_24_RGB.h5,data\GAMUS\images\train\DC_29_24_RGB.h5,GAMUS,DC,29_24,train,images,government_urban
DC_29_25_RGB.h5,data\GAMUS\images\train\DC_29_25_RGB.h5,GAMUS,DC,29_25,train,images,government_urban
DC_29_26_RGB.h5,data\GAMUS\images\train\DC_29_26_RGB.h5,GAMUS,DC,29_26,train,images,government_urban
DC_29_27_RGB.h5,data\GAMUS\images\train\DC_29_27_RGB.h5,GAMUS,DC,29_27,train,images,government_urban
DC_29_28_RGB.h5,data\GAMUS\images\train\DC_29_28_RGB.h5,GAMUS,DC,29_28,train,images,government_urban
DC_29_29_RGB.h5,data\GAMUS\images\train\DC_29_29_RGB.h5,GAMUS,DC,29_29,train,images,government_urban
DC_29_32_RGB.h5,data\GAMUS\images\train\DC_29_32_RGB.h5,GAMUS,DC,29_32,train,images,government_urban
DC_29_33_RGB.h5,data\GAMUS\images\train\DC_29_33_RGB.h5,GAMUS,DC,29_33,train,images,government_urban
DC_29_34_RGB.h5,data\GAMUS\images\train\DC_29_34_RGB.h5,GAMUS,DC,29_34,train,images,government_urban
DC_29_36_RGB.h5,data\GAMUS\images\train\DC_29_36_RGB.h5,GAMUS,DC,29_36,train,images,government_urban
DC_29_37_RGB.h5,data\GAMUS\images\train\DC_29_37_RGB.h5,GAMUS,DC,29_37,train,images,government_urban
DC_29_38_RGB.h5,data\GAMUS\images\train\DC_29_38_RGB.h5,GAMUS,DC,29_38,train,images,government_urban
DC_29_39_RGB.h5,data\GAMUS\images\train\DC_29_39_RGB.h5,GAMUS,DC,29_39,train,images,government_urban
DC_29_41_RGB.h5,data\GAMUS\images\train\DC_29_41_RGB.h5,GAMUS,DC,29_41,train,images,government_urban
DC_29_42_RGB.h5,data\GAMUS\images\train\DC_29_42_RGB.h5,GAMUS,DC,29_42,train,images,government_urban
DC_29_43_RGB.h5,data\GAMUS\images\train\DC_29_43_RGB.h5,GAMUS,DC,29_43,train,images,government_urban
DC_29_44_RGB.h5,data\GAMUS\images\train\DC_29_44_RGB.h5,GAMUS,DC,29_44,train,images,government_urban
DC_29_45_RGB.h5,data\GAMUS\images\train\DC_29_45_RGB.h5,GAMUS,DC,29_45,train,images,government_urban
DC_29_46_RGB.h5,data\GAMUS\images\train\DC_29_46_RGB.h5,GAMUS,DC,29_46,train,images,government_urban
DC_29_47_RGB.h5,data\GAMUS\images\train\DC_29_47_RGB.h5,GAMUS,DC,29_47,train,images,government_urban
DC_29_49_RGB.h5,data\GAMUS\images\train\DC_29_49_RGB.h5,GAMUS,DC,29_49,train,images,government_urban
DC_29_50_RGB.h5,data\GAMUS\images\train\DC_29_50_RGB.h5,GAMUS,DC,29_50,train,images,government_urban
DC_29_51_RGB.h5,data\GAMUS\images\train\DC_29_51_RGB.h5,GAMUS,DC,29_51,train,images,government_urban
DC_29_52_RGB.h5,data\GAMUS\images\train\DC_29_52_RGB.h5,GAMUS,DC,29_52,train,images,government_urban
DC_30_02_RGB.h5,data\GAMUS\images\train\DC_30_02_RGB.h5,GAMUS,DC,30_02,train,images,government_urban
DC_30_03_RGB.h5,data\GAMUS\images\train\DC_30_03_RGB.h5,GAMUS,DC,30_03,train,images,government_urban
DC_30_05_RGB.h5,data\GAMUS\images\train\DC_30_05_RGB.h5,GAMUS,DC,30_05,train,images,government_urban
DC_30_06_RGB.h5,data\GAMUS\images\train\DC_30_06_RGB.h5,GAMUS,DC,30_06,train,images,government_urban
DC_30_07_RGB.h5,data\GAMUS\images\train\DC_30_07_RGB.h5,GAMUS,DC,30_07,train,images,government_urban
DC_30_08_RGB.h5,data\GAMUS\images\train\DC_30_08_RGB.h5,GAMUS,DC,30_08,train,images,government_urban
DC_30_09_RGB.h5,data\GAMUS\images\train\DC_30_09_RGB.h5,GAMUS,DC,30_09,train,images,government_urban
DC_30_10_RGB.h5,data\GAMUS\images\train\DC_30_10_RGB.h5,GAMUS,DC,30_10,train,images,government_urban
DC_30_11_RGB.h5,data\GAMUS\images\train\DC_30_11_RGB.h5,GAMUS,DC,30_11,train,images,government_urban
DC_30_12_RGB.h5,data\GAMUS\images\train\DC_30_12_RGB.h5,GAMUS,DC,30_12,train,images,government_urban
DC_30_14_RGB.h5,data\GAMUS\images\train\DC_30_14_RGB.h5,GAMUS,DC,30_14,train,images,government_urban
DC_30_17_RGB.h5,data\GAMUS\images\train\DC_30_17_RGB.h5,GAMUS,DC,30_17,train,images,government_urban
DC_30_19_RGB.h5,data\GAMUS\images\train\DC_30_19_RGB.h5,GAMUS,DC,30_19,train,images,government_urban
DC_30_20_RGB.h5,data\GAMUS\images\train\DC_30_20_RGB.h5,GAMUS,DC,30_20,train,images,government_urban
DC_30_21_RGB.h5,data\GAMUS\images\train\DC_30_21_RGB.h5,GAMUS,DC,30_21,train,images,government_urban
DC_30_22_RGB.h5,data\GAMUS\images\train\DC_30_22_RGB.h5,GAMUS,DC,30_22,train,images,government_urban
DC_30_24_RGB.h5,data\GAMUS\images\train\DC_30_24_RGB.h5,GAMUS,DC,30_24,train,images,government_urban
DC_30_26_RGB.h5,data\GAMUS\images\train\DC_30_26_RGB.h5,GAMUS,DC,30_26,train,images,government_urban
DC_30_28_RGB.h5,data\GAMUS\images\train\DC_30_28_RGB.h5,GAMUS,DC,30_28,train,images,government_urban
DC_30_29_RGB.h5,data\GAMUS\images\train\DC_30_29_RGB.h5,GAMUS,DC,30_29,train,images,government_urban
DC_30_31_RGB.h5,data\GAMUS\images\train\DC_30_31_RGB.h5,GAMUS,DC,30_31,train,images,government_urban
DC_30_33_RGB.h5,data\GAMUS\images\train\DC_30_33_RGB.h5,GAMUS,DC,30_33,train,images,government_urban
DC_30_35_RGB.h5,data\GAMUS\images\train\DC_30_35_RGB.h5,GAMUS,DC,30_35,train,images,government_urban
DC_30_36_RGB.h5,data\GAMUS\images\train\DC_30_36_RGB.h5,GAMUS,DC,30_36,train,images,government_urban
DC_30_39_RGB.h5,data\GAMUS\images\train\DC_30_39_RGB.h5,GAMUS,DC,30_39,train,images,government_urban
DC_30_41_RGB.h5,data\GAMUS\images\train\DC_30_41_RGB.h5,GAMUS,DC,30_41,train,images,government_urban
DC_30_42_RGB.h5,data\GAMUS\images\train\DC_30_42_RGB.h5,GAMUS,DC,30_42,train,images,government_urban
DC_30_43_RGB.h5,data\GAMUS\images\train\DC_30_43_RGB.h5,GAMUS,DC,30_43,train,images,government_urban
DC_30_44_RGB.h5,data\GAMUS\images\train\DC_30_44_RGB.h5,GAMUS,DC,30_44,train,images,government_urban
DC_30_47_RGB.h5,data\GAMUS\images\train\DC_30_47_RGB.h5,GAMUS,DC,30_47,train,images,government_urban
DC_30_48_RGB.h5,data\GAMUS\images\train\DC_30_48_RGB.h5,GAMUS,DC,30_48,train,images,government_urban
DC_30_49_RGB.h5,data\GAMUS\images\train\DC_30_49_RGB.h5,GAMUS,DC,30_49,train,images,government_urban
DC_30_50_RGB.h5,data\GAMUS\images\train\DC_30_50_RGB.h5,GAMUS,DC,30_50,train,images,government_urban
DC_30_53_RGB.h5,data\GAMUS\images\train\DC_30_53_RGB.h5,GAMUS,DC,30_53,train,images,government_urban
DC_30_54_RGB.h5,data\GAMUS\images\train\DC_30_54_RGB.h5,GAMUS,DC,30_54,train,images,government_urban
DC_31_04_RGB.h5,data\GAMUS\images\train\DC_31_04_RGB.h5,GAMUS,DC,31_04,train,images,government_urban
DC_31_05_RGB.h5,data\GAMUS\images\train\DC_31_05_RGB.h5,GAMUS,DC,31_05,train,images,government_urban
DC_31_06_RGB.h5,data\GAMUS\images\train\DC_31_06_RGB.h5,GAMUS,DC,31_06,train,images,government_urban
DC_31_08_RGB.h5,data\GAMUS\images\train\DC_31_08_RGB.h5,GAMUS,DC,31_08,train,images,government_urban
DC_31_09_RGB.h5,data\GAMUS\images\train\DC_31_09_RGB.h5,GAMUS,DC,31_09,train,images,government_urban
DC_31_11_RGB.h5,data\GAMUS\images\train\DC_31_11_RGB.h5,GAMUS,DC,31_11,train,images,government_urban
DC_31_12_RGB.h5,data\GAMUS\images\train\DC_31_12_RGB.h5,GAMUS,DC,31_12,train,images,government_urban
DC_31_13_RGB.h5,data\GAMUS\images\train\DC_31_13_RGB.h5,GAMUS,DC,31_13,train,images,government_urban
DC_31_14_RGB.h5,data\GAMUS\images\train\DC_31_14_RGB.h5,GAMUS,DC,31_14,train,images,government_urban
DC_31_16_RGB.h5,data\GAMUS\images\train\DC_31_16_RGB.h5,GAMUS,DC,31_16,train,images,government_urban
DC_31_17_RGB.h5,data\GAMUS\images\train\DC_31_17_RGB.h5,GAMUS,DC,31_17,train,images,government_urban
DC_31_18_RGB.h5,data\GAMUS\images\train\DC_31_18_RGB.h5,GAMUS,DC,31_18,train,images,government_urban
DC_31_19_RGB.h5,data\GAMUS\images\train\DC_31_19_RGB.h5,GAMUS,DC,31_19,train,images,government_urban
DC_31_22_RGB.h5,data\GAMUS\images\train\DC_31_22_RGB.h5,GAMUS,DC,31_22,train,images,government_urban
DC_31_23_RGB.h5,data\GAMUS\images\train\DC_31_23_RGB.h5,GAMUS,DC,31_23,train,images,government_urban
DC_31_24_RGB.h5,data\GAMUS\images\train\DC_31_24_RGB.h5,GAMUS,DC,31_24,train,images,government_urban
DC_31_25_RGB.h5,data\GAMUS\images\train\DC_31_25_RGB.h5,GAMUS,DC,31_25,train,images,government_urban
DC_31_26_RGB.h5,data\GAMUS\images\train\DC_31_26_RGB.h5,GAMUS,DC,31_26,train,images,government_urban
DC_31_27_RGB.h5,data\GAMUS\images\train\DC_31_27_RGB.h5,GAMUS,DC,31_27,train,images,government_urban
DC_31_28_RGB.h5,data\GAMUS\images\train\DC_31_28_RGB.h5,GAMUS,DC,31_28,train,images,government_urban
DC_31_29_RGB.h5,data\GAMUS\images\train\DC_31_29_RGB.h5,GAMUS,DC,31_29,train,images,government_urban
DC_31_31_RGB.h5,data\GAMUS\images\train\DC_31_31_RGB.h5,GAMUS,DC,31_31,train,images,government_urban
DC_31_32_RGB.h5,data\GAMUS\images\train\DC_31_32_RGB.h5,GAMUS,DC,31_32,train,images,government_urban
DC_31_33_RGB.h5,data\GAMUS\images\train\DC_31_33_RGB.h5,GAMUS,DC,31_33,train,images,government_urban
DC_31_35_RGB.h5,data\GAMUS\images\train\DC_31_35_RGB.h5,GAMUS,DC,31_35,train,images,government_urban
DC_31_36_RGB.h5,data\GAMUS\images\train\DC_31_36_RGB.h5,GAMUS,DC,31_36,train,images,government_urban
DC_31_37_RGB.h5,data\GAMUS\images\train\DC_31_37_RGB.h5,GAMUS,DC,31_37,train,images,government_urban
DC_31_38_RGB.h5,data\GAMUS\images\train\DC_31_38_RGB.h5,GAMUS,DC,31_38,train,images,government_urban
DC_31_40_RGB.h5,data\GAMUS\images\train\DC_31_40_RGB.h5,GAMUS,DC,31_40,train,images,government_urban
DC_31_41_RGB.h5,data\GAMUS\images\train\DC_31_41_RGB.h5,GAMUS,DC,31_41,train,images,government_urban
DC_31_44_RGB.h5,data\GAMUS\images\train\DC_31_44_RGB.h5,GAMUS,DC,31_44,train,images,government_urban
DC_31_45_RGB.h5,data\GAMUS\images\train\DC_31_45_RGB.h5,GAMUS,DC,31_45,train,images,government_urban
DC_31_46_RGB.h5,data\GAMUS\images\train\DC_31_46_RGB.h5,GAMUS,DC,31_46,train,images,government_urban
DC_31_47_RGB.h5,data\GAMUS\images\train\DC_31_47_RGB.h5,GAMUS,DC,31_47,train,images,government_urban
DC_31_48_RGB.h5,data\GAMUS\images\train\DC_31_48_RGB.h5,GAMUS,DC,31_48,train,images,government_urban
DC_31_49_RGB.h5,data\GAMUS\images\train\DC_31_49_RGB.h5,GAMUS,DC,31_49,train,images,government_urban
DC_31_50_RGB.h5,data\GAMUS\images\train\DC_31_50_RGB.h5,GAMUS,DC,31_50,train,images,government_urban
DC_31_52_RGB.h5,data\GAMUS\images\train\DC_31_52_RGB.h5,GAMUS,DC,31_52,train,images,government_urban
DC_31_53_RGB.h5,data\GAMUS\images\train\DC_31_53_RGB.h5,GAMUS,DC,31_53,train,images,government_urban
DC_31_54_RGB.h5,data\GAMUS\images\train\DC_31_54_RGB.h5,GAMUS,DC,31_54,train,images,government_urban
DC_32_06_RGB.h5,data\GAMUS\images\train\DC_32_06_RGB.h5,GAMUS,DC,32_06,train,images,government_urban
DC_32_07_RGB.h5,data\GAMUS\images\train\DC_32_07_RGB.h5,GAMUS,DC,32_07,train,images,government_urban
DC_32_08_RGB.h5,data\GAMUS\images\train\DC_32_08_RGB.h5,GAMUS,DC,32_08,train,images,government_urban
DC_32_10_RGB.h5,data\GAMUS\images\train\DC_32_10_RGB.h5,GAMUS,DC,32_10,train,images,government_urban
DC_32_11_RGB.h5,data\GAMUS\images\train\DC_32_11_RGB.h5,GAMUS,DC,32_11,train,images,government_urban
DC_32_13_RGB.h5,data\GAMUS\images\train\DC_32_13_RGB.h5,GAMUS,DC,32_13,train,images,government_urban
DC_32_14_RGB.h5,data\GAMUS\images\train\DC_32_14_RGB.h5,GAMUS,DC,32_14,train,images,government_urban
DC_32_15_RGB.h5,data\GAMUS\images\train\DC_32_15_RGB.h5,GAMUS,DC,32_15,train,images,government_urban
DC_32_17_RGB.h5,data\GAMUS\images\train\DC_32_17_RGB.h5,GAMUS,DC,32_17,train,images,government_urban
DC_32_18_RGB.h5,data\GAMUS\images\train\DC_32_18_RGB.h5,GAMUS,DC,32_18,train,images,government_urban
DC_32_19_RGB.h5,data\GAMUS\images\train\DC_32_19_RGB.h5,GAMUS,DC,32_19,train,images,government_urban
DC_32_20_RGB.h5,data\GAMUS\images\train\DC_32_20_RGB.h5,GAMUS,DC,32_20,train,images,government_urban
DC_32_22_RGB.h5,data\GAMUS\images\train\DC_32_22_RGB.h5,GAMUS,DC,32_22,train,images,government_urban
DC_32_25_RGB.h5,data\GAMUS\images\train\DC_32_25_RGB.h5,GAMUS,DC,32_25,train,images,government_urban
DC_32_26_RGB.h5,data\GAMUS\images\train\DC_32_26_RGB.h5,GAMUS,DC,32_26,train,images,government_urban
DC_32_27_RGB.h5,data\GAMUS\images\train\DC_32_27_RGB.h5,GAMUS,DC,32_27,train,images,government_urban
DC_32_29_RGB.h5,data\GAMUS\images\train\DC_32_29_RGB.h5,GAMUS,DC,32_29,train,images,government_urban
DC_32_30_RGB.h5,data\GAMUS\images\train\DC_32_30_RGB.h5,GAMUS,DC,32_30,train,images,government_urban
DC_32_33_RGB.h5,data\GAMUS\images\train\DC_32_33_RGB.h5,GAMUS,DC,32_33,train,images,government_urban
DC_32_36_RGB.h5,data\GAMUS\images\train\DC_32_36_RGB.h5,GAMUS,DC,32_36,train,images,government_urban
DC_32_37_RGB.h5,data\GAMUS\images\train\DC_32_37_RGB.h5,GAMUS,DC,32_37,train,images,government_urban
DC_32_38_RGB.h5,data\GAMUS\images\train\DC_32_38_RGB.h5,GAMUS,DC,32_38,train,images,government_urban
DC_32_39_RGB.h5,data\GAMUS\images\train\DC_32_39_RGB.h5,GAMUS,DC,32_39,train,images,government_urban
DC_32_41_RGB.h5,data\GAMUS\images\train\DC_32_41_RGB.h5,GAMUS,DC,32_41,train,images,government_urban
DC_32_42_RGB.h5,data\GAMUS\images\train\DC_32_42_RGB.h5,GAMUS,DC,32_42,train,images,government_urban
DC_32_44_RGB.h5,data\GAMUS\images\train\DC_32_44_RGB.h5,GAMUS,DC,32_44,train,images,government_urban
DC_32_45_RGB.h5,data\GAMUS\images\train\DC_32_45_RGB.h5,GAMUS,DC,32_45,train,images,government_urban
DC_32_46_RGB.h5,data\GAMUS\images\train\DC_32_46_RGB.h5,GAMUS,DC,32_46,train,images,government_urban
DC_32_48_RGB.h5,data\GAMUS\images\train\DC_32_48_RGB.h5,GAMUS,DC,32_48,train,images,government_urban
DC_32_49_RGB.h5,data\GAMUS\images\train\DC_32_49_RGB.h5,GAMUS,DC,32_49,train,images,government_urban
DC_32_50_RGB.h5,data\GAMUS\images\train\DC_32_50_RGB.h5,GAMUS,DC,32_50,train,images,government_urban
DC_32_51_RGB.h5,data\GAMUS\images\train\DC_32_51_RGB.h5,GAMUS,DC,32_51,train,images,government_urban
DC_32_52_RGB.h5,data\GAMUS\images\train\DC_32_52_RGB.h5,GAMUS,DC,32_52,train,images,government_urban
DC_32_54_RGB.h5,data\GAMUS\images\train\DC_32_54_RGB.h5,GAMUS,DC,32_54,train,images,government_urban
DC_32_56_RGB.h5,data\GAMUS\images\train\DC_32_56_RGB.h5,GAMUS,DC,32_56,train,images,government_urban
DC_32_57_RGB.h5,data\GAMUS\images\train\DC_32_57_RGB.h5,GAMUS,DC,32_57,train,images,government_urban
DC_32_58_RGB.h5,data\GAMUS\images\train\DC_32_58_RGB.h5,GAMUS,DC,32_58,train,images,government_urban
DC_33_03_RGB.h5,data\GAMUS\images\train\DC_33_03_RGB.h5,GAMUS,DC,33_03,train,images,government_urban
DC_33_04_RGB.h5,data\GAMUS\images\train\DC_33_04_RGB.h5,GAMUS,DC,33_04,train,images,government_urban
DC_33_05_RGB.h5,data\GAMUS\images\train\DC_33_05_RGB.h5,GAMUS,DC,33_05,train,images,government_urban
DC_33_06_RGB.h5,data\GAMUS\images\train\DC_33_06_RGB.h5,GAMUS,DC,33_06,train,images,government_urban
DC_33_07_RGB.h5,data\GAMUS\images\train\DC_33_07_RGB.h5,GAMUS,DC,33_07,train,images,government_urban
DC_33_08_RGB.h5,data\GAMUS\images\train\DC_33_08_RGB.h5,GAMUS,DC,33_08,train,images,government_urban
DC_33_09_RGB.h5,data\GAMUS\images\train\DC_33_09_RGB.h5,GAMUS,DC,33_09,train,images,government_urban
DC_33_10_RGB.h5,data\GAMUS\images\train\DC_33_10_RGB.h5,GAMUS,DC,33_10,train,images,government_urban
DC_33_11_RGB.h5,data\GAMUS\images\train\DC_33_11_RGB.h5,GAMUS,DC,33_11,train,images,government_urban
DC_33_12_RGB.h5,data\GAMUS\images\train\DC_33_12_RGB.h5,GAMUS,DC,33_12,train,images,government_urban
DC_33_13_RGB.h5,data\GAMUS\images\train\DC_33_13_RGB.h5,GAMUS,DC,33_13,train,images,government_urban
DC_33_14_RGB.h5,data\GAMUS\images\train\DC_33_14_RGB.h5,GAMUS,DC,33_14,train,images,government_urban
DC_33_15_RGB.h5,data\GAMUS\images\train\DC_33_15_RGB.h5,GAMUS,DC,33_15,train,images,government_urban
DC_33_16_RGB.h5,data\GAMUS\images\train\DC_33_16_RGB.h5,GAMUS,DC,33_16,train,images,government_urban
DC_33_17_RGB.h5,data\GAMUS\images\train\DC_33_17_RGB.h5,GAMUS,DC,33_17,train,images,government_urban
DC_33_18_RGB.h5,data\GAMUS\images\train\DC_33_18_RGB.h5,GAMUS,DC,33_18,train,images,government_urban
DC_33_23_RGB.h5,data\GAMUS\images\train\DC_33_23_RGB.h5,GAMUS,DC,33_23,train,images,government_urban
DC_33_24_RGB.h5,data\GAMUS\images\train\DC_33_24_RGB.h5,GAMUS,DC,33_24,train,images,government_urban
DC_33_25_RGB.h5,data\GAMUS\images\train\DC_33_25_RGB.h5,GAMUS,DC,33_25,train,images,government_urban
DC_33_28_RGB.h5,data\GAMUS\images\train\DC_33_28_RGB.h5,GAMUS,DC,33_28,train,images,government_urban
DC_33_30_RGB.h5,data\GAMUS\images\train\DC_33_30_RGB.h5,GAMUS,DC,33_30,train,images,government_urban
DC_33_33_RGB.h5,data\GAMUS\images\train\DC_33_33_RGB.h5,GAMUS,DC,33_33,train,images,government_urban
DC_33_34_RGB.h5,data\GAMUS\images\train\DC_33_34_RGB.h5,GAMUS,DC,33_34,train,images,government_urban
DC_33_35_RGB.h5,data\GAMUS\images\train\DC_33_35_RGB.h5,GAMUS,DC,33_35,train,images,government_urban
DC_33_36_RGB.h5,data\GAMUS\images\train\DC_33_36_RGB.h5,GAMUS,DC,33_36,train,images,government_urban
DC_33_39_RGB.h5,data\GAMUS\images\train\DC_33_39_RGB.h5,GAMUS,DC,33_39,train,images,government_urban
DC_33_42_RGB.h5,data\GAMUS\images\train\DC_33_42_RGB.h5,GAMUS,DC,33_42,train,images,government_urban
DC_33_43_RGB.h5,data\GAMUS\images\train\DC_33_43_RGB.h5,GAMUS,DC,33_43,train,images,government_urban
DC_33_45_RGB.h5,data\GAMUS\images\train\DC_33_45_RGB.h5,GAMUS,DC,33_45,train,images,government_urban
DC_33_46_RGB.h5,data\GAMUS\images\train\DC_33_46_RGB.h5,GAMUS,DC,33_46,train,images,government_urban
DC_33_47_RGB.h5,data\GAMUS\images\train\DC_33_47_RGB.h5,GAMUS,DC,33_47,train,images,government_urban
DC_33_48_RGB.h5,data\GAMUS\images\train\DC_33_48_RGB.h5,GAMUS,DC,33_48,train,images,government_urban
DC_33_50_RGB.h5,data\GAMUS\images\train\DC_33_50_RGB.h5,GAMUS,DC,33_50,train,images,government_urban
DC_33_54_RGB.h5,data\GAMUS\images\train\DC_33_54_RGB.h5,GAMUS,DC,33_54,train,images,government_urban
DC_33_55_RGB.h5,data\GAMUS\images\train\DC_33_55_RGB.h5,GAMUS,DC,33_55,train,images,government_urban
DC_33_56_RGB.h5,data\GAMUS\images\train\DC_33_56_RGB.h5,GAMUS,DC,33_56,train,images,government_urban
DC_33_58_RGB.h5,data\GAMUS\images\train\DC_33_58_RGB.h5,GAMUS,DC,33_58,train,images,government_urban
DC_34_03_RGB.h5,data\GAMUS\images\train\DC_34_03_RGB.h5,GAMUS,DC,34_03,train,images,government_urban
DC_34_04_RGB.h5,data\GAMUS\images\train\DC_34_04_RGB.h5,GAMUS,DC,34_04,train,images,government_urban
DC_34_05_RGB.h5,data\GAMUS\images\train\DC_34_05_RGB.h5,GAMUS,DC,34_05,train,images,government_urban
DC_34_06_RGB.h5,data\GAMUS\images\train\DC_34_06_RGB.h5,GAMUS,DC,34_06,train,images,government_urban
DC_34_07_RGB.h5,data\GAMUS\images\train\DC_34_07_RGB.h5,GAMUS,DC,34_07,train,images,government_urban
DC_34_08_RGB.h5,data\GAMUS\images\train\DC_34_08_RGB.h5,GAMUS,DC,34_08,train,images,government_urban
DC_34_09_RGB.h5,data\GAMUS\images\train\DC_34_09_RGB.h5,GAMUS,DC,34_09,train,images,government_urban
DC_34_10_RGB.h5,data\GAMUS\images\train\DC_34_10_RGB.h5,GAMUS,DC,34_10,train,images,government_urban
DC_34_14_RGB.h5,data\GAMUS\images\train\DC_34_14_RGB.h5,GAMUS,DC,34_14,train,images,government_urban
DC_34_15_RGB.h5,data\GAMUS\images\train\DC_34_15_RGB.h5,GAMUS,DC,34_15,train,images,government_urban
DC_34_16_RGB.h5,data\GAMUS\images\train\DC_34_16_RGB.h5,GAMUS,DC,34_16,train,images,government_urban
DC_34_17_RGB.h5,data\GAMUS\images\train\DC_34_17_RGB.h5,GAMUS,DC,34_17,train,images,government_urban
DC_34_18_RGB.h5,data\GAMUS\images\train\DC_34_18_RGB.h5,GAMUS,DC,34_18,train,images,government_urban
DC_34_20_RGB.h5,data\GAMUS\images\train\DC_34_20_RGB.h5,GAMUS,DC,34_20,train,images,government_urban
DC_34_21_RGB.h5,data\GAMUS\images\train\DC_34_21_RGB.h5,GAMUS,DC,34_21,train,images,government_urban
DC_34_23_RGB.h5,data\GAMUS\images\train\DC_34_23_RGB.h5,GAMUS,DC,34_23,train,images,government_urban
DC_34_24_RGB.h5,data\GAMUS\images\train\DC_34_24_RGB.h5,GAMUS,DC,34_24,train,images,government_urban
DC_34_25_RGB.h5,data\GAMUS\images\train\DC_34_25_RGB.h5,GAMUS,DC,34_25,train,images,government_urban
DC_34_27_RGB.h5,data\GAMUS\images\train\DC_34_27_RGB.h5,GAMUS,DC,34_27,train,images,government_urban
DC_34_29_RGB.h5,data\GAMUS\images\train\DC_34_29_RGB.h5,GAMUS,DC,34_29,train,images,government_urban
DC_34_30_RGB.h5,data\GAMUS\images\train\DC_34_30_RGB.h5,GAMUS,DC,34_30,train,images,government_urban
DC_34_31_RGB.h5,data\GAMUS\images\train\DC_34_31_RGB.h5,GAMUS,DC,34_31,train,images,government_urban
DC_34_32_RGB.h5,data\GAMUS\images\train\DC_34_32_RGB.h5,GAMUS,DC,34_32,train,images,government_urban
DC_34_34_RGB.h5,data\GAMUS\images\train\DC_34_34_RGB.h5,GAMUS,DC,34_34,train,images,government_urban
DC_34_35_RGB.h5,data\GAMUS\images\train\DC_34_35_RGB.h5,GAMUS,DC,34_35,train,images,government_urban
DC_34_37_RGB.h5,data\GAMUS\images\train\DC_34_37_RGB.h5,GAMUS,DC,34_37,train,images,government_urban
DC_34_39_RGB.h5,data\GAMUS\images\train\DC_34_39_RGB.h5,GAMUS,DC,34_39,train,images,government_urban
DC_34_40_RGB.h5,data\GAMUS\images\train\DC_34_40_RGB.h5,GAMUS,DC,34_40,train,images,government_urban
DC_34_44_RGB.h5,data\GAMUS\images\train\DC_34_44_RGB.h5,GAMUS,DC,34_44,train,images,government_urban
DC_34_46_RGB.h5,data\GAMUS\images\train\DC_34_46_RGB.h5,GAMUS,DC,34_46,train,images,government_urban
DC_34_47_RGB.h5,data\GAMUS\images\train\DC_34_47_RGB.h5,GAMUS,DC,34_47,train,images,government_urban
DC_34_49_RGB.h5,data\GAMUS\images\train\DC_34_49_RGB.h5,GAMUS,DC,34_49,train,images,government_urban
DC_34_50_RGB.h5,data\GAMUS\images\train\DC_34_50_RGB.h5,GAMUS,DC,34_50,train,images,government_urban
DC_35_07_RGB.h5,data\GAMUS\images\train\DC_35_07_RGB.h5,GAMUS,DC,35_07,train,images,government_urban
DC_35_12_RGB.h5,data\GAMUS\images\train\DC_35_12_RGB.h5,GAMUS,DC,35_12,train,images,government_urban
DC_35_13_RGB.h5,data\GAMUS\images\train\DC_35_13_RGB.h5,GAMUS,DC,35_13,train,images,government_urban
DC_35_15_RGB.h5,data\GAMUS\images\train\DC_35_15_RGB.h5,GAMUS,DC,35_15,train,images,government_urban
DC_35_16_RGB.h5,data\GAMUS\images\train\DC_35_16_RGB.h5,GAMUS,DC,35_16,train,images,government_urban
DC_35_18_RGB.h5,data\GAMUS\images\train\DC_35_18_RGB.h5,GAMUS,DC,35_18,train,images,government_urban
DC_35_19_RGB.h5,data\GAMUS\images\train\DC_35_19_RGB.h5,GAMUS,DC,35_19,train,images,government_urban
DC_35_21_RGB.h5,data\GAMUS\images\train\DC_35_21_RGB.h5,GAMUS,DC,35_21,train,images,government_urban
DC_35_25_RGB.h5,data\GAMUS\images\train\DC_35_25_RGB.h5,GAMUS,DC,35_25,train,images,government_urban
DC_35_26_RGB.h5,data\GAMUS\images\train\DC_35_26_RGB.h5,GAMUS,DC,35_26,train,images,government_urban
DC_35_27_RGB.h5,data\GAMUS\images\train\DC_35_27_RGB.h5,GAMUS,DC,35_27,train,images,government_urban
DC_35_28_RGB.h5,data\GAMUS\images\train\DC_35_28_RGB.h5,GAMUS,DC,35_28,train,images,government_urban
DC_35_29_RGB.h5,data\GAMUS\images\train\DC_35_29_RGB.h5,GAMUS,DC,35_29,train,images,government_urban
DC_35_30_RGB.h5,data\GAMUS\images\train\DC_35_30_RGB.h5,GAMUS,DC,35_30,train,images,government_urban
DC_35_31_RGB.h5,data\GAMUS\images\train\DC_35_31_RGB.h5,GAMUS,DC,35_31,train,images,government_urban
DC_35_33_RGB.h5,data\GAMUS\images\train\DC_35_33_RGB.h5,GAMUS,DC,35_33,train,images,government_urban
DC_35_35_RGB.h5,data\GAMUS\images\train\DC_35_35_RGB.h5,GAMUS,DC,35_35,train,images,government_urban
DC_35_36_RGB.h5,data\GAMUS\images\train\DC_35_36_RGB.h5,GAMUS,DC,35_36,train,images,government_urban
DC_35_37_RGB.h5,data\GAMUS\images\train\DC_35_37_RGB.h5,GAMUS,DC,35_37,train,images,government_urban
DC_35_38_RGB.h5,data\GAMUS\images\train\DC_35_38_RGB.h5,GAMUS,DC,35_38,train,images,government_urban
DC_35_41_RGB.h5,data\GAMUS\images\train\DC_35_41_RGB.h5,GAMUS,DC,35_41,train,images,government_urban
DC_35_42_RGB.h5,data\GAMUS\images\train\DC_35_42_RGB.h5,GAMUS,DC,35_42,train,images,government_urban
DC_35_43_RGB.h5,data\GAMUS\images\train\DC_35_43_RGB.h5,GAMUS,DC,35_43,train,images,government_urban
DC_35_46_RGB.h5,data\GAMUS\images\train\DC_35_46_RGB.h5,GAMUS,DC,35_46,train,images,government_urban
DC_35_48_RGB.h5,data\GAMUS\images\train\DC_35_48_RGB.h5,GAMUS,DC,35_48,train,images,government_urban
DC_35_50_RGB.h5,data\GAMUS\images\train\DC_35_50_RGB.h5,GAMUS,DC,35_50,train,images,government_urban
DC_35_51_RGB.h5,data\GAMUS\images\train\DC_35_51_RGB.h5,GAMUS,DC,35_51,train,images,government_urban
DC_35_52_RGB.h5,data\GAMUS\images\train\DC_35_52_RGB.h5,GAMUS,DC,35_52,train,images,government_urban
DC_35_53_RGB.h5,data\GAMUS\images\train\DC_35_53_RGB.h5,GAMUS,DC,35_53,train,images,government_urban
DC_35_54_RGB.h5,data\GAMUS\images\train\DC_35_54_RGB.h5,GAMUS,DC,35_54,train,images,government_urban
DC_35_55_RGB.h5,data\GAMUS\images\train\DC_35_55_RGB.h5,GAMUS,DC,35_55,train,images,government_urban
DC_35_57_RGB.h5,data\GAMUS\images\train\DC_35_57_RGB.h5,GAMUS,DC,35_57,train,images,government_urban
DC_35_59_RGB.h5,data\GAMUS\images\train\DC_35_59_RGB.h5,GAMUS,DC,35_59,train,images,government_urban
DC_36_08_RGB.h5,data\GAMUS\images\train\DC_36_08_RGB.h5,GAMUS,DC,36_08,train,images,government_urban
DC_36_09_RGB.h5,data\GAMUS\images\train\DC_36_09_RGB.h5,GAMUS,DC,36_09,train,images,government_urban
DC_36_10_RGB.h5,data\GAMUS\images\train\DC_36_10_RGB.h5,GAMUS,DC,36_10,train,images,government_urban
DC_36_11_RGB.h5,data\GAMUS\images\train\DC_36_11_RGB.h5,GAMUS,DC,36_11,train,images,government_urban
DC_36_12_RGB.h5,data\GAMUS\images\train\DC_36_12_RGB.h5,GAMUS,DC,36_12,train,images,government_urban
DC_36_13_RGB.h5,data\GAMUS\images\train\DC_36_13_RGB.h5,GAMUS,DC,36_13,train,images,government_urban
DC_36_15_RGB.h5,data\GAMUS\images\train\DC_36_15_RGB.h5,GAMUS,DC,36_15,train,images,government_urban
DC_36_17_RGB.h5,data\GAMUS\images\train\DC_36_17_RGB.h5,GAMUS,DC,36_17,train,images,government_urban
DC_36_18_RGB.h5,data\GAMUS\images\train\DC_36_18_RGB.h5,GAMUS,DC,36_18,train,images,government_urban
DC_36_23_RGB.h5,data\GAMUS\images\train\DC_36_23_RGB.h5,GAMUS,DC,36_23,train,images,government_urban
DC_36_26_RGB.h5,data\GAMUS\images\train\DC_36_26_RGB.h5,GAMUS,DC,36_26,train,images,government_urban
DC_36_27_RGB.h5,data\GAMUS\images\train\DC_36_27_RGB.h5,GAMUS,DC,36_27,train,images,government_urban
DC_36_28_RGB.h5,data\GAMUS\images\train\DC_36_28_RGB.h5,GAMUS,DC,36_28,train,images,government_urban
DC_36_29_RGB.h5,data\GAMUS\images\train\DC_36_29_RGB.h5,GAMUS,DC,36_29,train,images,government_urban
DC_36_30_RGB.h5,data\GAMUS\images\train\DC_36_30_RGB.h5,GAMUS,DC,36_30,train,images,government_urban
DC_36_31_RGB.h5,data\GAMUS\images\train\DC_36_31_RGB.h5,GAMUS,DC,36_31,train,images,government_urban
DC_36_32_RGB.h5,data\GAMUS\images\train\DC_36_32_RGB.h5,GAMUS,DC,36_32,train,images,government_urban
DC_36_33_RGB.h5,data\GAMUS\images\train\DC_36_33_RGB.h5,GAMUS,DC,36_33,train,images,government_urban
DC_36_34_RGB.h5,data\GAMUS\images\train\DC_36_34_RGB.h5,GAMUS,DC,36_34,train,images,government_urban
DC_36_35_RGB.h5,data\GAMUS\images\train\DC_36_35_RGB.h5,GAMUS,DC,36_35,train,images,government_urban
DC_36_40_RGB.h5,data\GAMUS\images\train\DC_36_40_RGB.h5,GAMUS,DC,36_40,train,images,government_urban
DC_36_41_RGB.h5,data\GAMUS\images\train\DC_36_41_RGB.h5,GAMUS,DC,36_41,train,images,government_urban
DC_36_42_RGB.h5,data\GAMUS\images\train\DC_36_42_RGB.h5,GAMUS,DC,36_42,train,images,government_urban
DC_36_43_RGB.h5,data\GAMUS\images\train\DC_36_43_RGB.h5,GAMUS,DC,36_43,train,images,government_urban
DC_36_44_RGB.h5,data\GAMUS\images\train\DC_36_44_RGB.h5,GAMUS,DC,36_44,train,images,government_urban
DC_36_46_RGB.h5,data\GAMUS\images\train\DC_36_46_RGB.h5,GAMUS,DC,36_46,train,images,government_urban
DC_36_47_RGB.h5,data\GAMUS\images\train\DC_36_47_RGB.h5,GAMUS,DC,36_47,train,images,government_urban
DC_36_49_RGB.h5,data\GAMUS\images\train\DC_36_49_RGB.h5,GAMUS,DC,36_49,train,images,government_urban
DC_36_50_RGB.h5,data\GAMUS\images\train\DC_36_50_RGB.h5,GAMUS,DC,36_50,train,images,government_urban
DC_36_52_RGB.h5,data\GAMUS\images\train\DC_36_52_RGB.h5,GAMUS,DC,36_52,train,images,government_urban
DC_36_54_RGB.h5,data\GAMUS\images\train\DC_36_54_RGB.h5,GAMUS,DC,36_54,train,images,government_urban
DC_36_55_RGB.h5,data\GAMUS\images\train\DC_36_55_RGB.h5,GAMUS,DC,36_55,train,images,government_urban
DC_36_56_RGB.h5,data\GAMUS\images\train\DC_36_56_RGB.h5,GAMUS,DC,36_56,train,images,government_urban
DC_36_59_RGB.h5,data\GAMUS\images\train\DC_36_59_RGB.h5,GAMUS,DC,36_59,train,images,government_urban
DC_36_60_RGB.h5,data\GAMUS\images\train\DC_36_60_RGB.h5,GAMUS,DC,36_60,train,images,government_urban
DC_37_09_RGB.h5,data\GAMUS\images\train\DC_37_09_RGB.h5,GAMUS,DC,37_09,train,images,government_urban
DC_37_11_RGB.h5,data\GAMUS\images\train\DC_37_11_RGB.h5,GAMUS,DC,37_11,train,images,government_urban
DC_37_12_RGB.h5,data\GAMUS\images\train\DC_37_12_RGB.h5,GAMUS,DC,37_12,train,images,government_urban
DC_37_13_RGB.h5,data\GAMUS\images\train\DC_37_13_RGB.h5,GAMUS,DC,37_13,train,images,government_urban
DC_37_15_RGB.h5,data\GAMUS\images\train\DC_37_15_RGB.h5,GAMUS,DC,37_15,train,images,government_urban
DC_37_16_RGB.h5,data\GAMUS\images\train\DC_37_16_RGB.h5,GAMUS,DC,37_16,train,images,government_urban
DC_37_18_RGB.h5,data\GAMUS\images\train\DC_37_18_RGB.h5,GAMUS,DC,37_18,train,images,government_urban
DC_37_19_RGB.h5,data\GAMUS\images\train\DC_37_19_RGB.h5,GAMUS,DC,37_19,train,images,government_urban
DC_37_21_RGB.h5,data\GAMUS\images\train\DC_37_21_RGB.h5,GAMUS,DC,37_21,train,images,government_urban
DC_37_23_RGB.h5,data\GAMUS\images\train\DC_37_23_RGB.h5,GAMUS,DC,37_23,train,images,government_urban
DC_37_24_RGB.h5,data\GAMUS\images\train\DC_37_24_RGB.h5,GAMUS,DC,37_24,train,images,government_urban
DC_37_27_RGB.h5,data\GAMUS\images\train\DC_37_27_RGB.h5,GAMUS,DC,37_27,train,images,government_urban
DC_37_28_RGB.h5,data\GAMUS\images\train\DC_37_28_RGB.h5,GAMUS,DC,37_28,train,images,government_urban
DC_37_30_RGB.h5,data\GAMUS\images\train\DC_37_30_RGB.h5,GAMUS,DC,37_30,train,images,government_urban
DC_37_31_RGB.h5,data\GAMUS\images\train\DC_37_31_RGB.h5,GAMUS,DC,37_31,train,images,government_urban
DC_37_32_RGB.h5,data\GAMUS\images\train\DC_37_32_RGB.h5,GAMUS,DC,37_32,train,images,government_urban
DC_37_33_RGB.h5,data\GAMUS\images\train\DC_37_33_RGB.h5,GAMUS,DC,37_33,train,images,government_urban
DC_37_34_RGB.h5,data\GAMUS\images\train\DC_37_34_RGB.h5,GAMUS,DC,37_34,train,images,government_urban
DC_37_35_RGB.h5,data\GAMUS\images\train\DC_37_35_RGB.h5,GAMUS,DC,37_35,train,images,government_urban
DC_37_36_RGB.h5,data\GAMUS\images\train\DC_37_36_RGB.h5,GAMUS,DC,37_36,train,images,government_urban
DC_37_37_RGB.h5,data\GAMUS\images\train\DC_37_37_RGB.h5,GAMUS,DC,37_37,train,images,government_urban
DC_37_39_RGB.h5,data\GAMUS\images\train\DC_37_39_RGB.h5,GAMUS,DC,37_39,train,images,government_urban
DC_37_43_RGB.h5,data\GAMUS\images\train\DC_37_43_RGB.h5,GAMUS,DC,37_43,train,images,government_urban
DC_37_45_RGB.h5,data\GAMUS\images\train\DC_37_45_RGB.h5,GAMUS,DC,37_45,train,images,government_urban
DC_37_46_RGB.h5,data\GAMUS\images\train\DC_37_46_RGB.h5,GAMUS,DC,37_46,train,images,government_urban
DC_37_47_RGB.h5,data\GAMUS\images\train\DC_37_47_RGB.h5,GAMUS,DC,37_47,train,images,government_urban
DC_37_48_RGB.h5,data\GAMUS\images\train\DC_37_48_RGB.h5,GAMUS,DC,37_48,train,images,government_urban
DC_37_49_RGB.h5,data\GAMUS\images\train\DC_37_49_RGB.h5,GAMUS,DC,37_49,train,images,government_urban
DC_37_50_RGB.h5,data\GAMUS\images\train\DC_37_50_RGB.h5,GAMUS,DC,37_50,train,images,government_urban
DC_37_51_RGB.h5,data\GAMUS\images\train\DC_37_51_RGB.h5,GAMUS,DC,37_51,train,images,government_urban
DC_37_60_RGB.h5,data\GAMUS\images\train\DC_37_60_RGB.h5,GAMUS,DC,37_60,train,images,government_urban
DC_37_61_RGB.h5,data\GAMUS\images\train\DC_37_61_RGB.h5,GAMUS,DC,37_61,train,images,government_urban
DC_38_13_RGB.h5,data\GAMUS\images\train\DC_38_13_RGB.h5,GAMUS,DC,38_13,train,images,government_urban
DC_38_14_RGB.h5,data\GAMUS\images\train\DC_38_14_RGB.h5,GAMUS,DC,38_14,train,images,government_urban
DC_38_15_RGB.h5,data\GAMUS\images\train\DC_38_15_RGB.h5,GAMUS,DC,38_15,train,images,government_urban
DC_38_18_RGB.h5,data\GAMUS\images\train\DC_38_18_RGB.h5,GAMUS,DC,38_18,train,images,government_urban
DC_38_19_RGB.h5,data\GAMUS\images\train\DC_38_19_RGB.h5,GAMUS,DC,38_19,train,images,government_urban
DC_38_21_RGB.h5,data\GAMUS\images\train\DC_38_21_RGB.h5,GAMUS,DC,38_21,train,images,government_urban
DC_38_22_RGB.h5,data\GAMUS\images\train\DC_38_22_RGB.h5,GAMUS,DC,38_22,train,images,government_urban
DC_38_23_RGB.h5,data\GAMUS\images\train\DC_38_23_RGB.h5,GAMUS,DC,38_23,train,images,government_urban
DC_38_24_RGB.h5,data\GAMUS\images\train\DC_38_24_RGB.h5,GAMUS,DC,38_24,train,images,government_urban
DC_38_26_RGB.h5,data\GAMUS\images\train\DC_38_26_RGB.h5,GAMUS,DC,38_26,train,images,government_urban
DC_38_28_RGB.h5,data\GAMUS\images\train\DC_38_28_RGB.h5,GAMUS,DC,38_28,train,images,government_urban
DC_38_30_RGB.h5,data\GAMUS\images\train\DC_38_30_RGB.h5,GAMUS,DC,38_30,train,images,government_urban
DC_38_31_RGB.h5,data\GAMUS\images\train\DC_38_31_RGB.h5,GAMUS,DC,38_31,train,images,government_urban
DC_38_33_RGB.h5,data\GAMUS\images\train\DC_38_33_RGB.h5,GAMUS,DC,38_33,train,images,government_urban
DC_38_34_RGB.h5,data\GAMUS\images\train\DC_38_34_RGB.h5,GAMUS,DC,38_34,train,images,government_urban
DC_38_36_RGB.h5,data\GAMUS\images\train\DC_38_36_RGB.h5,GAMUS,DC,38_36,train,images,government_urban
DC_38_37_RGB.h5,data\GAMUS\images\train\DC_38_37_RGB.h5,GAMUS,DC,38_37,train,images,government_urban
DC_38_38_RGB.h5,data\GAMUS\images\train\DC_38_38_RGB.h5,GAMUS,DC,38_38,train,images,government_urban
DC_38_39_RGB.h5,data\GAMUS\images\train\DC_38_39_RGB.h5,GAMUS,DC,38_39,train,images,government_urban
DC_38_40_RGB.h5,data\GAMUS\images\train\DC_38_40_RGB.h5,GAMUS,DC,38_40,train,images,government_urban
DC_38_41_RGB.h5,data\GAMUS\images\train\DC_38_41_RGB.h5,GAMUS,DC,38_41,train,images,government_urban
DC_38_42_RGB.h5,data\GAMUS\images\train\DC_38_42_RGB.h5,GAMUS,DC,38_42,train,images,government_urban
DC_38_43_RGB.h5,data\GAMUS\images\train\DC_38_43_RGB.h5,GAMUS,DC,38_43,train,images,government_urban
DC_38_46_RGB.h5,data\GAMUS\images\train\DC_38_46_RGB.h5,GAMUS,DC,38_46,train,images,government_urban
DC_38_47_RGB.h5,data\GAMUS\images\train\DC_38_47_RGB.h5,GAMUS,DC,38_47,train,images,government_urban
DC_38_48_RGB.h5,data\GAMUS\images\train\DC_38_48_RGB.h5,GAMUS,DC,38_48,train,images,government_urban
DC_38_50_RGB.h5,data\GAMUS\images\train\DC_38_50_RGB.h5,GAMUS,DC,38_50,train,images,government_urban
DC_38_55_RGB.h5,data\GAMUS\images\train\DC_38_55_RGB.h5,GAMUS,DC,38_55,train,images,government_urban
DC_38_56_RGB.h5,data\GAMUS\images\train\DC_38_56_RGB.h5,GAMUS,DC,38_56,train,images,government_urban
DC_38_57_RGB.h5,data\GAMUS\images\train\DC_38_57_RGB.h5,GAMUS,DC,38_57,train,images,government_urban
DC_38_60_RGB.h5,data\GAMUS\images\train\DC_38_60_RGB.h5,GAMUS,DC,38_60,train,images,government_urban
DC_38_61_RGB.h5,data\GAMUS\images\train\DC_38_61_RGB.h5,GAMUS,DC,38_61,train,images,government_urban
DC_39_16_RGB.h5,data\GAMUS\images\train\DC_39_16_RGB.h5,GAMUS,DC,39_16,train,images,government_urban
DC_39_19_RGB.h5,data\GAMUS\images\train\DC_39_19_RGB.h5,GAMUS,DC,39_19,train,images,government_urban
DC_39_20_RGB.h5,data\GAMUS\images\train\DC_39_20_RGB.h5,GAMUS,DC,39_20,train,images,government_urban
DC_39_23_RGB.h5,data\GAMUS\images\train\DC_39_23_RGB.h5,GAMUS,DC,39_23,train,images,government_urban
DC_39_26_RGB.h5,data\GAMUS\images\train\DC_39_26_RGB.h5,GAMUS,DC,39_26,train,images,government_urban
DC_39_27_RGB.h5,data\GAMUS\images\train\DC_39_27_RGB.h5,GAMUS,DC,39_27,train,images,government_urban
DC_39_28_RGB.h5,data\GAMUS\images\train\DC_39_28_RGB.h5,GAMUS,DC,39_28,train,images,government_urban
DC_39_30_RGB.h5,data\GAMUS\images\train\DC_39_30_RGB.h5,GAMUS,DC,39_30,train,images,government_urban
DC_39_33_RGB.h5,data\GAMUS\images\train\DC_39_33_RGB.h5,GAMUS,DC,39_33,train,images,government_urban
DC_39_35_RGB.h5,data\GAMUS\images\train\DC_39_35_RGB.h5,GAMUS,DC,39_35,train,images,government_urban
DC_39_38_RGB.h5,data\GAMUS\images\train\DC_39_38_RGB.h5,GAMUS,DC,39_38,train,images,government_urban
DC_39_39_RGB.h5,data\GAMUS\images\train\DC_39_39_RGB.h5,GAMUS,DC,39_39,train,images,government_urban
DC_39_41_RGB.h5,data\GAMUS\images\train\DC_39_41_RGB.h5,GAMUS,DC,39_41,train,images,government_urban
DC_39_42_RGB.h5,data\GAMUS\images\train\DC_39_42_RGB.h5,GAMUS,DC,39_42,train,images,government_urban
DC_39_43_RGB.h5,data\GAMUS\images\train\DC_39_43_RGB.h5,GAMUS,DC,39_43,train,images,government_urban
DC_39_44_RGB.h5,data\GAMUS\images\train\DC_39_44_RGB.h5,GAMUS,DC,39_44,train,images,government_urban
DC_39_54_RGB.h5,data\GAMUS\images\train\DC_39_54_RGB.h5,GAMUS,DC,39_54,train,images,government_urban
DC_39_55_RGB.h5,data\GAMUS\images\train\DC_39_55_RGB.h5,GAMUS,DC,39_55,train,images,government_urban
DC_39_57_RGB.h5,data\GAMUS\images\train\DC_39_57_RGB.h5,GAMUS,DC,39_57,train,images,government_urban
DC_39_58_RGB.h5,data\GAMUS\images\train\DC_39_58_RGB.h5,GAMUS,DC,39_58,train,images,government_urban
DC_39_60_RGB.h5,data\GAMUS\images\train\DC_39_60_RGB.h5,GAMUS,DC,39_60,train,images,government_urban
DC_39_61_RGB.h5,data\GAMUS\images\train\DC_39_61_RGB.h5,GAMUS,DC,39_61,train,images,government_urban
DC_39_62_RGB.h5,data\GAMUS\images\train\DC_39_62_RGB.h5,GAMUS,DC,39_62,train,images,government_urban
DC_39_63_RGB.h5,data\GAMUS\images\train\DC_39_63_RGB.h5,GAMUS,DC,39_63,train,images,government_urban
DC_39_64_RGB.h5,data\GAMUS\images\train\DC_39_64_RGB.h5,GAMUS,DC,39_64,train,images,government_urban
DC_40_19_RGB.h5,data\GAMUS\images\train\DC_40_19_RGB.h5,GAMUS,DC,40_19,train,images,government_urban
DC_40_20_RGB.h5,data\GAMUS\images\train\DC_40_20_RGB.h5,GAMUS,DC,40_20,train,images,government_urban
DC_40_22_RGB.h5,data\GAMUS\images\train\DC_40_22_RGB.h5,GAMUS,DC,40_22,train,images,government_urban
DC_40_23_RGB.h5,data\GAMUS\images\train\DC_40_23_RGB.h5,GAMUS,DC,40_23,train,images,government_urban
DC_40_25_RGB.h5,data\GAMUS\images\train\DC_40_25_RGB.h5,GAMUS,DC,40_25,train,images,government_urban
DC_40_26_RGB.h5,data\GAMUS\images\train\DC_40_26_RGB.h5,GAMUS,DC,40_26,train,images,government_urban
DC_40_27_RGB.h5,data\GAMUS\images\train\DC_40_27_RGB.h5,GAMUS,DC,40_27,train,images,government_urban
DC_40_28_RGB.h5,data\GAMUS\images\train\DC_40_28_RGB.h5,GAMUS,DC,40_28,train,images,government_urban
DC_40_31_RGB.h5,data\GAMUS\images\train\DC_40_31_RGB.h5,GAMUS,DC,40_31,train,images,government_urban
DC_40_32_RGB.h5,data\GAMUS\images\train\DC_40_32_RGB.h5,GAMUS,DC,40_32,train,images,government_urban
DC_40_33_RGB.h5,data\GAMUS\images\train\DC_40_33_RGB.h5,GAMUS,DC,40_33,train,images,government_urban
DC_40_37_RGB.h5,data\GAMUS\images\train\DC_40_37_RGB.h5,GAMUS,DC,40_37,train,images,government_urban
DC_40_38_RGB.h5,data\GAMUS\images\train\DC_40_38_RGB.h5,GAMUS,DC,40_38,train,images,government_urban
DC_40_39_RGB.h5,data\GAMUS\images\train\DC_40_39_RGB.h5,GAMUS,DC,40_39,train,images,government_urban
DC_40_44_RGB.h5,data\GAMUS\images\train\DC_40_44_RGB.h5,GAMUS,DC,40_44,train,images,government_urban
DC_40_45_RGB.h5,data\GAMUS\images\train\DC_40_45_RGB.h5,GAMUS,DC,40_45,train,images,government_urban
DC_40_50_RGB.h5,data\GAMUS\images\train\DC_40_50_RGB.h5,GAMUS,DC,40_50,train,images,government_urban
DC_40_51_RGB.h5,data\GAMUS\images\train\DC_40_51_RGB.h5,GAMUS,DC,40_51,train,images,government_urban
DC_40_54_RGB.h5,data\GAMUS\images\train\DC_40_54_RGB.h5,GAMUS,DC,40_54,train,images,government_urban
DC_40_55_RGB.h5,data\GAMUS\images\train\DC_40_55_RGB.h5,GAMUS,DC,40_55,train,images,government_urban
DC_40_56_RGB.h5,data\GAMUS\images\train\DC_40_56_RGB.h5,GAMUS,DC,40_56,train,images,government_urban
DC_40_57_RGB.h5,data\GAMUS\images\train\DC_40_57_RGB.h5,GAMUS,DC,40_57,train,images,government_urban
DC_40_58_RGB.h5,data\GAMUS\images\train\DC_40_58_RGB.h5,GAMUS,DC,40_58,train,images,government_urban
DC_40_59_RGB.h5,data\GAMUS\images\train\DC_40_59_RGB.h5,GAMUS,DC,40_59,train,images,government_urban
DC_40_63_RGB.h5,data\GAMUS\images\train\DC_40_63_RGB.h5,GAMUS,DC,40_63,train,images,government_urban
DC_41_21_RGB.h5,data\GAMUS\images\train\DC_41_21_RGB.h5,GAMUS,DC,41_21,train,images,government_urban
DC_41_22_RGB.h5,data\GAMUS\images\train\DC_41_22_RGB.h5,GAMUS,DC,41_22,train,images,government_urban
DC_41_24_RGB.h5,data\GAMUS\images\train\DC_41_24_RGB.h5,GAMUS,DC,41_24,train,images,government_urban
DC_41_25_RGB.h5,data\GAMUS\images\train\DC_41_25_RGB.h5,GAMUS,DC,41_25,train,images,government_urban
DC_41_28_RGB.h5,data\GAMUS\images\train\DC_41_28_RGB.h5,GAMUS,DC,41_28,train,images,government_urban
DC_41_29_RGB.h5,data\GAMUS\images\train\DC_41_29_RGB.h5,GAMUS,DC,41_29,train,images,government_urban
DC_41_30_RGB.h5,data\GAMUS\images\train\DC_41_30_RGB.h5,GAMUS,DC,41_30,train,images,government_urban
DC_41_33_RGB.h5,data\GAMUS\images\train\DC_41_33_RGB.h5,GAMUS,DC,41_33,train,images,government_urban
DC_41_35_RGB.h5,data\GAMUS\images\train\DC_41_35_RGB.h5,GAMUS,DC,41_35,train,images,government_urban
DC_41_36_RGB.h5,data\GAMUS\images\train\DC_41_36_RGB.h5,GAMUS,DC,41_36,train,images,government_urban
DC_41_39_RGB.h5,data\GAMUS\images\train\DC_41_39_RGB.h5,GAMUS,DC,41_39,train,images,government_urban
DC_41_41_RGB.h5,data\GAMUS\images\train\DC_41_41_RGB.h5,GAMUS,DC,41_41,train,images,government_urban
DC_41_43_RGB.h5,data\GAMUS\images\train\DC_41_43_RGB.h5,GAMUS,DC,41_43,train,images,government_urban
DC_41_45_RGB.h5,data\GAMUS\images\train\DC_41_45_RGB.h5,GAMUS,DC,41_45,train,images,government_urban
DC_41_46_RGB.h5,data\GAMUS\images\train\DC_41_46_RGB.h5,GAMUS,DC,41_46,train,images,government_urban
DC_41_47_RGB.h5,data\GAMUS\images\train\DC_41_47_RGB.h5,GAMUS,DC,41_47,train,images,government_urban
DC_41_48_RGB.h5,data\GAMUS\images\train\DC_41_48_RGB.h5,GAMUS,DC,41_48,train,images,government_urban
DC_41_49_RGB.h5,data\GAMUS\images\train\DC_41_49_RGB.h5,GAMUS,DC,41_49,train,images,government_urban
DC_41_51_RGB.h5,data\GAMUS\images\train\DC_41_51_RGB.h5,GAMUS,DC,41_51,train,images,government_urban
DC_41_55_RGB.h5,data\GAMUS\images\train\DC_41_55_RGB.h5,GAMUS,DC,41_55,train,images,government_urban
DC_41_57_RGB.h5,data\GAMUS\images\train\DC_41_57_RGB.h5,GAMUS,DC,41_57,train,images,government_urban
DC_41_58_RGB.h5,data\GAMUS\images\train\DC_41_58_RGB.h5,GAMUS,DC,41_58,train,images,government_urban
DC_41_59_RGB.h5,data\GAMUS\images\train\DC_41_59_RGB.h5,GAMUS,DC,41_59,train,images,government_urban
DC_41_61_RGB.h5,data\GAMUS\images\train\DC_41_61_RGB.h5,GAMUS,DC,41_61,train,images,government_urban
DC_41_62_RGB.h5,data\GAMUS\images\train\DC_41_62_RGB.h5,GAMUS,DC,41_62,train,images,government_urban
DC_41_64_RGB.h5,data\GAMUS\images\train\DC_41_64_RGB.h5,GAMUS,DC,41_64,train,images,government_urban
DC_41_65_RGB.h5,data\GAMUS\images\train\DC_41_65_RGB.h5,GAMUS,DC,41_65,train,images,government_urban
DC_42_22_RGB.h5,data\GAMUS\images\train\DC_42_22_RGB.h5,GAMUS,DC,42_22,train,images,government_urban
DC_42_23_RGB.h5,data\GAMUS\images\train\DC_42_23_RGB.h5,GAMUS,DC,42_23,train,images,government_urban
DC_42_24_RGB.h5,data\GAMUS\images\train\DC_42_24_RGB.h5,GAMUS,DC,42_24,train,images,government_urban
DC_42_25_RGB.h5,data\GAMUS\images\train\DC_42_25_RGB.h5,GAMUS,DC,42_25,train,images,government_urban
DC_42_30_RGB.h5,data\GAMUS\images\train\DC_42_30_RGB.h5,GAMUS,DC,42_30,train,images,government_urban
DC_42_31_RGB.h5,data\GAMUS\images\train\DC_42_31_RGB.h5,GAMUS,DC,42_31,train,images,government_urban
DC_42_32_RGB.h5,data\GAMUS\images\train\DC_42_32_RGB.h5,GAMUS,DC,42_32,train,images,government_urban
DC_42_33_RGB.h5,data\GAMUS\images\train\DC_42_33_RGB.h5,GAMUS,DC,42_33,train,images,government_urban
DC_42_34_RGB.h5,data\GAMUS\images\train\DC_42_34_RGB.h5,GAMUS,DC,42_34,train,images,government_urban
DC_42_35_RGB.h5,data\GAMUS\images\train\DC_42_35_RGB.h5,GAMUS,DC,42_35,train,images,government_urban
DC_42_38_RGB.h5,data\GAMUS\images\train\DC_42_38_RGB.h5,GAMUS,DC,42_38,train,images,government_urban
DC_42_40_RGB.h5,data\GAMUS\images\train\DC_42_40_RGB.h5,GAMUS,DC,42_40,train,images,government_urban
DC_42_41_RGB.h5,data\GAMUS\images\train\DC_42_41_RGB.h5,GAMUS,DC,42_41,train,images,government_urban
DC_42_42_RGB.h5,data\GAMUS\images\train\DC_42_42_RGB.h5,GAMUS,DC,42_42,train,images,government_urban
DC_42_45_RGB.h5,data\GAMUS\images\train\DC_42_45_RGB.h5,GAMUS,DC,42_45,train,images,government_urban
DC_42_46_RGB.h5,data\GAMUS\images\train\DC_42_46_RGB.h5,GAMUS,DC,42_46,train,images,government_urban
DC_42_47_RGB.h5,data\GAMUS\images\train\DC_42_47_RGB.h5,GAMUS,DC,42_47,train,images,government_urban
DC_42_48_RGB.h5,data\GAMUS\images\train\DC_42_48_RGB.h5,GAMUS,DC,42_48,train,images,government_urban
DC_42_49_RGB.h5,data\GAMUS\images\train\DC_42_49_RGB.h5,GAMUS,DC,42_49,train,images,government_urban
DC_42_50_RGB.h5,data\GAMUS\images\train\DC_42_50_RGB.h5,GAMUS,DC,42_50,train,images,government_urban
DC_42_51_RGB.h5,data\GAMUS\images\train\DC_42_51_RGB.h5,GAMUS,DC,42_51,train,images,government_urban
DC_42_54_RGB.h5,data\GAMUS\images\train\DC_42_54_RGB.h5,GAMUS,DC,42_54,train,images,government_urban
DC_42_56_RGB.h5,data\GAMUS\images\train\DC_42_56_RGB.h5,GAMUS,DC,42_56,train,images,government_urban
DC_42_57_RGB.h5,data\GAMUS\images\train\DC_42_57_RGB.h5,GAMUS,DC,42_57,train,images,government_urban
DC_42_59_RGB.h5,data\GAMUS\images\train\DC_42_59_RGB.h5,GAMUS,DC,42_59,train,images,government_urban
DC_42_61_RGB.h5,data\GAMUS\images\train\DC_42_61_RGB.h5,GAMUS,DC,42_61,train,images,government_urban
DC_42_64_RGB.h5,data\GAMUS\images\train\DC_42_64_RGB.h5,GAMUS,DC,42_64,train,images,government_urban
DC_42_66_RGB.h5,data\GAMUS\images\train\DC_42_66_RGB.h5,GAMUS,DC,42_66,train,images,government_urban
DC_43_22_RGB.h5,data\GAMUS\images\train\DC_43_22_RGB.h5,GAMUS,DC,43_22,train,images,government_urban
DC_43_23_RGB.h5,data\GAMUS\images\train\DC_43_23_RGB.h5,GAMUS,DC,43_23,train,images,government_urban
DC_43_25_RGB.h5,data\GAMUS\images\train\DC_43_25_RGB.h5,GAMUS,DC,43_25,train,images,government_urban
DC_43_27_RGB.h5,data\GAMUS\images\train\DC_43_27_RGB.h5,GAMUS,DC,43_27,train,images,government_urban
DC_43_28_RGB.h5,data\GAMUS\images\train\DC_43_28_RGB.h5,GAMUS,DC,43_28,train,images,government_urban
DC_43_29_RGB.h5,data\GAMUS\images\train\DC_43_29_RGB.h5,GAMUS,DC,43_29,train,images,government_urban
DC_43_30_RGB.h5,data\GAMUS\images\train\DC_43_30_RGB.h5,GAMUS,DC,43_30,train,images,government_urban
DC_43_31_RGB.h5,data\GAMUS\images\train\DC_43_31_RGB.h5,GAMUS,DC,43_31,train,images,government_urban
DC_43_33_RGB.h5,data\GAMUS\images\train\DC_43_33_RGB.h5,GAMUS,DC,43_33,train,images,government_urban
DC_43_34_RGB.h5,data\GAMUS\images\train\DC_43_34_RGB.h5,GAMUS,DC,43_34,train,images,government_urban
DC_43_35_RGB.h5,data\GAMUS\images\train\DC_43_35_RGB.h5,GAMUS,DC,43_35,train,images,government_urban
DC_43_36_RGB.h5,data\GAMUS\images\train\DC_43_36_RGB.h5,GAMUS,DC,43_36,train,images,government_urban
DC_43_38_RGB.h5,data\GAMUS\images\train\DC_43_38_RGB.h5,GAMUS,DC,43_38,train,images,government_urban
DC_43_39_RGB.h5,data\GAMUS\images\train\DC_43_39_RGB.h5,GAMUS,DC,43_39,train,images,government_urban
DC_43_40_RGB.h5,data\GAMUS\images\train\DC_43_40_RGB.h5,GAMUS,DC,43_40,train,images,government_urban
DC_43_41_RGB.h5,data\GAMUS\images\train\DC_43_41_RGB.h5,GAMUS,DC,43_41,train,images,government_urban
DC_43_42_RGB.h5,data\GAMUS\images\train\DC_43_42_RGB.h5,GAMUS,DC,43_42,train,images,government_urban
DC_43_43_RGB.h5,data\GAMUS\images\train\DC_43_43_RGB.h5,GAMUS,DC,43_43,train,images,government_urban
DC_43_46_RGB.h5,data\GAMUS\images\train\DC_43_46_RGB.h5,GAMUS,DC,43_46,train,images,government_urban
DC_43_48_RGB.h5,data\GAMUS\images\train\DC_43_48_RGB.h5,GAMUS,DC,43_48,train,images,government_urban
DC_43_53_RGB.h5,data\GAMUS\images\train\DC_43_53_RGB.h5,GAMUS,DC,43_53,train,images,government_urban
DC_43_54_RGB.h5,data\GAMUS\images\train\DC_43_54_RGB.h5,GAMUS,DC,43_54,train,images,government_urban
DC_43_55_RGB.h5,data\GAMUS\images\train\DC_43_55_RGB.h5,GAMUS,DC,43_55,train,images,government_urban
DC_43_56_RGB.h5,data\GAMUS\images\train\DC_43_56_RGB.h5,GAMUS,DC,43_56,train,images,government_urban
DC_43_57_RGB.h5,data\GAMUS\images\train\DC_43_57_RGB.h5,GAMUS,DC,43_57,train,images,government_urban
DC_43_58_RGB.h5,data\GAMUS\images\train\DC_43_58_RGB.h5,GAMUS,DC,43_58,train,images,government_urban
DC_43_60_RGB.h5,data\GAMUS\images\train\DC_43_60_RGB.h5,GAMUS,DC,43_60,train,images,government_urban
DC_43_61_RGB.h5,data\GAMUS\images\train\DC_43_61_RGB.h5,GAMUS,DC,43_61,train,images,government_urban
DC_43_63_RGB.h5,data\GAMUS\images\train\DC_43_63_RGB.h5,GAMUS,DC,43_63,train,images,government_urban
DC_43_64_RGB.h5,data\GAMUS\images\train\DC_43_64_RGB.h5,GAMUS,DC,43_64,train,images,government_urban
DC_44_18_RGB.h5,data\GAMUS\images\train\DC_44_18_RGB.h5,GAMUS,DC,44_18,train,images,government_urban
DC_44_19_RGB.h5,data\GAMUS\images\train\DC_44_19_RGB.h5,GAMUS,DC,44_19,train,images,government_urban
DC_44_20_RGB.h5,data\GAMUS\images\train\DC_44_20_RGB.h5,GAMUS,DC,44_20,train,images,government_urban
DC_44_23_RGB.h5,data\GAMUS\images\train\DC_44_23_RGB.h5,GAMUS,DC,44_23,train,images,government_urban
DC_44_26_RGB.h5,data\GAMUS\images\train\DC_44_26_RGB.h5,GAMUS,DC,44_26,train,images,government_urban
DC_44_27_RGB.h5,data\GAMUS\images\train\DC_44_27_RGB.h5,GAMUS,DC,44_27,train,images,government_urban
DC_44_29_RGB.h5,data\GAMUS\images\train\DC_44_29_RGB.h5,GAMUS,DC,44_29,train,images,government_urban
DC_44_30_RGB.h5,data\GAMUS\images\train\DC_44_30_RGB.h5,GAMUS,DC,44_30,train,images,government_urban
DC_44_32_RGB.h5,data\GAMUS\images\train\DC_44_32_RGB.h5,GAMUS,DC,44_32,train,images,government_urban
DC_44_34_RGB.h5,data\GAMUS\images\train\DC_44_34_RGB.h5,GAMUS,DC,44_34,train,images,government_urban
DC_44_35_RGB.h5,data\GAMUS\images\train\DC_44_35_RGB.h5,GAMUS,DC,44_35,train,images,government_urban
DC_44_39_RGB.h5,data\GAMUS\images\train\DC_44_39_RGB.h5,GAMUS,DC,44_39,train,images,government_urban
DC_44_41_RGB.h5,data\GAMUS\images\train\DC_44_41_RGB.h5,GAMUS,DC,44_41,train,images,government_urban
DC_44_44_RGB.h5,data\GAMUS\images\train\DC_44_44_RGB.h5,GAMUS,DC,44_44,train,images,government_urban
DC_44_45_RGB.h5,data\GAMUS\images\train\DC_44_45_RGB.h5,GAMUS,DC,44_45,train,images,government_urban
DC_44_47_RGB.h5,data\GAMUS\images\train\DC_44_47_RGB.h5,GAMUS,DC,44_47,train,images,government_urban
DC_44_49_RGB.h5,data\GAMUS\images\train\DC_44_49_RGB.h5,GAMUS,DC,44_49,train,images,government_urban
DC_44_52_RGB.h5,data\GAMUS\images\train\DC_44_52_RGB.h5,GAMUS,DC,44_52,train,images,government_urban
DC_44_53_RGB.h5,data\GAMUS\images\train\DC_44_53_RGB.h5,GAMUS,DC,44_53,train,images,government_urban
DC_44_54_RGB.h5,data\GAMUS\images\train\DC_44_54_RGB.h5,GAMUS,DC,44_54,train,images,government_urban
DC_44_56_RGB.h5,data\GAMUS\images\train\DC_44_56_RGB.h5,GAMUS,DC,44_56,train,images,government_urban
DC_44_57_RGB.h5,data\GAMUS\images\train\DC_44_57_RGB.h5,GAMUS,DC,44_57,train,images,government_urban
DC_44_58_RGB.h5,data\GAMUS\images\train\DC_44_58_RGB.h5,GAMUS,DC,44_58,train,images,government_urban
DC_44_59_RGB.h5,data\GAMUS\images\train\DC_44_59_RGB.h5,GAMUS,DC,44_59,train,images,government_urban
DC_44_64_RGB.h5,data\GAMUS\images\train\DC_44_64_RGB.h5,GAMUS,DC,44_64,train,images,government_urban
DC_44_66_RGB.h5,data\GAMUS\images\train\DC_44_66_RGB.h5,GAMUS,DC,44_66,train,images,government_urban
DC_44_67_RGB.h5,data\GAMUS\images\train\DC_44_67_RGB.h5,GAMUS,DC,44_67,train,images,government_urban
DC_45_19_RGB.h5,data\GAMUS\images\train\DC_45_19_RGB.h5,GAMUS,DC,45_19,train,images,government_urban
DC_45_21_RGB.h5,data\GAMUS\images\train\DC_45_21_RGB.h5,GAMUS,DC,45_21,train,images,government_urban
DC_45_22_RGB.h5,data\GAMUS\images\train\DC_45_22_RGB.h5,GAMUS,DC,45_22,train,images,government_urban
DC_45_23_RGB.h5,data\GAMUS\images\train\DC_45_23_RGB.h5,GAMUS,DC,45_23,train,images,government_urban
DC_45_24_RGB.h5,data\GAMUS\images\train\DC_45_24_RGB.h5,GAMUS,DC,45_24,train,images,government_urban
DC_45_25_RGB.h5,data\GAMUS\images\train\DC_45_25_RGB.h5,GAMUS,DC,45_25,train,images,government_urban
DC_45_26_RGB.h5,data\GAMUS\images\train\DC_45_26_RGB.h5,GAMUS,DC,45_26,train,images,government_urban
DC_45_27_RGB.h5,data\GAMUS\images\train\DC_45_27_RGB.h5,GAMUS,DC,45_27,train,images,government_urban
DC_45_30_RGB.h5,data\GAMUS\images\train\DC_45_30_RGB.h5,GAMUS,DC,45_30,train,images,government_urban
DC_45_32_RGB.h5,data\GAMUS\images\train\DC_45_32_RGB.h5,GAMUS,DC,45_32,train,images,government_urban
DC_45_33_RGB.h5,data\GAMUS\images\train\DC_45_33_RGB.h5,GAMUS,DC,45_33,train,images,government_urban
DC_45_34_RGB.h5,data\GAMUS\images\train\DC_45_34_RGB.h5,GAMUS,DC,45_34,train,images,government_urban
DC_45_35_RGB.h5,data\GAMUS\images\train\DC_45_35_RGB.h5,GAMUS,DC,45_35,train,images,government_urban
DC_45_38_RGB.h5,data\GAMUS\images\train\DC_45_38_RGB.h5,GAMUS,DC,45_38,train,images,government_urban
DC_45_39_RGB.h5,data\GAMUS\images\train\DC_45_39_RGB.h5,GAMUS,DC,45_39,train,images,government_urban
DC_45_40_RGB.h5,data\GAMUS\images\train\DC_45_40_RGB.h5,GAMUS,DC,45_40,train,images,government_urban
DC_45_42_RGB.h5,data\GAMUS\images\train\DC_45_42_RGB.h5,GAMUS,DC,45_42,train,images,government_urban
DC_45_45_RGB.h5,data\GAMUS\images\train\DC_45_45_RGB.h5,GAMUS,DC,45_45,train,images,government_urban
DC_45_48_RGB.h5,data\GAMUS\images\train\DC_45_48_RGB.h5,GAMUS,DC,45_48,train,images,government_urban
DC_45_49_RGB.h5,data\GAMUS\images\train\DC_45_49_RGB.h5,GAMUS,DC,45_49,train,images,government_urban
DC_45_50_RGB.h5,data\GAMUS\images\train\DC_45_50_RGB.h5,GAMUS,DC,45_50,train,images,government_urban
DC_45_51_RGB.h5,data\GAMUS\images\train\DC_45_51_RGB.h5,GAMUS,DC,45_51,train,images,government_urban
DC_45_53_RGB.h5,data\GAMUS\images\train\DC_45_53_RGB.h5,GAMUS,DC,45_53,train,images,government_urban
DC_45_54_RGB.h5,data\GAMUS\images\train\DC_45_54_RGB.h5,GAMUS,DC,45_54,train,images,government_urban
DC_45_56_RGB.h5,data\GAMUS\images\train\DC_45_56_RGB.h5,GAMUS,DC,45_56,train,images,government_urban
DC_45_59_RGB.h5,data\GAMUS\images\train\DC_45_59_RGB.h5,GAMUS,DC,45_59,train,images,government_urban
DC_45_61_RGB.h5,data\GAMUS\images\train\DC_45_61_RGB.h5,GAMUS,DC,45_61,train,images,government_urban
DC_45_63_RGB.h5,data\GAMUS\images\train\DC_45_63_RGB.h5,GAMUS,DC,45_63,train,images,government_urban
DC_45_64_RGB.h5,data\GAMUS\images\train\DC_45_64_RGB.h5,GAMUS,DC,45_64,train,images,government_urban
DC_45_65_RGB.h5,data\GAMUS\images\train\DC_45_65_RGB.h5,GAMUS,DC,45_65,train,images,government_urban
DC_45_66_RGB.h5,data\GAMUS\images\train\DC_45_66_RGB.h5,GAMUS,DC,45_66,train,images,government_urban
DC_46_19_RGB.h5,data\GAMUS\images\train\DC_46_19_RGB.h5,GAMUS,DC,46_19,train,images,government_urban
DC_46_22_RGB.h5,data\GAMUS\images\train\DC_46_22_RGB.h5,GAMUS,DC,46_22,train,images,government_urban
DC_46_23_RGB.h5,data\GAMUS\images\train\DC_46_23_RGB.h5,GAMUS,DC,46_23,train,images,government_urban
DC_46_25_RGB.h5,data\GAMUS\images\train\DC_46_25_RGB.h5,GAMUS,DC,46_25,train,images,government_urban
DC_46_26_RGB.h5,data\GAMUS\images\train\DC_46_26_RGB.h5,GAMUS,DC,46_26,train,images,government_urban
DC_46_30_RGB.h5,data\GAMUS\images\train\DC_46_30_RGB.h5,GAMUS,DC,46_30,train,images,government_urban
DC_46_33_RGB.h5,data\GAMUS\images\train\DC_46_33_RGB.h5,GAMUS,DC,46_33,train,images,government_urban
DC_46_35_RGB.h5,data\GAMUS\images\train\DC_46_35_RGB.h5,GAMUS,DC,46_35,train,images,government_urban
DC_46_36_RGB.h5,data\GAMUS\images\train\DC_46_36_RGB.h5,GAMUS,DC,46_36,train,images,government_urban
DC_46_37_RGB.h5,data\GAMUS\images\train\DC_46_37_RGB.h5,GAMUS,DC,46_37,train,images,government_urban
DC_46_38_RGB.h5,data\GAMUS\images\train\DC_46_38_RGB.h5,GAMUS,DC,46_38,train,images,government_urban
DC_46_39_RGB.h5,data\GAMUS\images\train\DC_46_39_RGB.h5,GAMUS,DC,46_39,train,images,government_urban
DC_46_40_RGB.h5,data\GAMUS\images\train\DC_46_40_RGB.h5,GAMUS,DC,46_40,train,images,government_urban
DC_46_43_RGB.h5,data\GAMUS\images\train\DC_46_43_RGB.h5,GAMUS,DC,46_43,train,images,government_urban
DC_46_45_RGB.h5,data\GAMUS\images\train\DC_46_45_RGB.h5,GAMUS,DC,46_45,train,images,government_urban
DC_46_49_RGB.h5,data\GAMUS\images\train\DC_46_49_RGB.h5,GAMUS,DC,46_49,train,images,government_urban
DC_46_50_RGB.h5,data\GAMUS\images\train\DC_46_50_RGB.h5,GAMUS,DC,46_50,train,images,government_urban
DC_46_51_RGB.h5,data\GAMUS\images\train\DC_46_51_RGB.h5,GAMUS,DC,46_51,train,images,government_urban
DC_46_52_RGB.h5,data\GAMUS\images\train\DC_46_52_RGB.h5,GAMUS,DC,46_52,train,images,government_urban
DC_46_54_RGB.h5,data\GAMUS\images\train\DC_46_54_RGB.h5,GAMUS,DC,46_54,train,images,government_urban
DC_46_55_RGB.h5,data\GAMUS\images\train\DC_46_55_RGB.h5,GAMUS,DC,46_55,train,images,government_urban
DC_46_56_RGB.h5,data\GAMUS\images\train\DC_46_56_RGB.h5,GAMUS,DC,46_56,train,images,government_urban
DC_46_57_RGB.h5,data\GAMUS\images\train\DC_46_57_RGB.h5,GAMUS,DC,46_57,train,images,government_urban
DC_46_59_RGB.h5,data\GAMUS\images\train\DC_46_59_RGB.h5,GAMUS,DC,46_59,train,images,government_urban
DC_46_61_RGB.h5,data\GAMUS\images\train\DC_46_61_RGB.h5,GAMUS,DC,46_61,train,images,government_urban
DC_46_62_RGB.h5,data\GAMUS\images\train\DC_46_62_RGB.h5,GAMUS,DC,46_62,train,images,government_urban
DC_46_64_RGB.h5,data\GAMUS\images\train\DC_46_64_RGB.h5,GAMUS,DC,46_64,train,images,government_urban
DC_46_65_RGB.h5,data\GAMUS\images\train\DC_46_65_RGB.h5,GAMUS,DC,46_65,train,images,government_urban
DC_47_19_RGB.h5,data\GAMUS\images\train\DC_47_19_RGB.h5,GAMUS,DC,47_19,train,images,government_urban
DC_47_20_RGB.h5,data\GAMUS\images\train\DC_47_20_RGB.h5,GAMUS,DC,47_20,train,images,government_urban
DC_47_23_RGB.h5,data\GAMUS\images\train\DC_47_23_RGB.h5,GAMUS,DC,47_23,train,images,government_urban
DC_47_24_RGB.h5,data\GAMUS\images\train\DC_47_24_RGB.h5,GAMUS,DC,47_24,train,images,government_urban
DC_47_27_RGB.h5,data\GAMUS\images\train\DC_47_27_RGB.h5,GAMUS,DC,47_27,train,images,government_urban
DC_47_29_RGB.h5,data\GAMUS\images\train\DC_47_29_RGB.h5,GAMUS,DC,47_29,train,images,government_urban
DC_47_30_RGB.h5,data\GAMUS\images\train\DC_47_30_RGB.h5,GAMUS,DC,47_30,train,images,government_urban
DC_47_31_RGB.h5,data\GAMUS\images\train\DC_47_31_RGB.h5,GAMUS,DC,47_31,train,images,government_urban
DC_47_33_RGB.h5,data\GAMUS\images\train\DC_47_33_RGB.h5,GAMUS,DC,47_33,train,images,government_urban
DC_47_35_RGB.h5,data\GAMUS\images\train\DC_47_35_RGB.h5,GAMUS,DC,47_35,train,images,government_urban
DC_47_36_RGB.h5,data\GAMUS\images\train\DC_47_36_RGB.h5,GAMUS,DC,47_36,train,images,government_urban
DC_47_38_RGB.h5,data\GAMUS\images\train\DC_47_38_RGB.h5,GAMUS,DC,47_38,train,images,government_urban
DC_47_39_RGB.h5,data\GAMUS\images\train\DC_47_39_RGB.h5,GAMUS,DC,47_39,train,images,government_urban
DC_47_40_RGB.h5,data\GAMUS\images\train\DC_47_40_RGB.h5,GAMUS,DC,47_40,train,images,government_urban
DC_47_42_RGB.h5,data\GAMUS\images\train\DC_47_42_RGB.h5,GAMUS,DC,47_42,train,images,government_urban
DC_47_44_RGB.h5,data\GAMUS\images\train\DC_47_44_RGB.h5,GAMUS,DC,47_44,train,images,government_urban
DC_47_45_RGB.h5,data\GAMUS\images\train\DC_47_45_RGB.h5,GAMUS,DC,47_45,train,images,government_urban
DC_47_46_RGB.h5,data\GAMUS\images\train\DC_47_46_RGB.h5,GAMUS,DC,47_46,train,images,government_urban
DC_47_48_RGB.h5,data\GAMUS\images\train\DC_47_48_RGB.h5,GAMUS,DC,47_48,train,images,government_urban
DC_47_49_RGB.h5,data\GAMUS\images\train\DC_47_49_RGB.h5,GAMUS,DC,47_49,train,images,government_urban
DC_47_50_RGB.h5,data\GAMUS\images\train\DC_47_50_RGB.h5,GAMUS,DC,47_50,train,images,government_urban
DC_47_51_RGB.h5,data\GAMUS\images\train\DC_47_51_RGB.h5,GAMUS,DC,47_51,train,images,government_urban
DC_47_55_RGB.h5,data\GAMUS\images\train\DC_47_55_RGB.h5,GAMUS,DC,47_55,train,images,government_urban
DC_47_56_RGB.h5,data\GAMUS\images\train\DC_47_56_RGB.h5,GAMUS,DC,47_56,train,images,government_urban
DC_47_57_RGB.h5,data\GAMUS\images\train\DC_47_57_RGB.h5,GAMUS,DC,47_57,train,images,government_urban
DC_47_58_RGB.h5,data\GAMUS\images\train\DC_47_58_RGB.h5,GAMUS,DC,47_58,train,images,government_urban
DC_47_59_RGB.h5,data\GAMUS\images\train\DC_47_59_RGB.h5,GAMUS,DC,47_59,train,images,government_urban
DC_47_60_RGB.h5,data\GAMUS\images\train\DC_47_60_RGB.h5,GAMUS,DC,47_60,train,images,government_urban
DC_47_62_RGB.h5,data\GAMUS\images\train\DC_47_62_RGB.h5,GAMUS,DC,47_62,train,images,government_urban
DC_47_64_RGB.h5,data\GAMUS\images\train\DC_47_64_RGB.h5,GAMUS,DC,47_64,train,images,government_urban
DC_48_21_RGB.h5,data\GAMUS\images\train\DC_48_21_RGB.h5,GAMUS,DC,48_21,train,images,government_urban
DC_48_24_RGB.h5,data\GAMUS\images\train\DC_48_24_RGB.h5,GAMUS,DC,48_24,train,images,government_urban
DC_48_25_RGB.h5,data\GAMUS\images\train\DC_48_25_RGB.h5,GAMUS,DC,48_25,train,images,government_urban
DC_48_29_RGB.h5,data\GAMUS\images\train\DC_48_29_RGB.h5,GAMUS,DC,48_29,train,images,government_urban
DC_48_30_RGB.h5,data\GAMUS\images\train\DC_48_30_RGB.h5,GAMUS,DC,48_30,train,images,government_urban
DC_48_33_RGB.h5,data\GAMUS\images\train\DC_48_33_RGB.h5,GAMUS,DC,48_33,train,images,government_urban
DC_48_34_RGB.h5,data\GAMUS\images\train\DC_48_34_RGB.h5,GAMUS,DC,48_34,train,images,government_urban
DC_48_41_RGB.h5,data\GAMUS\images\train\DC_48_41_RGB.h5,GAMUS,DC,48_41,train,images,government_urban
DC_48_42_RGB.h5,data\GAMUS\images\train\DC_48_42_RGB.h5,GAMUS,DC,48_42,train,images,government_urban
DC_48_43_RGB.h5,data\GAMUS\images\train\DC_48_43_RGB.h5,GAMUS,DC,48_43,train,images,government_urban
DC_48_44_RGB.h5,data\GAMUS\images\train\DC_48_44_RGB.h5,GAMUS,DC,48_44,train,images,government_urban
DC_48_45_RGB.h5,data\GAMUS\images\train\DC_48_45_RGB.h5,GAMUS,DC,48_45,train,images,government_urban
DC_48_50_RGB.h5,data\GAMUS\images\train\DC_48_50_RGB.h5,GAMUS,DC,48_50,train,images,government_urban
DC_48_53_RGB.h5,data\GAMUS\images\train\DC_48_53_RGB.h5,GAMUS,DC,48_53,train,images,government_urban
DC_48_54_RGB.h5,data\GAMUS\images\train\DC_48_54_RGB.h5,GAMUS,DC,48_54,train,images,government_urban
DC_48_55_RGB.h5,data\GAMUS\images\train\DC_48_55_RGB.h5,GAMUS,DC,48_55,train,images,government_urban
DC_48_59_RGB.h5,data\GAMUS\images\train\DC_48_59_RGB.h5,GAMUS,DC,48_59,train,images,government_urban
DC_48_61_RGB.h5,data\GAMUS\images\train\DC_48_61_RGB.h5,GAMUS,DC,48_61,train,images,government_urban
DC_48_62_RGB.h5,data\GAMUS\images\train\DC_48_62_RGB.h5,GAMUS,DC,48_62,train,images,government_urban
DC_48_63_RGB.h5,data\GAMUS\images\train\DC_48_63_RGB.h5,GAMUS,DC,48_63,train,images,government_urban
DC_49_25_RGB.h5,data\GAMUS\images\train\DC_49_25_RGB.h5,GAMUS,DC,49_25,train,images,government_urban
DC_49_26_RGB.h5,data\GAMUS\images\train\DC_49_26_RGB.h5,GAMUS,DC,49_26,train,images,government_urban
DC_49_29_RGB.h5,data\GAMUS\images\train\DC_49_29_RGB.h5,GAMUS,DC,49_29,train,images,government_urban
DC_49_30_RGB.h5,data\GAMUS\images\train\DC_49_30_RGB.h5,GAMUS,DC,49_30,train,images,government_urban
DC_49_31_RGB.h5,data\GAMUS\images\train\DC_49_31_RGB.h5,GAMUS,DC,49_31,train,images,government_urban
DC_49_32_RGB.h5,data\GAMUS\images\train\DC_49_32_RGB.h5,GAMUS,DC,49_32,train,images,government_urban
DC_49_33_RGB.h5,data\GAMUS\images\train\DC_49_33_RGB.h5,GAMUS,DC,49_33,train,images,government_urban
DC_49_34_RGB.h5,data\GAMUS\images\train\DC_49_34_RGB.h5,GAMUS,DC,49_34,train,images,government_urban
DC_49_36_RGB.h5,data\GAMUS\images\train\DC_49_36_RGB.h5,GAMUS,DC,49_36,train,images,government_urban
DC_49_37_RGB.h5,data\GAMUS\images\train\DC_49_37_RGB.h5,GAMUS,DC,49_37,train,images,government_urban
DC_49_42_RGB.h5,data\GAMUS\images\train\DC_49_42_RGB.h5,GAMUS,DC,49_42,train,images,government_urban
DC_49_43_RGB.h5,data\GAMUS\images\train\DC_49_43_RGB.h5,GAMUS,DC,49_43,train,images,government_urban
DC_49_44_RGB.h5,data\GAMUS\images\train\DC_49_44_RGB.h5,GAMUS,DC,49_44,train,images,government_urban
DC_49_45_RGB.h5,data\GAMUS\images\train\DC_49_45_RGB.h5,GAMUS,DC,49_45,train,images,government_urban
DC_49_46_RGB.h5,data\GAMUS\images\train\DC_49_46_RGB.h5,GAMUS,DC,49_46,train,images,government_urban
DC_49_50_RGB.h5,data\GAMUS\images\train\DC_49_50_RGB.h5,GAMUS,DC,49_50,train,images,government_urban
DC_49_51_RGB.h5,data\GAMUS\images\train\DC_49_51_RGB.h5,GAMUS,DC,49_51,train,images,government_urban
DC_49_56_RGB.h5,data\GAMUS\images\train\DC_49_56_RGB.h5,GAMUS,DC,49_56,train,images,government_urban
DC_49_57_RGB.h5,data\GAMUS\images\train\DC_49_57_RGB.h5,GAMUS,DC,49_57,train,images,government_urban
DC_49_59_RGB.h5,data\GAMUS\images\train\DC_49_59_RGB.h5,GAMUS,DC,49_59,train,images,government_urban
DC_49_61_RGB.h5,data\GAMUS\images\train\DC_49_61_RGB.h5,GAMUS,DC,49_61,train,images,government_urban
DC_49_62_RGB.h5,data\GAMUS\images\train\DC_49_62_RGB.h5,GAMUS,DC,49_62,train,images,government_urban
DC_50_22_RGB.h5,data\GAMUS\images\train\DC_50_22_RGB.h5,GAMUS,DC,50_22,train,images,government_urban
DC_50_25_RGB.h5,data\GAMUS\images\train\DC_50_25_RGB.h5,GAMUS,DC,50_25,train,images,government_urban
DC_50_26_RGB.h5,data\GAMUS\images\train\DC_50_26_RGB.h5,GAMUS,DC,50_26,train,images,government_urban
DC_50_27_RGB.h5,data\GAMUS\images\train\DC_50_27_RGB.h5,GAMUS,DC,50_27,train,images,government_urban
DC_50_28_RGB.h5,data\GAMUS\images\train\DC_50_28_RGB.h5,GAMUS,DC,50_28,train,images,government_urban
DC_50_30_RGB.h5,data\GAMUS\images\train\DC_50_30_RGB.h5,GAMUS,DC,50_30,train,images,government_urban
DC_50_34_RGB.h5,data\GAMUS\images\train\DC_50_34_RGB.h5,GAMUS,DC,50_34,train,images,government_urban
DC_50_35_RGB.h5,data\GAMUS\images\train\DC_50_35_RGB.h5,GAMUS,DC,50_35,train,images,government_urban
DC_50_36_RGB.h5,data\GAMUS\images\train\DC_50_36_RGB.h5,GAMUS,DC,50_36,train,images,government_urban
DC_50_37_RGB.h5,data\GAMUS\images\train\DC_50_37_RGB.h5,GAMUS,DC,50_37,train,images,government_urban
DC_50_40_RGB.h5,data\GAMUS\images\train\DC_50_40_RGB.h5,GAMUS,DC,50_40,train,images,government_urban
DC_50_42_RGB.h5,data\GAMUS\images\train\DC_50_42_RGB.h5,GAMUS,DC,50_42,train,images,government_urban
DC_50_43_RGB.h5,data\GAMUS\images\train\DC_50_43_RGB.h5,GAMUS,DC,50_43,train,images,government_urban
DC_50_44_RGB.h5,data\GAMUS\images\train\DC_50_44_RGB.h5,GAMUS,DC,50_44,train,images,government_urban
DC_50_45_RGB.h5,data\GAMUS\images\train\DC_50_45_RGB.h5,GAMUS,DC,50_45,train,images,government_urban
DC_50_46_RGB.h5,data\GAMUS\images\train\DC_50_46_RGB.h5,GAMUS,DC,50_46,train,images,government_urban
DC_50_47_RGB.h5,data\GAMUS\images\train\DC_50_47_RGB.h5,GAMUS,DC,50_47,train,images,government_urban
DC_50_48_RGB.h5,data\GAMUS\images\train\DC_50_48_RGB.h5,GAMUS,DC,50_48,train,images,government_urban
DC_50_49_RGB.h5,data\GAMUS\images\train\DC_50_49_RGB.h5,GAMUS,DC,50_49,train,images,government_urban
DC_50_50_RGB.h5,data\GAMUS\images\train\DC_50_50_RGB.h5,GAMUS,DC,50_50,train,images,government_urban
DC_50_54_RGB.h5,data\GAMUS\images\train\DC_50_54_RGB.h5,GAMUS,DC,50_54,train,images,government_urban
DC_50_57_RGB.h5,data\GAMUS\images\train\DC_50_57_RGB.h5,GAMUS,DC,50_57,train,images,government_urban
DC_50_58_RGB.h5,data\GAMUS\images\train\DC_50_58_RGB.h5,GAMUS,DC,50_58,train,images,government_urban
DC_50_59_RGB.h5,data\GAMUS\images\train\DC_50_59_RGB.h5,GAMUS,DC,50_59,train,images,government_urban
DC_50_60_RGB.h5,data\GAMUS\images\train\DC_50_60_RGB.h5,GAMUS,DC,50_60,train,images,government_urban
DC_50_61_RGB.h5,data\GAMUS\images\train\DC_50_61_RGB.h5,GAMUS,DC,50_61,train,images,government_urban
DC_51_22_RGB.h5,data\GAMUS\images\train\DC_51_22_RGB.h5,GAMUS,DC,51_22,train,images,government_urban
DC_51_23_RGB.h5,data\GAMUS\images\train\DC_51_23_RGB.h5,GAMUS,DC,51_23,train,images,government_urban
DC_51_24_RGB.h5,data\GAMUS\images\train\DC_51_24_RGB.h5,GAMUS,DC,51_24,train,images,government_urban
DC_51_28_RGB.h5,data\GAMUS\images\train\DC_51_28_RGB.h5,GAMUS,DC,51_28,train,images,government_urban
DC_51_29_RGB.h5,data\GAMUS\images\train\DC_51_29_RGB.h5,GAMUS,DC,51_29,train,images,government_urban
DC_51_30_RGB.h5,data\GAMUS\images\train\DC_51_30_RGB.h5,GAMUS,DC,51_30,train,images,government_urban
DC_51_32_RGB.h5,data\GAMUS\images\train\DC_51_32_RGB.h5,GAMUS,DC,51_32,train,images,government_urban
DC_51_34_RGB.h5,data\GAMUS\images\train\DC_51_34_RGB.h5,GAMUS,DC,51_34,train,images,government_urban
DC_51_35_RGB.h5,data\GAMUS\images\train\DC_51_35_RGB.h5,GAMUS,DC,51_35,train,images,government_urban
DC_51_41_RGB.h5,data\GAMUS\images\train\DC_51_41_RGB.h5,GAMUS,DC,51_41,train,images,government_urban
DC_51_42_RGB.h5,data\GAMUS\images\train\DC_51_42_RGB.h5,GAMUS,DC,51_42,train,images,government_urban
DC_51_43_RGB.h5,data\GAMUS\images\train\DC_51_43_RGB.h5,GAMUS,DC,51_43,train,images,government_urban
DC_51_46_RGB.h5,data\GAMUS\images\train\DC_51_46_RGB.h5,GAMUS,DC,51_46,train,images,government_urban
DC_51_47_RGB.h5,data\GAMUS\images\train\DC_51_47_RGB.h5,GAMUS,DC,51_47,train,images,government_urban
DC_51_49_RGB.h5,data\GAMUS\images\train\DC_51_49_RGB.h5,GAMUS,DC,51_49,train,images,government_urban
DC_51_50_RGB.h5,data\GAMUS\images\train\DC_51_50_RGB.h5,GAMUS,DC,51_50,train,images,government_urban
DC_51_52_RGB.h5,data\GAMUS\images\train\DC_51_52_RGB.h5,GAMUS,DC,51_52,train,images,government_urban
DC_51_54_RGB.h5,data\GAMUS\images\train\DC_51_54_RGB.h5,GAMUS,DC,51_54,train,images,government_urban
DC_51_58_RGB.h5,data\GAMUS\images\train\DC_51_58_RGB.h5,GAMUS,DC,51_58,train,images,government_urban
DC_51_60_RGB.h5,data\GAMUS\images\train\DC_51_60_RGB.h5,GAMUS,DC,51_60,train,images,government_urban
DC_52_28_RGB.h5,data\GAMUS\images\train\DC_52_28_RGB.h5,GAMUS,DC,52_28,train,images,government_urban
DC_52_31_RGB.h5,data\GAMUS\images\train\DC_52_31_RGB.h5,GAMUS,DC,52_31,train,images,government_urban
DC_52_32_RGB.h5,data\GAMUS\images\train\DC_52_32_RGB.h5,GAMUS,DC,52_32,train,images,government_urban
DC_52_35_RGB.h5,data\GAMUS\images\train\DC_52_35_RGB.h5,GAMUS,DC,52_35,train,images,government_urban
DC_52_36_RGB.h5,data\GAMUS\images\train\DC_52_36_RGB.h5,GAMUS,DC,52_36,train,images,government_urban
DC_52_38_RGB.h5,data\GAMUS\images\train\DC_52_38_RGB.h5,GAMUS,DC,52_38,train,images,government_urban
DC_52_39_RGB.h5,data\GAMUS\images\train\DC_52_39_RGB.h5,GAMUS,DC,52_39,train,images,government_urban
DC_52_40_RGB.h5,data\GAMUS\images\train\DC_52_40_RGB.h5,GAMUS,DC,52_40,train,images,government_urban
DC_52_42_RGB.h5,data\GAMUS\images\train\DC_52_42_RGB.h5,GAMUS,DC,52_42,train,images,government_urban
DC_52_43_RGB.h5,data\GAMUS\images\train\DC_52_43_RGB.h5,GAMUS,DC,52_43,train,images,government_urban
DC_52_45_RGB.h5,data\GAMUS\images\train\DC_52_45_RGB.h5,GAMUS,DC,52_45,train,images,government_urban
DC_52_47_RGB.h5,data\GAMUS\images\train\DC_52_47_RGB.h5,GAMUS,DC,52_47,train,images,government_urban
DC_52_49_RGB.h5,data\GAMUS\images\train\DC_52_49_RGB.h5,GAMUS,DC,52_49,train,images,government_urban
DC_52_51_RGB.h5,data\GAMUS\images\train\DC_52_51_RGB.h5,GAMUS,DC,52_51,train,images,government_urban
DC_52_54_RGB.h5,data\GAMUS\images\train\DC_52_54_RGB.h5,GAMUS,DC,52_54,train,images,government_urban
DC_52_55_RGB.h5,data\GAMUS\images\train\DC_52_55_RGB.h5,GAMUS,DC,52_55,train,images,government_urban
DC_52_56_RGB.h5,data\GAMUS\images\train\DC_52_56_RGB.h5,GAMUS,DC,52_56,train,images,government_urban
DC_52_59_RGB.h5,data\GAMUS\images\train\DC_52_59_RGB.h5,GAMUS,DC,52_59,train,images,government_urban
DC_53_31_RGB.h5,data\GAMUS\images\train\DC_53_31_RGB.h5,GAMUS,DC,53_31,train,images,government_urban
DC_53_33_RGB.h5,data\GAMUS\images\train\DC_53_33_RGB.h5,GAMUS,DC,53_33,train,images,government_urban
DC_53_36_RGB.h5,data\GAMUS\images\train\DC_53_36_RGB.h5,GAMUS,DC,53_36,train,images,government_urban
DC_53_37_RGB.h5,data\GAMUS\images\train\DC_53_37_RGB.h5,GAMUS,DC,53_37,train,images,government_urban
DC_53_38_RGB.h5,data\GAMUS\images\train\DC_53_38_RGB.h5,GAMUS,DC,53_38,train,images,government_urban
DC_53_39_RGB.h5,data\GAMUS\images\train\DC_53_39_RGB.h5,GAMUS,DC,53_39,train,images,government_urban
DC_53_42_RGB.h5,data\GAMUS\images\train\DC_53_42_RGB.h5,GAMUS,DC,53_42,train,images,government_urban
DC_53_43_RGB.h5,data\GAMUS\images\train\DC_53_43_RGB.h5,GAMUS,DC,53_43,train,images,government_urban
DC_53_45_RGB.h5,data\GAMUS\images\train\DC_53_45_RGB.h5,GAMUS,DC,53_45,train,images,government_urban
DC_53_46_RGB.h5,data\GAMUS\images\train\DC_53_46_RGB.h5,GAMUS,DC,53_46,train,images,government_urban
DC_53_48_RGB.h5,data\GAMUS\images\train\DC_53_48_RGB.h5,GAMUS,DC,53_48,train,images,government_urban
DC_53_49_RGB.h5,data\GAMUS\images\train\DC_53_49_RGB.h5,GAMUS,DC,53_49,train,images,government_urban
DC_53_50_RGB.h5,data\GAMUS\images\train\DC_53_50_RGB.h5,GAMUS,DC,53_50,train,images,government_urban
DC_53_51_RGB.h5,data\GAMUS\images\train\DC_53_51_RGB.h5,GAMUS,DC,53_51,train,images,government_urban
DC_53_52_RGB.h5,data\GAMUS\images\train\DC_53_52_RGB.h5,GAMUS,DC,53_52,train,images,government_urban
DC_53_53_RGB.h5,data\GAMUS\images\train\DC_53_53_RGB.h5,GAMUS,DC,53_53,train,images,government_urban
DC_53_56_RGB.h5,data\GAMUS\images\train\DC_53_56_RGB.h5,GAMUS,DC,53_56,train,images,government_urban
DC_53_58_RGB.h5,data\GAMUS\images\train\DC_53_58_RGB.h5,GAMUS,DC,53_58,train,images,government_urban
DC_54_29_RGB.h5,data\GAMUS\images\train\DC_54_29_RGB.h5,GAMUS,DC,54_29,train,images,government_urban
DC_54_30_RGB.h5,data\GAMUS\images\train\DC_54_30_RGB.h5,GAMUS,DC,54_30,train,images,government_urban
DC_54_33_RGB.h5,data\GAMUS\images\train\DC_54_33_RGB.h5,GAMUS,DC,54_33,train,images,government_urban
DC_54_39_RGB.h5,data\GAMUS\images\train\DC_54_39_RGB.h5,GAMUS,DC,54_39,train,images,government_urban
DC_54_41_RGB.h5,data\GAMUS\images\train\DC_54_41_RGB.h5,GAMUS,DC,54_41,train,images,government_urban
DC_54_43_RGB.h5,data\GAMUS\images\train\DC_54_43_RGB.h5,GAMUS,DC,54_43,train,images,government_urban
DC_54_44_RGB.h5,data\GAMUS\images\train\DC_54_44_RGB.h5,GAMUS,DC,54_44,train,images,government_urban
DC_54_45_RGB.h5,data\GAMUS\images\train\DC_54_45_RGB.h5,GAMUS,DC,54_45,train,images,government_urban
DC_54_49_RGB.h5,data\GAMUS\images\train\DC_54_49_RGB.h5,GAMUS,DC,54_49,train,images,government_urban
DC_54_50_RGB.h5,data\GAMUS\images\train\DC_54_50_RGB.h5,GAMUS,DC,54_50,train,images,government_urban
DC_54_51_RGB.h5,data\GAMUS\images\train\DC_54_51_RGB.h5,GAMUS,DC,54_51,train,images,government_urban
DC_54_53_RGB.h5,data\GAMUS\images\train\DC_54_53_RGB.h5,GAMUS,DC,54_53,train,images,government_urban
DC_54_55_RGB.h5,data\GAMUS\images\train\DC_54_55_RGB.h5,GAMUS,DC,54_55,train,images,government_urban
DC_54_56_RGB.h5,data\GAMUS\images\train\DC_54_56_RGB.h5,GAMUS,DC,54_56,train,images,government_urban
DC_54_57_RGB.h5,data\GAMUS\images\train\DC_54_57_RGB.h5,GAMUS,DC,54_57,train,images,government_urban
DC_55_26_RGB.h5,data\GAMUS\images\train\DC_55_26_RGB.h5,GAMUS,DC,55_26,train,images,government_urban
DC_55_30_RGB.h5,data\GAMUS\images\train\DC_55_30_RGB.h5,GAMUS,DC,55_30,train,images,government_urban
DC_55_33_RGB.h5,data\GAMUS\images\train\DC_55_33_RGB.h5,GAMUS,DC,55_33,train,images,government_urban
DC_55_37_RGB.h5,data\GAMUS\images\train\DC_55_37_RGB.h5,GAMUS,DC,55_37,train,images,government_urban
DC_55_38_RGB.h5,data\GAMUS\images\train\DC_55_38_RGB.h5,GAMUS,DC,55_38,train,images,government_urban
DC_55_40_RGB.h5,data\GAMUS\images\train\DC_55_40_RGB.h5,GAMUS,DC,55_40,train,images,government_urban
DC_55_41_RGB.h5,data\GAMUS\images\train\DC_55_41_RGB.h5,GAMUS,DC,55_41,train,images,government_urban
DC_55_43_RGB.h5,data\GAMUS\images\train\DC_55_43_RGB.h5,GAMUS,DC,55_43,train,images,government_urban
DC_55_44_RGB.h5,data\GAMUS\images\train\DC_55_44_RGB.h5,GAMUS,DC,55_44,train,images,government_urban
DC_55_45_RGB.h5,data\GAMUS\images\train\DC_55_45_RGB.h5,GAMUS,DC,55_45,train,images,government_urban
DC_55_47_RGB.h5,data\GAMUS\images\train\DC_55_47_RGB.h5,GAMUS,DC,55_47,train,images,government_urban
DC_55_48_RGB.h5,data\GAMUS\images\train\DC_55_48_RGB.h5,GAMUS,DC,55_48,train,images,government_urban
DC_55_49_RGB.h5,data\GAMUS\images\train\DC_55_49_RGB.h5,GAMUS,DC,55_49,train,images,government_urban
DC_55_51_RGB.h5,data\GAMUS\images\train\DC_55_51_RGB.h5,GAMUS,DC,55_51,train,images,government_urban
DC_55_52_RGB.h5,data\GAMUS\images\train\DC_55_52_RGB.h5,GAMUS,DC,55_52,train,images,government_urban
DC_55_53_RGB.h5,data\GAMUS\images\train\DC_55_53_RGB.h5,GAMUS,DC,55_53,train,images,government_urban
DC_55_54_RGB.h5,data\GAMUS\images\train\DC_55_54_RGB.h5,GAMUS,DC,55_54,train,images,government_urban
DC_56_30_RGB.h5,data\GAMUS\images\train\DC_56_30_RGB.h5,GAMUS,DC,56_30,train,images,government_urban
DC_56_31_RGB.h5,data\GAMUS\images\train\DC_56_31_RGB.h5,GAMUS,DC,56_31,train,images,government_urban
DC_56_33_RGB.h5,data\GAMUS\images\train\DC_56_33_RGB.h5,GAMUS,DC,56_33,train,images,government_urban
DC_56_36_RGB.h5,data\GAMUS\images\train\DC_56_36_RGB.h5,GAMUS,DC,56_36,train,images,government_urban
DC_56_39_RGB.h5,data\GAMUS\images\train\DC_56_39_RGB.h5,GAMUS,DC,56_39,train,images,government_urban
DC_56_40_RGB.h5,data\GAMUS\images\train\DC_56_40_RGB.h5,GAMUS,DC,56_40,train,images,government_urban
DC_56_41_RGB.h5,data\GAMUS\images\train\DC_56_41_RGB.h5,GAMUS,DC,56_41,train,images,government_urban
DC_56_43_RGB.h5,data\GAMUS\images\train\DC_56_43_RGB.h5,GAMUS,DC,56_43,train,images,government_urban
DC_56_44_RGB.h5,data\GAMUS\images\train\DC_56_44_RGB.h5,GAMUS,DC,56_44,train,images,government_urban
DC_56_48_RGB.h5,data\GAMUS\images\train\DC_56_48_RGB.h5,GAMUS,DC,56_48,train,images,government_urban
DC_56_49_RGB.h5,data\GAMUS\images\train\DC_56_49_RGB.h5,GAMUS,DC,56_49,train,images,government_urban
DC_56_50_RGB.h5,data\GAMUS\images\train\DC_56_50_RGB.h5,GAMUS,DC,56_50,train,images,government_urban
DC_56_52_RGB.h5,data\GAMUS\images\train\DC_56_52_RGB.h5,GAMUS,DC,56_52,train,images,government_urban
DC_56_54_RGB.h5,data\GAMUS\images\train\DC_56_54_RGB.h5,GAMUS,DC,56_54,train,images,government_urban
DC_57_31_RGB.h5,data\GAMUS\images\train\DC_57_31_RGB.h5,GAMUS,DC,57_31,train,images,government_urban
DC_57_35_RGB.h5,data\GAMUS\images\train\DC_57_35_RGB.h5,GAMUS,DC,57_35,train,images,government_urban
DC_57_37_RGB.h5,data\GAMUS\images\train\DC_57_37_RGB.h5,GAMUS,DC,57_37,train,images,government_urban
DC_57_38_RGB.h5,data\GAMUS\images\train\DC_57_38_RGB.h5,GAMUS,DC,57_38,train,images,government_urban
DC_57_39_RGB.h5,data\GAMUS\images\train\DC_57_39_RGB.h5,GAMUS,DC,57_39,train,images,government_urban
DC_57_40_RGB.h5,data\GAMUS\images\train\DC_57_40_RGB.h5,GAMUS,DC,57_40,train,images,government_urban
DC_57_41_RGB.h5,data\GAMUS\images\train\DC_57_41_RGB.h5,GAMUS,DC,57_41,train,images,government_urban
DC_57_42_RGB.h5,data\GAMUS\images\train\DC_57_42_RGB.h5,GAMUS,DC,57_42,train,images,government_urban
DC_57_44_RGB.h5,data\GAMUS\images\train\DC_57_44_RGB.h5,GAMUS,DC,57_44,train,images,government_urban
DC_57_45_RGB.h5,data\GAMUS\images\train\DC_57_45_RGB.h5,GAMUS,DC,57_45,train,images,government_urban
DC_57_47_RGB.h5,data\GAMUS\images\train\DC_57_47_RGB.h5,GAMUS,DC,57_47,train,images,government_urban
DC_57_49_RGB.h5,data\GAMUS\images\train\DC_57_49_RGB.h5,GAMUS,DC,57_49,train,images,government_urban
DC_57_52_RGB.h5,data\GAMUS\images\train\DC_57_52_RGB.h5,GAMUS,DC,57_52,train,images,government_urban
DC_58_34_RGB.h5,data\GAMUS\images\train\DC_58_34_RGB.h5,GAMUS,DC,58_34,train,images,government_urban
DC_58_35_RGB.h5,data\GAMUS\images\train\DC_58_35_RGB.h5,GAMUS,DC,58_35,train,images,government_urban
DC_58_36_RGB.h5,data\GAMUS\images\train\DC_58_36_RGB.h5,GAMUS,DC,58_36,train,images,government_urban
DC_58_40_RGB.h5,data\GAMUS\images\train\DC_58_40_RGB.h5,GAMUS,DC,58_40,train,images,government_urban
DC_58_41_RGB.h5,data\GAMUS\images\train\DC_58_41_RGB.h5,GAMUS,DC,58_41,train,images,government_urban
DC_58_42_RGB.h5,data\GAMUS\images\train\DC_58_42_RGB.h5,GAMUS,DC,58_42,train,images,government_urban
DC_58_47_RGB.h5,data\GAMUS\images\train\DC_58_47_RGB.h5,GAMUS,DC,58_47,train,images,government_urban
DC_58_48_RGB.h5,data\GAMUS\images\train\DC_58_48_RGB.h5,GAMUS,DC,58_48,train,images,government_urban
DC_58_50_RGB.h5,data\GAMUS\images\train\DC_58_50_RGB.h5,GAMUS,DC,58_50,train,images,government_urban
DC_58_52_RGB.h5,data\GAMUS\images\train\DC_58_52_RGB.h5,GAMUS,DC,58_52,train,images,government_urban
DC_59_34_RGB.h5,data\GAMUS\images\train\DC_59_34_RGB.h5,GAMUS,DC,59_34,train,images,government_urban
DC_59_35_RGB.h5,data\GAMUS\images\train\DC_59_35_RGB.h5,GAMUS,DC,59_35,train,images,government_urban
DC_59_37_RGB.h5,data\GAMUS\images\train\DC_59_37_RGB.h5,GAMUS,DC,59_37,train,images,government_urban
DC_59_38_RGB.h5,data\GAMUS\images\train\DC_59_38_RGB.h5,GAMUS,DC,59_38,train,images,government_urban
DC_59_39_RGB.h5,data\GAMUS\images\train\DC_59_39_RGB.h5,GAMUS,DC,59_39,train,images,government_urban
DC_59_40_RGB.h5,data\GAMUS\images\train\DC_59_40_RGB.h5,GAMUS,DC,59_40,train,images,government_urban
DC_59_41_RGB.h5,data\GAMUS\images\train\DC_59_41_RGB.h5,GAMUS,DC,59_41,train,images,government_urban
DC_59_42_RGB.h5,data\GAMUS\images\train\DC_59_42_RGB.h5,GAMUS,DC,59_42,train,images,government_urban
DC_59_43_RGB.h5,data\GAMUS\images\train\DC_59_43_RGB.h5,GAMUS,DC,59_43,train,images,government_urban
DC_59_44_RGB.h5,data\GAMUS\images\train\DC_59_44_RGB.h5,GAMUS,DC,59_44,train,images,government_urban
DC_59_45_RGB.h5,data\GAMUS\images\train\DC_59_45_RGB.h5,GAMUS,DC,59_45,train,images,government_urban
DC_59_47_RGB.h5,data\GAMUS\images\train\DC_59_47_RGB.h5,GAMUS,DC,59_47,train,images,government_urban
DC_59_48_RGB.h5,data\GAMUS\images\train\DC_59_48_RGB.h5,GAMUS,DC,59_48,train,images,government_urban
DC_59_49_RGB.h5,data\GAMUS\images\train\DC_59_49_RGB.h5,GAMUS,DC,59_49,train,images,government_urban
DC_59_50_RGB.h5,data\GAMUS\images\train\DC_59_50_RGB.h5,GAMUS,DC,59_50,train,images,government_urban
DC_59_51_RGB.h5,data\GAMUS\images\train\DC_59_51_RGB.h5,GAMUS,DC,59_51,train,images,government_urban
DC_60_33_RGB.h5,data\GAMUS\images\train\DC_60_33_RGB.h5,GAMUS,DC,60_33,train,images,government_urban
DC_60_35_RGB.h5,data\GAMUS\images\train\DC_60_35_RGB.h5,GAMUS,DC,60_35,train,images,government_urban
DC_60_36_RGB.h5,data\GAMUS\images\train\DC_60_36_RGB.h5,GAMUS,DC,60_36,train,images,government_urban
DC_60_37_RGB.h5,data\GAMUS\images\train\DC_60_37_RGB.h5,GAMUS,DC,60_37,train,images,government_urban
DC_60_38_RGB.h5,data\GAMUS\images\train\DC_60_38_RGB.h5,GAMUS,DC,60_38,train,images,government_urban
DC_60_39_RGB.h5,data\GAMUS\images\train\DC_60_39_RGB.h5,GAMUS,DC,60_39,train,images,government_urban
DC_60_40_RGB.h5,data\GAMUS\images\train\DC_60_40_RGB.h5,GAMUS,DC,60_40,train,images,government_urban
DC_60_41_RGB.h5,data\GAMUS\images\train\DC_60_41_RGB.h5,GAMUS,DC,60_41,train,images,government_urban
DC_60_42_RGB.h5,data\GAMUS\images\train\DC_60_42_RGB.h5,GAMUS,DC,60_42,train,images,government_urban
DC_60_43_RGB.h5,data\GAMUS\images\train\DC_60_43_RGB.h5,GAMUS,DC,60_43,train,images,government_urban
DC_60_44_RGB.h5,data\GAMUS\images\train\DC_60_44_RGB.h5,GAMUS,DC,60_44,train,images,government_urban
DC_60_46_RGB.h5,data\GAMUS\images\train\DC_60_46_RGB.h5,GAMUS,DC,60_46,train,images,government_urban
DC_60_47_RGB.h5,data\GAMUS\images\train\DC_60_47_RGB.h5,GAMUS,DC,60_47,train,images,government_urban
DC_60_50_RGB.h5,data\GAMUS\images\train\DC_60_50_RGB.h5,GAMUS,DC,60_50,train,images,government_urban
DC_60_51_RGB.h5,data\GAMUS\images\train\DC_60_51_RGB.h5,GAMUS,DC,60_51,train,images,government_urban
DC_61_34_RGB.h5,data\GAMUS\images\train\DC_61_34_RGB.h5,GAMUS,DC,61_34,train,images,government_urban
DC_61_35_RGB.h5,data\GAMUS\images\train\DC_61_35_RGB.h5,GAMUS,DC,61_35,train,images,government_urban
DC_61_36_RGB.h5,data\GAMUS\images\train\DC_61_36_RGB.h5,GAMUS,DC,61_36,train,images,government_urban
DC_61_37_RGB.h5,data\GAMUS\images\train\DC_61_37_RGB.h5,GAMUS,DC,61_37,train,images,government_urban
DC_61_38_RGB.h5,data\GAMUS\images\train\DC_61_38_RGB.h5,GAMUS,DC,61_38,train,images,government_urban
DC_61_39_RGB.h5,data\GAMUS\images\train\DC_61_39_RGB.h5,GAMUS,DC,61_39,train,images,government_urban
DC_61_40_RGB.h5,data\GAMUS\images\train\DC_61_40_RGB.h5,GAMUS,DC,61_40,train,images,government_urban
DC_61_41_RGB.h5,data\GAMUS\images\train\DC_61_41_RGB.h5,GAMUS,DC,61_41,train,images,government_urban
DC_61_42_RGB.h5,data\GAMUS\images\train\DC_61_42_RGB.h5,GAMUS,DC,61_42,train,images,government_urban
DC_61_43_RGB.h5,data\GAMUS\images\train\DC_61_43_RGB.h5,GAMUS,DC,61_43,train,images,government_urban
DC_61_47_RGB.h5,data\GAMUS\images\train\DC_61_47_RGB.h5,GAMUS,DC,61_47,train,images,government_urban
DC_61_50_RGB.h5,data\GAMUS\images\train\DC_61_50_RGB.h5,GAMUS,DC,61_50,train,images,government_urban
DC_62_34_RGB.h5,data\GAMUS\images\train\DC_62_34_RGB.h5,GAMUS,DC,62_34,train,images,government_urban
DC_62_35_RGB.h5,data\GAMUS\images\train\DC_62_35_RGB.h5,GAMUS,DC,62_35,train,images,government_urban
DC_62_36_RGB.h5,data\GAMUS\images\train\DC_62_36_RGB.h5,GAMUS,DC,62_36,train,images,government_urban
DC_62_37_RGB.h5,data\GAMUS\images\train\DC_62_37_RGB.h5,GAMUS,DC,62_37,train,images,government_urban
DC_62_38_RGB.h5,data\GAMUS\images\train\DC_62_38_RGB.h5,GAMUS,DC,62_38,train,images,government_urban
DC_62_39_RGB.h5,data\GAMUS\images\train\DC_62_39_RGB.h5,GAMUS,DC,62_39,train,images,government_urban
DC_62_41_RGB.h5,data\GAMUS\images\train\DC_62_41_RGB.h5,GAMUS,DC,62_41,train,images,government_urban
DC_62_42_RGB.h5,data\GAMUS\images\train\DC_62_42_RGB.h5,GAMUS,DC,62_42,train,images,government_urban
DC_62_43_RGB.h5,data\GAMUS\images\train\DC_62_43_RGB.h5,GAMUS,DC,62_43,train,images,government_urban
DC_62_44_RGB.h5,data\GAMUS\images\train\DC_62_44_RGB.h5,GAMUS,DC,62_44,train,images,government_urban
DC_62_45_RGB.h5,data\GAMUS\images\train\DC_62_45_RGB.h5,GAMUS,DC,62_45,train,images,government_urban
DC_62_49_RGB.h5,data\GAMUS\images\train\DC_62_49_RGB.h5,GAMUS,DC,62_49,train,images,government_urban
DC_63_35_RGB.h5,data\GAMUS\images\train\DC_63_35_RGB.h5,GAMUS,DC,63_35,train,images,government_urban
DC_63_36_RGB.h5,data\GAMUS\images\train\DC_63_36_RGB.h5,GAMUS,DC,63_36,train,images,government_urban
DC_63_37_RGB.h5,data\GAMUS\images\train\DC_63_37_RGB.h5,GAMUS,DC,63_37,train,images,government_urban
DC_63_38_RGB.h5,data\GAMUS\images\train\DC_63_38_RGB.h5,GAMUS,DC,63_38,train,images,government_urban
DC_63_39_RGB.h5,data\GAMUS\images\train\DC_63_39_RGB.h5,GAMUS,DC,63_39,train,images,government_urban
DC_63_40_RGB.h5,data\GAMUS\images\train\DC_63_40_RGB.h5,GAMUS,DC,63_40,train,images,government_urban
DC_63_43_RGB.h5,data\GAMUS\images\train\DC_63_43_RGB.h5,GAMUS,DC,63_43,train,images,government_urban
DC_63_44_RGB.h5,data\GAMUS\images\train\DC_63_44_RGB.h5,GAMUS,DC,63_44,train,images,government_urban
DC_63_46_RGB.h5,data\GAMUS\images\train\DC_63_46_RGB.h5,GAMUS,DC,63_46,train,images,government_urban
DC_63_47_RGB.h5,data\GAMUS\images\train\DC_63_47_RGB.h5,GAMUS,DC,63_47,train,images,government_urban
DC_64_32_RGB.h5,data\GAMUS\images\train\DC_64_32_RGB.h5,GAMUS,DC,64_32,train,images,government_urban
DC_64_36_RGB.h5,data\GAMUS\images\train\DC_64_36_RGB.h5,GAMUS,DC,64_36,train,images,government_urban
DC_64_38_RGB.h5,data\GAMUS\images\train\DC_64_38_RGB.h5,GAMUS,DC,64_38,train,images,government_urban
DC_64_39_RGB.h5,data\GAMUS\images\train\DC_64_39_RGB.h5,GAMUS,DC,64_39,train,images,government_urban
DC_64_41_RGB.h5,data\GAMUS\images\train\DC_64_41_RGB.h5,GAMUS,DC,64_41,train,images,government_urban
DC_64_45_RGB.h5,data\GAMUS\images\train\DC_64_45_RGB.h5,GAMUS,DC,64_45,train,images,government_urban
DC_64_46_RGB.h5,data\GAMUS\images\train\DC_64_46_RGB.h5,GAMUS,DC,64_46,train,images,government_urban
DC_64_47_RGB.h5,data\GAMUS\images\train\DC_64_47_RGB.h5,GAMUS,DC,64_47,train,images,government_urban
DC_65_34_RGB.h5,data\GAMUS\images\train\DC_65_34_RGB.h5,GAMUS,DC,65_34,train,images,government_urban
DC_65_35_RGB.h5,data\GAMUS\images\train\DC_65_35_RGB.h5,GAMUS,DC,65_35,train,images,government_urban
DC_65_37_RGB.h5,data\GAMUS\images\train\DC_65_37_RGB.h5,GAMUS,DC,65_37,train,images,government_urban
DC_65_38_RGB.h5,data\GAMUS\images\train\DC_65_38_RGB.h5,GAMUS,DC,65_38,train,images,government_urban
DC_65_39_RGB.h5,data\GAMUS\images\train\DC_65_39_RGB.h5,GAMUS,DC,65_39,train,images,government_urban
DC_65_41_RGB.h5,data\GAMUS\images\train\DC_65_41_RGB.h5,GAMUS,DC,65_41,train,images,government_urban
DC_65_43_RGB.h5,data\GAMUS\images\train\DC_65_43_RGB.h5,GAMUS,DC,65_43,train,images,government_urban
DC_66_32_RGB.h5,data\GAMUS\images\train\DC_66_32_RGB.h5,GAMUS,DC,66_32,train,images,government_urban
DC_66_33_RGB.h5,data\GAMUS\images\train\DC_66_33_RGB.h5,GAMUS,DC,66_33,train,images,government_urban
DC_66_34_RGB.h5,data\GAMUS\images\train\DC_66_34_RGB.h5,GAMUS,DC,66_34,train,images,government_urban
DC_66_35_RGB.h5,data\GAMUS\images\train\DC_66_35_RGB.h5,GAMUS,DC,66_35,train,images,government_urban
DC_66_36_RGB.h5,data\GAMUS\images\train\DC_66_36_RGB.h5,GAMUS,DC,66_36,train,images,government_urban
DC_66_37_RGB.h5,data\GAMUS\images\train\DC_66_37_RGB.h5,GAMUS,DC,66_37,train,images,government_urban
DC_66_41_RGB.h5,data\GAMUS\images\train\DC_66_41_RGB.h5,GAMUS,DC,66_41,train,images,government_urban
DC_66_42_RGB.h5,data\GAMUS\images\train\DC_66_42_RGB.h5,GAMUS,DC,66_42,train,images,government_urban
DC_67_33_RGB.h5,data\GAMUS\images\train\DC_67_33_RGB.h5,GAMUS,DC,67_33,train,images,government_urban
DC_67_34_RGB.h5,data\GAMUS\images\train\DC_67_34_RGB.h5,GAMUS,DC,67_34,train,images,government_urban
DC_67_35_RGB.h5,data\GAMUS\images\train\DC_67_35_RGB.h5,GAMUS,DC,67_35,train,images,government_urban
DC_67_38_RGB.h5,data\GAMUS\images\train\DC_67_38_RGB.h5,GAMUS,DC,67_38,train,images,government_urban
DC_67_41_RGB.h5,data\GAMUS\images\train\DC_67_41_RGB.h5,GAMUS,DC,67_41,train,images,government_urban
DC_67_42_RGB.h5,data\GAMUS\images\train\DC_67_42_RGB.h5,GAMUS,DC,67_42,train,images,government_urban
DC_67_43_RGB.h5,data\GAMUS\images\train\DC_67_43_RGB.h5,GAMUS,DC,67_43,train,images,government_urban
DC_67_44_RGB.h5,data\GAMUS\images\train\DC_67_44_RGB.h5,GAMUS,DC,67_44,train,images,government_urban
DC_68_31_RGB.h5,data\GAMUS\images\train\DC_68_31_RGB.h5,GAMUS,DC,68_31,train,images,government_urban
DC_68_32_RGB.h5,data\GAMUS\images\train\DC_68_32_RGB.h5,GAMUS,DC,68_32,train,images,government_urban
DC_68_33_RGB.h5,data\GAMUS\images\train\DC_68_33_RGB.h5,GAMUS,DC,68_33,train,images,government_urban
DC_68_35_RGB.h5,data\GAMUS\images\train\DC_68_35_RGB.h5,GAMUS,DC,68_35,train,images,government_urban
DC_68_36_RGB.h5,data\GAMUS\images\train\DC_68_36_RGB.h5,GAMUS,DC,68_36,train,images,government_urban
DC_68_37_RGB.h5,data\GAMUS\images\train\DC_68_37_RGB.h5,GAMUS,DC,68_37,train,images,government_urban
DC_68_38_RGB.h5,data\GAMUS\images\train\DC_68_38_RGB.h5,GAMUS,DC,68_38,train,images,government_urban
DC_68_39_RGB.h5,data\GAMUS\images\train\DC_68_39_RGB.h5,GAMUS,DC,68_39,train,images,government_urban
DC_68_41_RGB.h5,data\GAMUS\images\train\DC_68_41_RGB.h5,GAMUS,DC,68_41,train,images,government_urban
DC_68_42_RGB.h5,data\GAMUS\images\train\DC_68_42_RGB.h5,GAMUS,DC,68_42,train,images,government_urban
DC_68_43_RGB.h5,data\GAMUS\images\train\DC_68_43_RGB.h5,GAMUS,DC,68_43,train,images,government_urban
DC_69_32_RGB.h5,data\GAMUS\images\train\DC_69_32_RGB.h5,GAMUS,DC,69_32,train,images,government_urban
DC_69_33_RGB.h5,data\GAMUS\images\train\DC_69_33_RGB.h5,GAMUS,DC,69_33,train,images,government_urban
DC_69_34_RGB.h5,data\GAMUS\images\train\DC_69_34_RGB.h5,GAMUS,DC,69_34,train,images,government_urban
DC_69_35_RGB.h5,data\GAMUS\images\train\DC_69_35_RGB.h5,GAMUS,DC,69_35,train,images,government_urban
DC_69_38_RGB.h5,data\GAMUS\images\train\DC_69_38_RGB.h5,GAMUS,DC,69_38,train,images,government_urban
DC_69_39_RGB.h5,data\GAMUS\images\train\DC_69_39_RGB.h5,GAMUS,DC,69_39,train,images,government_urban
DC_69_40_RGB.h5,data\GAMUS\images\train\DC_69_40_RGB.h5,GAMUS,DC,69_40,train,images,government_urban
DC_69_41_RGB.h5,data\GAMUS\images\train\DC_69_41_RGB.h5,GAMUS,DC,69_41,train,images,government_urban
DC_69_42_RGB.h5,data\GAMUS\images\train\DC_69_42_RGB.h5,GAMUS,DC,69_42,train,images,government_urban
DC_70_31_RGB.h5,data\GAMUS\images\train\DC_70_31_RGB.h5,GAMUS,DC,70_31,train,images,government_urban
DC_70_33_RGB.h5,data\GAMUS\images\train\DC_70_33_RGB.h5,GAMUS,DC,70_33,train,images,government_urban
DC_70_34_RGB.h5,data\GAMUS\images\train\DC_70_34_RGB.h5,GAMUS,DC,70_34,train,images,government_urban
DC_70_35_RGB.h5,data\GAMUS\images\train\DC_70_35_RGB.h5,GAMUS,DC,70_35,train,images,government_urban
DC_70_37_RGB.h5,data\GAMUS\images\train\DC_70_37_RGB.h5,GAMUS,DC,70_37,train,images,government_urban
DC_70_38_RGB.h5,data\GAMUS\images\train\DC_70_38_RGB.h5,GAMUS,DC,70_38,train,images,government_urban
DC_70_39_RGB.h5,data\GAMUS\images\train\DC_70_39_RGB.h5,GAMUS,DC,70_39,train,images,government_urban
DC_70_42_RGB.h5,data\GAMUS\images\train\DC_70_42_RGB.h5,GAMUS,DC,70_42,train,images,government_urban
DC_71_30_RGB.h5,data\GAMUS\images\train\DC_71_30_RGB.h5,GAMUS,DC,71_30,train,images,government_urban
DC_71_31_RGB.h5,data\GAMUS\images\train\DC_71_31_RGB.h5,GAMUS,DC,71_31,train,images,government_urban
DC_71_32_RGB.h5,data\GAMUS\images\train\DC_71_32_RGB.h5,GAMUS,DC,71_32,train,images,government_urban
DC_71_34_RGB.h5,data\GAMUS\images\train\DC_71_34_RGB.h5,GAMUS,DC,71_34,train,images,government_urban
DC_71_35_RGB.h5,data\GAMUS\images\train\DC_71_35_RGB.h5,GAMUS,DC,71_35,train,images,government_urban
DC_71_36_RGB.h5,data\GAMUS\images\train\DC_71_36_RGB.h5,GAMUS,DC,71_36,train,images,government_urban
DC_71_37_RGB.h5,data\GAMUS\images\train\DC_71_37_RGB.h5,GAMUS,DC,71_37,train,images,government_urban
DC_71_38_RGB.h5,data\GAMUS\images\train\DC_71_38_RGB.h5,GAMUS,DC,71_38,train,images,government_urban
DC_71_39_RGB.h5,data\GAMUS\images\train\DC_71_39_RGB.h5,GAMUS,DC,71_39,train,images,government_urban
DC_71_40_RGB.h5,data\GAMUS\images\train\DC_71_40_RGB.h5,GAMUS,DC,71_40,train,images,government_urban
DC_72_31_RGB.h5,data\GAMUS\images\train\DC_72_31_RGB.h5,GAMUS,DC,72_31,train,images,government_urban
DC_72_34_RGB.h5,data\GAMUS\images\train\DC_72_34_RGB.h5,GAMUS,DC,72_34,train,images,government_urban
DC_72_35_RGB.h5,data\GAMUS\images\train\DC_72_35_RGB.h5,GAMUS,DC,72_35,train,images,government_urban
DC_72_36_RGB.h5,data\GAMUS\images\train\DC_72_36_RGB.h5,GAMUS,DC,72_36,train,images,government_urban
DC_72_38_RGB.h5,data\GAMUS\images\train\DC_72_38_RGB.h5,GAMUS,DC,72_38,train,images,government_urban
DC_73_33_RGB.h5,data\GAMUS\images\train\DC_73_33_RGB.h5,GAMUS,DC,73_33,train,images,government_urban
DC_73_34_RGB.h5,data\GAMUS\images\train\DC_73_34_RGB.h5,GAMUS,DC,73_34,train,images,government_urban
DC_73_35_RGB.h5,data\GAMUS\images\train\DC_73_35_RGB.h5,GAMUS,DC,73_35,train,images,government_urban
DC_73_36_RGB.h5,data\GAMUS\images\train\DC_73_36_RGB.h5,GAMUS,DC,73_36,train,images,government_urban
DC_73_37_RGB.h5,data\GAMUS\images\train\DC_73_37_RGB.h5,GAMUS,DC,73_37,train,images,government_urban
DC_74_32_RGB.h5,data\GAMUS\images\train\DC_74_32_RGB.h5,GAMUS,DC,74_32,train,images,government_urban
DC_74_34_RGB.h5,data\GAMUS\images\train\DC_74_34_RGB.h5,GAMUS,DC,74_34,train,images,government_urban
DC_74_35_RGB.h5,data\GAMUS\images\train\DC_74_35_RGB.h5,GAMUS,DC,74_35,train,images,government_urban
DC_74_36_RGB.h5,data\GAMUS\images\train\DC_74_36_RGB.h5,GAMUS,DC,74_36,train,images,government_urban
DC_75_31_RGB.h5,data\GAMUS\images\train\DC_75_31_RGB.h5,GAMUS,DC,75_31,train,images,government_urban
DC_75_32_RGB.h5,data\GAMUS\images\train\DC_75_32_RGB.h5,GAMUS,DC,75_32,train,images,government_urban
DC_75_35_RGB.h5,data\GAMUS\images\train\DC_75_35_RGB.h5,GAMUS,DC,75_35,train,images,government_urban
DC_76_31_RGB.h5,data\GAMUS\images\train\DC_76_31_RGB.h5,GAMUS,DC,76_31,train,images,government_urban
DC_76_33_RGB.h5,data\GAMUS\images\train\DC_76_33_RGB.h5,GAMUS,DC,76_33,train,images,government_urban
DC_76_34_RGB.h5,data\GAMUS\images\train\DC_76_34_RGB.h5,GAMUS,DC,76_34,train,images,government_urban
DC_77_30_RGB.h5,data\GAMUS\images\train\DC_77_30_RGB.h5,GAMUS,DC,77_30,train,images,government_urban
DC_77_31_RGB.h5,data\GAMUS\images\train\DC_77_31_RGB.h5,GAMUS,DC,77_31,train,images,government_urban
DC_77_32_RGB.h5,data\GAMUS\images\train\DC_77_32_RGB.h5,GAMUS,DC,77_32,train,images,government_urban
DC_02_26_RGB.h5,data\GAMUS\images\val\DC_02_26_RGB.h5,GAMUS,DC,02_26,val,images,government_urban
DC_04_23_RGB.h5,data\GAMUS\images\val\DC_04_23_RGB.h5,GAMUS,DC,04_23,val,images,government_urban
DC_04_27_RGB.h5,data\GAMUS\images\val\DC_04_27_RGB.h5,GAMUS,DC,04_27,val,images,government_urban
DC_08_31_RGB.h5,data\GAMUS\images\val\DC_08_31_RGB.h5,GAMUS,DC,08_31,val,images,government_urban
DC_09_33_RGB.h5,data\GAMUS\images\val\DC_09_33_RGB.h5,GAMUS,DC,09_33,val,images,government_urban
DC_10_30_RGB.h5,data\GAMUS\images\val\DC_10_30_RGB.h5,GAMUS,DC,10_30,val,images,government_urban
DC_11_16_RGB.h5,data\GAMUS\images\val\DC_11_16_RGB.h5,GAMUS,DC,11_16,val,images,government_urban
DC_11_33_RGB.h5,data\GAMUS\images\val\DC_11_33_RGB.h5,GAMUS,DC,11_33,val,images,government_urban
DC_11_34_RGB.h5,data\GAMUS\images\val\DC_11_34_RGB.h5,GAMUS,DC,11_34,val,images,government_urban
DC_12_17_RGB.h5,data\GAMUS\images\val\DC_12_17_RGB.h5,GAMUS,DC,12_17,val,images,government_urban
DC_12_27_RGB.h5,data\GAMUS\images\val\DC_12_27_RGB.h5,GAMUS,DC,12_27,val,images,government_urban
DC_13_14_RGB.h5,data\GAMUS\images\val\DC_13_14_RGB.h5,GAMUS,DC,13_14,val,images,government_urban
DC_13_15_RGB.h5,data\GAMUS\images\val\DC_13_15_RGB.h5,GAMUS,DC,13_15,val,images,government_urban
DC_13_17_RGB.h5,data\GAMUS\images\val\DC_13_17_RGB.h5,GAMUS,DC,13_17,val,images,government_urban
DC_13_28_RGB.h5,data\GAMUS\images\val\DC_13_28_RGB.h5,GAMUS,DC,13_28,val,images,government_urban
DC_13_34_RGB.h5,data\GAMUS\images\val\DC_13_34_RGB.h5,GAMUS,DC,13_34,val,images,government_urban
DC_14_21_RGB.h5,data\GAMUS\images\val\DC_14_21_RGB.h5,GAMUS,DC,14_21,val,images,government_urban
DC_14_24_RGB.h5,data\GAMUS\images\val\DC_14_24_RGB.h5,GAMUS,DC,14_24,val,images,government_urban
DC_14_32_RGB.h5,data\GAMUS\images\val\DC_14_32_RGB.h5,GAMUS,DC,14_32,val,images,government_urban
DC_14_35_RGB.h5,data\GAMUS\images\val\DC_14_35_RGB.h5,GAMUS,DC,14_35,val,images,government_urban
DC_15_13_RGB.h5,data\GAMUS\images\val\DC_15_13_RGB.h5,GAMUS,DC,15_13,val,images,government_urban
DC_15_15_RGB.h5,data\GAMUS\images\val\DC_15_15_RGB.h5,GAMUS,DC,15_15,val,images,government_urban
DC_15_17_RGB.h5,data\GAMUS\images\val\DC_15_17_RGB.h5,GAMUS,DC,15_17,val,images,government_urban
DC_15_20_RGB.h5,data\GAMUS\images\val\DC_15_20_RGB.h5,GAMUS,DC,15_20,val,images,government_urban
DC_15_23_RGB.h5,data\GAMUS\images\val\DC_15_23_RGB.h5,GAMUS,DC,15_23,val,images,government_urban
DC_15_39_RGB.h5,data\GAMUS\images\val\DC_15_39_RGB.h5,GAMUS,DC,15_39,val,images,government_urban
DC_15_40_RGB.h5,data\GAMUS\images\val\DC_15_40_RGB.h5,GAMUS,DC,15_40,val,images,government_urban
DC_16_14_RGB.h5,data\GAMUS\images\val\DC_16_14_RGB.h5,GAMUS,DC,16_14,val,images,government_urban
DC_16_15_RGB.h5,data\GAMUS\images\val\DC_16_15_RGB.h5,GAMUS,DC,16_15,val,images,government_urban
DC_16_21_RGB.h5,data\GAMUS\images\val\DC_16_21_RGB.h5,GAMUS,DC,16_21,val,images,government_urban
DC_16_28_RGB.h5,data\GAMUS\images\val\DC_16_28_RGB.h5,GAMUS,DC,16_28,val,images,government_urban
DC_16_33_RGB.h5,data\GAMUS\images\val\DC_16_33_RGB.h5,GAMUS,DC,16_33,val,images,government_urban
DC_16_37_RGB.h5,data\GAMUS\images\val\DC_16_37_RGB.h5,GAMUS,DC,16_37,val,images,government_urban
DC_17_20_RGB.h5,data\GAMUS\images\val\DC_17_20_RGB.h5,GAMUS,DC,17_20,val,images,government_urban
DC_17_36_RGB.h5,data\GAMUS\images\val\DC_17_36_RGB.h5,GAMUS,DC,17_36,val,images,government_urban
DC_17_37_RGB.h5,data\GAMUS\images\val\DC_17_37_RGB.h5,GAMUS,DC,17_37,val,images,government_urban
DC_17_38_RGB.h5,data\GAMUS\images\val\DC_17_38_RGB.h5,GAMUS,DC,17_38,val,images,government_urban
DC_18_13_RGB.h5,data\GAMUS\images\val\DC_18_13_RGB.h5,GAMUS,DC,18_13,val,images,government_urban
DC_18_17_RGB.h5,data\GAMUS\images\val\DC_18_17_RGB.h5,GAMUS,DC,18_17,val,images,government_urban
DC_18_24_RGB.h5,data\GAMUS\images\val\DC_18_24_RGB.h5,GAMUS,DC,18_24,val,images,government_urban
DC_18_28_RGB.h5,data\GAMUS\images\val\DC_18_28_RGB.h5,GAMUS,DC,18_28,val,images,government_urban
DC_18_39_RGB.h5,data\GAMUS\images\val\DC_18_39_RGB.h5,GAMUS,DC,18_39,val,images,government_urban
DC_18_43_RGB.h5,data\GAMUS\images\val\DC_18_43_RGB.h5,GAMUS,DC,18_43,val,images,government_urban
DC_19_16_RGB.h5,data\GAMUS\images\val\DC_19_16_RGB.h5,GAMUS,DC,19_16,val,images,government_urban
DC_19_21_RGB.h5,data\GAMUS\images\val\DC_19_21_RGB.h5,GAMUS,DC,19_21,val,images,government_urban
DC_19_26_RGB.h5,data\GAMUS\images\val\DC_19_26_RGB.h5,GAMUS,DC,19_26,val,images,government_urban
DC_19_27_RGB.h5,data\GAMUS\images\val\DC_19_27_RGB.h5,GAMUS,DC,19_27,val,images,government_urban
DC_19_42_RGB.h5,data\GAMUS\images\val\DC_19_42_RGB.h5,GAMUS,DC,19_42,val,images,government_urban
DC_20_07_RGB.h5,data\GAMUS\images\val\DC_20_07_RGB.h5,GAMUS,DC,20_07,val,images,government_urban
DC_20_09_RGB.h5,data\GAMUS\images\val\DC_20_09_RGB.h5,GAMUS,DC,20_09,val,images,government_urban
DC_20_13_RGB.h5,data\GAMUS\images\val\DC_20_13_RGB.h5,GAMUS,DC,20_13,val,images,government_urban
DC_20_14_RGB.h5,data\GAMUS\images\val\DC_20_14_RGB.h5,GAMUS,DC,20_14,val,images,government_urban
DC_20_18_RGB.h5,data\GAMUS\images\val\DC_20_18_RGB.h5,GAMUS,DC,20_18,val,images,government_urban
DC_20_19_RGB.h5,data\GAMUS\images\val\DC_20_19_RGB.h5,GAMUS,DC,20_19,val,images,government_urban
DC_20_29_RGB.h5,data\GAMUS\images\val\DC_20_29_RGB.h5,GAMUS,DC,20_29,val,images,government_urban
DC_20_33_RGB.h5,data\GAMUS\images\val\DC_20_33_RGB.h5,GAMUS,DC,20_33,val,images,government_urban
DC_20_36_RGB.h5,data\GAMUS\images\val\DC_20_36_RGB.h5,GAMUS,DC,20_36,val,images,government_urban
DC_21_07_RGB.h5,data\GAMUS\images\val\DC_21_07_RGB.h5,GAMUS,DC,21_07,val,images,government_urban
DC_21_11_RGB.h5,data\GAMUS\images\val\DC_21_11_RGB.h5,GAMUS,DC,21_11,val,images,government_urban
DC_21_16_RGB.h5,data\GAMUS\images\val\DC_21_16_RGB.h5,GAMUS,DC,21_16,val,images,government_urban
DC_21_24_RGB.h5,data\GAMUS\images\val\DC_21_24_RGB.h5,GAMUS,DC,21_24,val,images,government_urban
DC_21_27_RGB.h5,data\GAMUS\images\val\DC_21_27_RGB.h5,GAMUS,DC,21_27,val,images,government_urban
DC_21_29_RGB.h5,data\GAMUS\images\val\DC_21_29_RGB.h5,GAMUS,DC,21_29,val,images,government_urban
DC_21_32_RGB.h5,data\GAMUS\images\val\DC_21_32_RGB.h5,GAMUS,DC,21_32,val,images,government_urban
DC_21_33_RGB.h5,data\GAMUS\images\val\DC_21_33_RGB.h5,GAMUS,DC,21_33,val,images,government_urban
DC_21_40_RGB.h5,data\GAMUS\images\val\DC_21_40_RGB.h5,GAMUS,DC,21_40,val,images,government_urban
DC_22_07_RGB.h5,data\GAMUS\images\val\DC_22_07_RGB.h5,GAMUS,DC,22_07,val,images,government_urban
DC_22_14_RGB.h5,data\GAMUS\images\val\DC_22_14_RGB.h5,GAMUS,DC,22_14,val,images,government_urban
DC_22_18_RGB.h5,data\GAMUS\images\val\DC_22_18_RGB.h5,GAMUS,DC,22_18,val,images,government_urban
DC_22_24_RGB.h5,data\GAMUS\images\val\DC_22_24_RGB.h5,GAMUS,DC,22_24,val,images,government_urban
DC_22_25_RGB.h5,data\GAMUS\images\val\DC_22_25_RGB.h5,GAMUS,DC,22_25,val,images,government_urban
DC_22_26_RGB.h5,data\GAMUS\images\val\DC_22_26_RGB.h5,GAMUS,DC,22_26,val,images,government_urban
DC_22_32_RGB.h5,data\GAMUS\images\val\DC_22_32_RGB.h5,GAMUS,DC,22_32,val,images,government_urban
DC_22_42_RGB.h5,data\GAMUS\images\val\DC_22_42_RGB.h5,GAMUS,DC,22_42,val,images,government_urban
DC_23_06_RGB.h5,data\GAMUS\images\val\DC_23_06_RGB.h5,GAMUS,DC,23_06,val,images,government_urban
DC_23_09_RGB.h5,data\GAMUS\images\val\DC_23_09_RGB.h5,GAMUS,DC,23_09,val,images,government_urban
DC_23_21_RGB.h5,data\GAMUS\images\val\DC_23_21_RGB.h5,GAMUS,DC,23_21,val,images,government_urban
DC_23_24_RGB.h5,data\GAMUS\images\val\DC_23_24_RGB.h5,GAMUS,DC,23_24,val,images,government_urban
DC_23_25_RGB.h5,data\GAMUS\images\val\DC_23_25_RGB.h5,GAMUS,DC,23_25,val,images,government_urban
DC_23_45_RGB.h5,data\GAMUS\images\val\DC_23_45_RGB.h5,GAMUS,DC,23_45,val,images,government_urban
DC_24_09_RGB.h5,data\GAMUS\images\val\DC_24_09_RGB.h5,GAMUS,DC,24_09,val,images,government_urban
DC_24_23_RGB.h5,data\GAMUS\images\val\DC_24_23_RGB.h5,GAMUS,DC,24_23,val,images,government_urban
DC_24_26_RGB.h5,data\GAMUS\images\val\DC_24_26_RGB.h5,GAMUS,DC,24_26,val,images,government_urban
DC_24_29_RGB.h5,data\GAMUS\images\val\DC_24_29_RGB.h5,GAMUS,DC,24_29,val,images,government_urban
DC_25_02_RGB.h5,data\GAMUS\images\val\DC_25_02_RGB.h5,GAMUS,DC,25_02,val,images,government_urban
DC_25_09_RGB.h5,data\GAMUS\images\val\DC_25_09_RGB.h5,GAMUS,DC,25_09,val,images,government_urban
DC_25_15_RGB.h5,data\GAMUS\images\val\DC_25_15_RGB.h5,GAMUS,DC,25_15,val,images,government_urban
DC_25_27_RGB.h5,data\GAMUS\images\val\DC_25_27_RGB.h5,GAMUS,DC,25_27,val,images,government_urban
DC_25_28_RGB.h5,data\GAMUS\images\val\DC_25_28_RGB.h5,GAMUS,DC,25_28,val,images,government_urban
DC_25_36_RGB.h5,data\GAMUS\images\val\DC_25_36_RGB.h5,GAMUS,DC,25_36,val,images,government_urban
DC_26_05_RGB.h5,data\GAMUS\images\val\DC_26_05_RGB.h5,GAMUS,DC,26_05,val,images,government_urban
DC_26_13_RGB.h5,data\GAMUS\images\val\DC_26_13_RGB.h5,GAMUS,DC,26_13,val,images,government_urban
DC_26_20_RGB.h5,data\GAMUS\images\val\DC_26_20_RGB.h5,GAMUS,DC,26_20,val,images,government_urban
DC_26_35_RGB.h5,data\GAMUS\images\val\DC_26_35_RGB.h5,GAMUS,DC,26_35,val,images,government_urban
DC_26_36_RGB.h5,data\GAMUS\images\val\DC_26_36_RGB.h5,GAMUS,DC,26_36,val,images,government_urban
DC_26_45_RGB.h5,data\GAMUS\images\val\DC_26_45_RGB.h5,GAMUS,DC,26_45,val,images,government_urban
DC_26_47_RGB.h5,data\GAMUS\images\val\DC_26_47_RGB.h5,GAMUS,DC,26_47,val,images,government_urban
DC_27_02_RGB.h5,data\GAMUS\images\val\DC_27_02_RGB.h5,GAMUS,DC,27_02,val,images,government_urban
DC_27_03_RGB.h5,data\GAMUS\images\val\DC_27_03_RGB.h5,GAMUS,DC,27_03,val,images,government_urban
DC_27_10_RGB.h5,data\GAMUS\images\val\DC_27_10_RGB.h5,GAMUS,DC,27_10,val,images,government_urban
DC_27_16_RGB.h5,data\GAMUS\images\val\DC_27_16_RGB.h5,GAMUS,DC,27_16,val,images,government_urban
DC_27_25_RGB.h5,data\GAMUS\images\val\DC_27_25_RGB.h5,GAMUS,DC,27_25,val,images,government_urban
DC_27_30_RGB.h5,data\GAMUS\images\val\DC_27_30_RGB.h5,GAMUS,DC,27_30,val,images,government_urban
DC_27_31_RGB.h5,data\GAMUS\images\val\DC_27_31_RGB.h5,GAMUS,DC,27_31,val,images,government_urban
DC_27_32_RGB.h5,data\GAMUS\images\val\DC_27_32_RGB.h5,GAMUS,DC,27_32,val,images,government_urban
DC_27_37_RGB.h5,data\GAMUS\images\val\DC_27_37_RGB.h5,GAMUS,DC,27_37,val,images,government_urban
DC_27_41_RGB.h5,data\GAMUS\images\val\DC_27_41_RGB.h5,GAMUS,DC,27_41,val,images,government_urban
DC_27_48_RGB.h5,data\GAMUS\images\val\DC_27_48_RGB.h5,GAMUS,DC,27_48,val,images,government_urban
DC_27_49_RGB.h5,data\GAMUS\images\val\DC_27_49_RGB.h5,GAMUS,DC,27_49,val,images,government_urban
DC_28_06_RGB.h5,data\GAMUS\images\val\DC_28_06_RGB.h5,GAMUS,DC,28_06,val,images,government_urban
DC_28_07_RGB.h5,data\GAMUS\images\val\DC_28_07_RGB.h5,GAMUS,DC,28_07,val,images,government_urban
DC_28_10_RGB.h5,data\GAMUS\images\val\DC_28_10_RGB.h5,GAMUS,DC,28_10,val,images,government_urban
DC_28_12_RGB.h5,data\GAMUS\images\val\DC_28_12_RGB.h5,GAMUS,DC,28_12,val,images,government_urban
DC_28_21_RGB.h5,data\GAMUS\images\val\DC_28_21_RGB.h5,GAMUS,DC,28_21,val,images,government_urban
DC_28_25_RGB.h5,data\GAMUS\images\val\DC_28_25_RGB.h5,GAMUS,DC,28_25,val,images,government_urban
DC_28_31_RGB.h5,data\GAMUS\images\val\DC_28_31_RGB.h5,GAMUS,DC,28_31,val,images,government_urban
DC_28_32_RGB.h5,data\GAMUS\images\val\DC_28_32_RGB.h5,GAMUS,DC,28_32,val,images,government_urban
DC_28_47_RGB.h5,data\GAMUS\images\val\DC_28_47_RGB.h5,GAMUS,DC,28_47,val,images,government_urban
DC_29_02_RGB.h5,data\GAMUS\images\val\DC_29_02_RGB.h5,GAMUS,DC,29_02,val,images,government_urban
DC_29_06_RGB.h5,data\GAMUS\images\val\DC_29_06_RGB.h5,GAMUS,DC,29_06,val,images,government_urban
DC_29_07_RGB.h5,data\GAMUS\images\val\DC_29_07_RGB.h5,GAMUS,DC,29_07,val,images,government_urban
DC_29_10_RGB.h5,data\GAMUS\images\val\DC_29_10_RGB.h5,GAMUS,DC,29_10,val,images,government_urban
DC_29_15_RGB.h5,data\GAMUS\images\val\DC_29_15_RGB.h5,GAMUS,DC,29_15,val,images,government_urban
DC_29_23_RGB.h5,data\GAMUS\images\val\DC_29_23_RGB.h5,GAMUS,DC,29_23,val,images,government_urban
DC_29_31_RGB.h5,data\GAMUS\images\val\DC_29_31_RGB.h5,GAMUS,DC,29_31,val,images,government_urban
DC_30_15_RGB.h5,data\GAMUS\images\val\DC_30_15_RGB.h5,GAMUS,DC,30_15,val,images,government_urban
DC_30_16_RGB.h5,data\GAMUS\images\val\DC_30_16_RGB.h5,GAMUS,DC,30_16,val,images,government_urban
DC_30_18_RGB.h5,data\GAMUS\images\val\DC_30_18_RGB.h5,GAMUS,DC,30_18,val,images,government_urban
DC_30_30_RGB.h5,data\GAMUS\images\val\DC_30_30_RGB.h5,GAMUS,DC,30_30,val,images,government_urban
DC_30_32_RGB.h5,data\GAMUS\images\val\DC_30_32_RGB.h5,GAMUS,DC,30_32,val,images,government_urban
DC_30_34_RGB.h5,data\GAMUS\images\val\DC_30_34_RGB.h5,GAMUS,DC,30_34,val,images,government_urban
DC_30_37_RGB.h5,data\GAMUS\images\val\DC_30_37_RGB.h5,GAMUS,DC,30_37,val,images,government_urban
DC_30_40_RGB.h5,data\GAMUS\images\val\DC_30_40_RGB.h5,GAMUS,DC,30_40,val,images,government_urban
DC_30_52_RGB.h5,data\GAMUS\images\val\DC_30_52_RGB.h5,GAMUS,DC,30_52,val,images,government_urban
DC_31_03_RGB.h5,data\GAMUS\images\val\DC_31_03_RGB.h5,GAMUS,DC,31_03,val,images,government_urban
DC_31_07_RGB.h5,data\GAMUS\images\val\DC_31_07_RGB.h5,GAMUS,DC,31_07,val,images,government_urban
DC_31_15_RGB.h5,data\GAMUS\images\val\DC_31_15_RGB.h5,GAMUS,DC,31_15,val,images,government_urban
DC_31_20_RGB.h5,data\GAMUS\images\val\DC_31_20_RGB.h5,GAMUS,DC,31_20,val,images,government_urban
DC_31_21_RGB.h5,data\GAMUS\images\val\DC_31_21_RGB.h5,GAMUS,DC,31_21,val,images,government_urban
DC_31_42_RGB.h5,data\GAMUS\images\val\DC_31_42_RGB.h5,GAMUS,DC,31_42,val,images,government_urban
DC_31_43_RGB.h5,data\GAMUS\images\val\DC_31_43_RGB.h5,GAMUS,DC,31_43,val,images,government_urban
DC_31_51_RGB.h5,data\GAMUS\images\val\DC_31_51_RGB.h5,GAMUS,DC,31_51,val,images,government_urban
DC_32_09_RGB.h5,data\GAMUS\images\val\DC_32_09_RGB.h5,GAMUS,DC,32_09,val,images,government_urban
DC_32_12_RGB.h5,data\GAMUS\images\val\DC_32_12_RGB.h5,GAMUS,DC,32_12,val,images,government_urban
DC_32_21_RGB.h5,data\GAMUS\images\val\DC_32_21_RGB.h5,GAMUS,DC,32_21,val,images,government_urban
DC_32_35_RGB.h5,data\GAMUS\images\val\DC_32_35_RGB.h5,GAMUS,DC,32_35,val,images,government_urban
DC_32_40_RGB.h5,data\GAMUS\images\val\DC_32_40_RGB.h5,GAMUS,DC,32_40,val,images,government_urban
DC_32_43_RGB.h5,data\GAMUS\images\val\DC_32_43_RGB.h5,GAMUS,DC,32_43,val,images,government_urban
DC_32_47_RGB.h5,data\GAMUS\images\val\DC_32_47_RGB.h5,GAMUS,DC,32_47,val,images,government_urban
DC_32_53_RGB.h5,data\GAMUS\images\val\DC_32_53_RGB.h5,GAMUS,DC,32_53,val,images,government_urban
DC_33_19_RGB.h5,data\GAMUS\images\val\DC_33_19_RGB.h5,GAMUS,DC,33_19,val,images,government_urban
DC_33_22_RGB.h5,data\GAMUS\images\val\DC_33_22_RGB.h5,GAMUS,DC,33_22,val,images,government_urban
DC_33_26_RGB.h5,data\GAMUS\images\val\DC_33_26_RGB.h5,GAMUS,DC,33_26,val,images,government_urban
DC_33_27_RGB.h5,data\GAMUS\images\val\DC_33_27_RGB.h5,GAMUS,DC,33_27,val,images,government_urban
DC_33_40_RGB.h5,data\GAMUS\images\val\DC_33_40_RGB.h5,GAMUS,DC,33_40,val,images,government_urban
DC_33_41_RGB.h5,data\GAMUS\images\val\DC_33_41_RGB.h5,GAMUS,DC,33_41,val,images,government_urban
DC_33_52_RGB.h5,data\GAMUS\images\val\DC_33_52_RGB.h5,GAMUS,DC,33_52,val,images,government_urban
DC_34_11_RGB.h5,data\GAMUS\images\val\DC_34_11_RGB.h5,GAMUS,DC,34_11,val,images,government_urban
DC_34_12_RGB.h5,data\GAMUS\images\val\DC_34_12_RGB.h5,GAMUS,DC,34_12,val,images,government_urban
DC_34_22_RGB.h5,data\GAMUS\images\val\DC_34_22_RGB.h5,GAMUS,DC,34_22,val,images,government_urban
DC_34_28_RGB.h5,data\GAMUS\images\val\DC_34_28_RGB.h5,GAMUS,DC,34_28,val,images,government_urban
DC_34_33_RGB.h5,data\GAMUS\images\val\DC_34_33_RGB.h5,GAMUS,DC,34_33,val,images,government_urban
DC_34_36_RGB.h5,data\GAMUS\images\val\DC_34_36_RGB.h5,GAMUS,DC,34_36,val,images,government_urban
DC_34_38_RGB.h5,data\GAMUS\images\val\DC_34_38_RGB.h5,GAMUS,DC,34_38,val,images,government_urban
DC_34_41_RGB.h5,data\GAMUS\images\val\DC_34_41_RGB.h5,GAMUS,DC,34_41,val,images,government_urban
DC_34_45_RGB.h5,data\GAMUS\images\val\DC_34_45_RGB.h5,GAMUS,DC,34_45,val,images,government_urban
DC_35_09_RGB.h5,data\GAMUS\images\val\DC_35_09_RGB.h5,GAMUS,DC,35_09,val,images,government_urban
DC_35_10_RGB.h5,data\GAMUS\images\val\DC_35_10_RGB.h5,GAMUS,DC,35_10,val,images,government_urban
DC_35_20_RGB.h5,data\GAMUS\images\val\DC_35_20_RGB.h5,GAMUS,DC,35_20,val,images,government_urban
DC_35_34_RGB.h5,data\GAMUS\images\val\DC_35_34_RGB.h5,GAMUS,DC,35_34,val,images,government_urban
DC_35_44_RGB.h5,data\GAMUS\images\val\DC_35_44_RGB.h5,GAMUS,DC,35_44,val,images,government_urban
DC_35_47_RGB.h5,data\GAMUS\images\val\DC_35_47_RGB.h5,GAMUS,DC,35_47,val,images,government_urban
DC_36_07_RGB.h5,data\GAMUS\images\val\DC_36_07_RGB.h5,GAMUS,DC,36_07,val,images,government_urban
DC_36_20_RGB.h5,data\GAMUS\images\val\DC_36_20_RGB.h5,GAMUS,DC,36_20,val,images,government_urban
DC_36_36_RGB.h5,data\GAMUS\images\val\DC_36_36_RGB.h5,GAMUS,DC,36_36,val,images,government_urban
DC_36_45_RGB.h5,data\GAMUS\images\val\DC_36_45_RGB.h5,GAMUS,DC,36_45,val,images,government_urban
DC_36_58_RGB.h5,data\GAMUS\images\val\DC_36_58_RGB.h5,GAMUS,DC,36_58,val,images,government_urban
DC_37_10_RGB.h5,data\GAMUS\images\val\DC_37_10_RGB.h5,GAMUS,DC,37_10,val,images,government_urban
DC_37_14_RGB.h5,data\GAMUS\images\val\DC_37_14_RGB.h5,GAMUS,DC,37_14,val,images,government_urban
DC_37_26_RGB.h5,data\GAMUS\images\val\DC_37_26_RGB.h5,GAMUS,DC,37_26,val,images,government_urban
DC_37_29_RGB.h5,data\GAMUS\images\val\DC_37_29_RGB.h5,GAMUS,DC,37_29,val,images,government_urban
DC_37_41_RGB.h5,data\GAMUS\images\val\DC_37_41_RGB.h5,GAMUS,DC,37_41,val,images,government_urban
DC_37_42_RGB.h5,data\GAMUS\images\val\DC_37_42_RGB.h5,GAMUS,DC,37_42,val,images,government_urban
DC_37_44_RGB.h5,data\GAMUS\images\val\DC_37_44_RGB.h5,GAMUS,DC,37_44,val,images,government_urban
DC_37_59_RGB.h5,data\GAMUS\images\val\DC_37_59_RGB.h5,GAMUS,DC,37_59,val,images,government_urban
DC_38_11_RGB.h5,data\GAMUS\images\val\DC_38_11_RGB.h5,GAMUS,DC,38_11,val,images,government_urban
DC_38_12_RGB.h5,data\GAMUS\images\val\DC_38_12_RGB.h5,GAMUS,DC,38_12,val,images,government_urban
DC_38_27_RGB.h5,data\GAMUS\images\val\DC_38_27_RGB.h5,GAMUS,DC,38_27,val,images,government_urban
DC_38_35_RGB.h5,data\GAMUS\images\val\DC_38_35_RGB.h5,GAMUS,DC,38_35,val,images,government_urban
DC_38_44_RGB.h5,data\GAMUS\images\val\DC_38_44_RGB.h5,GAMUS,DC,38_44,val,images,government_urban
DC_38_45_RGB.h5,data\GAMUS\images\val\DC_38_45_RGB.h5,GAMUS,DC,38_45,val,images,government_urban
DC_38_51_RGB.h5,data\GAMUS\images\val\DC_38_51_RGB.h5,GAMUS,DC,38_51,val,images,government_urban
DC_38_52_RGB.h5,data\GAMUS\images\val\DC_38_52_RGB.h5,GAMUS,DC,38_52,val,images,government_urban
DC_38_59_RGB.h5,data\GAMUS\images\val\DC_38_59_RGB.h5,GAMUS,DC,38_59,val,images,government_urban
DC_39_22_RGB.h5,data\GAMUS\images\val\DC_39_22_RGB.h5,GAMUS,DC,39_22,val,images,government_urban
DC_39_32_RGB.h5,data\GAMUS\images\val\DC_39_32_RGB.h5,GAMUS,DC,39_32,val,images,government_urban
DC_39_34_RGB.h5,data\GAMUS\images\val\DC_39_34_RGB.h5,GAMUS,DC,39_34,val,images,government_urban
DC_39_36_RGB.h5,data\GAMUS\images\val\DC_39_36_RGB.h5,GAMUS,DC,39_36,val,images,government_urban
DC_39_45_RGB.h5,data\GAMUS\images\val\DC_39_45_RGB.h5,GAMUS,DC,39_45,val,images,government_urban
DC_39_53_RGB.h5,data\GAMUS\images\val\DC_39_53_RGB.h5,GAMUS,DC,39_53,val,images,government_urban
DC_39_56_RGB.h5,data\GAMUS\images\val\DC_39_56_RGB.h5,GAMUS,DC,39_56,val,images,government_urban
DC_40_29_RGB.h5,data\GAMUS\images\val\DC_40_29_RGB.h5,GAMUS,DC,40_29,val,images,government_urban
DC_40_34_RGB.h5,data\GAMUS\images\val\DC_40_34_RGB.h5,GAMUS,DC,40_34,val,images,government_urban
DC_40_40_RGB.h5,data\GAMUS\images\val\DC_40_40_RGB.h5,GAMUS,DC,40_40,val,images,government_urban
DC_40_41_RGB.h5,data\GAMUS\images\val\DC_40_41_RGB.h5,GAMUS,DC,40_41,val,images,government_urban
DC_40_46_RGB.h5,data\GAMUS\images\val\DC_40_46_RGB.h5,GAMUS,DC,40_46,val,images,government_urban
DC_40_62_RGB.h5,data\GAMUS\images\val\DC_40_62_RGB.h5,GAMUS,DC,40_62,val,images,government_urban
DC_40_64_RGB.h5,data\GAMUS\images\val\DC_40_64_RGB.h5,GAMUS,DC,40_64,val,images,government_urban
DC_41_23_RGB.h5,data\GAMUS\images\val\DC_41_23_RGB.h5,GAMUS,DC,41_23,val,images,government_urban
DC_41_26_RGB.h5,data\GAMUS\images\val\DC_41_26_RGB.h5,GAMUS,DC,41_26,val,images,government_urban
DC_41_27_RGB.h5,data\GAMUS\images\val\DC_41_27_RGB.h5,GAMUS,DC,41_27,val,images,government_urban
DC_41_42_RGB.h5,data\GAMUS\images\val\DC_41_42_RGB.h5,GAMUS,DC,41_42,val,images,government_urban
DC_41_54_RGB.h5,data\GAMUS\images\val\DC_41_54_RGB.h5,GAMUS,DC,41_54,val,images,government_urban
DC_41_56_RGB.h5,data\GAMUS\images\val\DC_41_56_RGB.h5,GAMUS,DC,41_56,val,images,government_urban
DC_41_60_RGB.h5,data\GAMUS\images\val\DC_41_60_RGB.h5,GAMUS,DC,41_60,val,images,government_urban
DC_42_26_RGB.h5,data\GAMUS\images\val\DC_42_26_RGB.h5,GAMUS,DC,42_26,val,images,government_urban
DC_42_27_RGB.h5,data\GAMUS\images\val\DC_42_27_RGB.h5,GAMUS,DC,42_27,val,images,government_urban
DC_42_28_RGB.h5,data\GAMUS\images\val\DC_42_28_RGB.h5,GAMUS,DC,42_28,val,images,government_urban
DC_42_29_RGB.h5,data\GAMUS\images\val\DC_42_29_RGB.h5,GAMUS,DC,42_29,val,images,government_urban
DC_42_36_RGB.h5,data\GAMUS\images\val\DC_42_36_RGB.h5,GAMUS,DC,42_36,val,images,government_urban
DC_42_37_RGB.h5,data\GAMUS\images\val\DC_42_37_RGB.h5,GAMUS,DC,42_37,val,images,government_urban
DC_42_43_RGB.h5,data\GAMUS\images\val\DC_42_43_RGB.h5,GAMUS,DC,42_43,val,images,government_urban
DC_42_44_RGB.h5,data\GAMUS\images\val\DC_42_44_RGB.h5,GAMUS,DC,42_44,val,images,government_urban
DC_42_60_RGB.h5,data\GAMUS\images\val\DC_42_60_RGB.h5,GAMUS,DC,42_60,val,images,government_urban
DC_42_63_RGB.h5,data\GAMUS\images\val\DC_42_63_RGB.h5,GAMUS,DC,42_63,val,images,government_urban
DC_43_24_RGB.h5,data\GAMUS\images\val\DC_43_24_RGB.h5,GAMUS,DC,43_24,val,images,government_urban
DC_43_32_RGB.h5,data\GAMUS\images\val\DC_43_32_RGB.h5,GAMUS,DC,43_32,val,images,government_urban
DC_43_45_RGB.h5,data\GAMUS\images\val\DC_43_45_RGB.h5,GAMUS,DC,43_45,val,images,government_urban
DC_43_47_RGB.h5,data\GAMUS\images\val\DC_43_47_RGB.h5,GAMUS,DC,43_47,val,images,government_urban
DC_43_49_RGB.h5,data\GAMUS\images\val\DC_43_49_RGB.h5,GAMUS,DC,43_49,val,images,government_urban
DC_43_50_RGB.h5,data\GAMUS\images\val\DC_43_50_RGB.h5,GAMUS,DC,43_50,val,images,government_urban
DC_43_52_RGB.h5,data\GAMUS\images\val\DC_43_52_RGB.h5,GAMUS,DC,43_52,val,images,government_urban
DC_43_59_RGB.h5,data\GAMUS\images\val\DC_43_59_RGB.h5,GAMUS,DC,43_59,val,images,government_urban
DC_43_65_RGB.h5,data\GAMUS\images\val\DC_43_65_RGB.h5,GAMUS,DC,43_65,val,images,government_urban
DC_43_67_RGB.h5,data\GAMUS\images\val\DC_43_67_RGB.h5,GAMUS,DC,43_67,val,images,government_urban
DC_44_24_RGB.h5,data\GAMUS\images\val\DC_44_24_RGB.h5,GAMUS,DC,44_24,val,images,government_urban
DC_44_25_RGB.h5,data\GAMUS\images\val\DC_44_25_RGB.h5,GAMUS,DC,44_25,val,images,government_urban
DC_44_28_RGB.h5,data\GAMUS\images\val\DC_44_28_RGB.h5,GAMUS,DC,44_28,val,images,government_urban
DC_44_36_RGB.h5,data\GAMUS\images\val\DC_44_36_RGB.h5,GAMUS,DC,44_36,val,images,government_urban
DC_44_37_RGB.h5,data\GAMUS\images\val\DC_44_37_RGB.h5,GAMUS,DC,44_37,val,images,government_urban
DC_44_43_RGB.h5,data\GAMUS\images\val\DC_44_43_RGB.h5,GAMUS,DC,44_43,val,images,government_urban
DC_44_48_RGB.h5,data\GAMUS\images\val\DC_44_48_RGB.h5,GAMUS,DC,44_48,val,images,government_urban
DC_44_55_RGB.h5,data\GAMUS\images\val\DC_44_55_RGB.h5,GAMUS,DC,44_55,val,images,government_urban
DC_44_61_RGB.h5,data\GAMUS\images\val\DC_44_61_RGB.h5,GAMUS,DC,44_61,val,images,government_urban
DC_45_37_RGB.h5,data\GAMUS\images\val\DC_45_37_RGB.h5,GAMUS,DC,45_37,val,images,government_urban
DC_45_43_RGB.h5,data\GAMUS\images\val\DC_45_43_RGB.h5,GAMUS,DC,45_43,val,images,government_urban
DC_45_44_RGB.h5,data\GAMUS\images\val\DC_45_44_RGB.h5,GAMUS,DC,45_44,val,images,government_urban
DC_45_55_RGB.h5,data\GAMUS\images\val\DC_45_55_RGB.h5,GAMUS,DC,45_55,val,images,government_urban
DC_45_57_RGB.h5,data\GAMUS\images\val\DC_45_57_RGB.h5,GAMUS,DC,45_57,val,images,government_urban
DC_45_58_RGB.h5,data\GAMUS\images\val\DC_45_58_RGB.h5,GAMUS,DC,45_58,val,images,government_urban
DC_45_62_RGB.h5,data\GAMUS\images\val\DC_45_62_RGB.h5,GAMUS,DC,45_62,val,images,government_urban
DC_46_27_RGB.h5,data\GAMUS\images\val\DC_46_27_RGB.h5,GAMUS,DC,46_27,val,images,government_urban
DC_46_29_RGB.h5,data\GAMUS\images\val\DC_46_29_RGB.h5,GAMUS,DC,46_29,val,images,government_urban
DC_46_32_RGB.h5,data\GAMUS\images\val\DC_46_32_RGB.h5,GAMUS,DC,46_32,val,images,government_urban
DC_46_34_RGB.h5,data\GAMUS\images\val\DC_46_34_RGB.h5,GAMUS,DC,46_34,val,images,government_urban
DC_46_47_RGB.h5,data\GAMUS\images\val\DC_46_47_RGB.h5,GAMUS,DC,46_47,val,images,government_urban
DC_46_58_RGB.h5,data\GAMUS\images\val\DC_46_58_RGB.h5,GAMUS,DC,46_58,val,images,government_urban
DC_47_28_RGB.h5,data\GAMUS\images\val\DC_47_28_RGB.h5,GAMUS,DC,47_28,val,images,government_urban
DC_47_41_RGB.h5,data\GAMUS\images\val\DC_47_41_RGB.h5,GAMUS,DC,47_41,val,images,government_urban
DC_47_52_RGB.h5,data\GAMUS\images\val\DC_47_52_RGB.h5,GAMUS,DC,47_52,val,images,government_urban
DC_48_20_RGB.h5,data\GAMUS\images\val\DC_48_20_RGB.h5,GAMUS,DC,48_20,val,images,government_urban
DC_48_26_RGB.h5,data\GAMUS\images\val\DC_48_26_RGB.h5,GAMUS,DC,48_26,val,images,government_urban
DC_48_31_RGB.h5,data\GAMUS\images\val\DC_48_31_RGB.h5,GAMUS,DC,48_31,val,images,government_urban
DC_48_32_RGB.h5,data\GAMUS\images\val\DC_48_32_RGB.h5,GAMUS,DC,48_32,val,images,government_urban
DC_48_56_RGB.h5,data\GAMUS\images\val\DC_48_56_RGB.h5,GAMUS,DC,48_56,val,images,government_urban
DC_49_22_RGB.h5,data\GAMUS\images\val\DC_49_22_RGB.h5,GAMUS,DC,49_22,val,images,government_urban
DC_49_27_RGB.h5,data\GAMUS\images\val\DC_49_27_RGB.h5,GAMUS,DC,49_27,val,images,government_urban
DC_49_41_RGB.h5,data\GAMUS\images\val\DC_49_41_RGB.h5,GAMUS,DC,49_41,val,images,government_urban
DC_49_48_RGB.h5,data\GAMUS\images\val\DC_49_48_RGB.h5,GAMUS,DC,49_48,val,images,government_urban
DC_49_49_RGB.h5,data\GAMUS\images\val\DC_49_49_RGB.h5,GAMUS,DC,49_49,val,images,government_urban
DC_49_53_RGB.h5,data\GAMUS\images\val\DC_49_53_RGB.h5,GAMUS,DC,49_53,val,images,government_urban
DC_49_55_RGB.h5,data\GAMUS\images\val\DC_49_55_RGB.h5,GAMUS,DC,49_55,val,images,government_urban
DC_49_58_RGB.h5,data\GAMUS\images\val\DC_49_58_RGB.h5,GAMUS,DC,49_58,val,images,government_urban
DC_50_23_RGB.h5,data\GAMUS\images\val\DC_50_23_RGB.h5,GAMUS,DC,50_23,val,images,government_urban
DC_50_29_RGB.h5,data\GAMUS\images\val\DC_50_29_RGB.h5,GAMUS,DC,50_29,val,images,government_urban
DC_50_31_RGB.h5,data\GAMUS\images\val\DC_50_31_RGB.h5,GAMUS,DC,50_31,val,images,government_urban
DC_50_32_RGB.h5,data\GAMUS\images\val\DC_50_32_RGB.h5,GAMUS,DC,50_32,val,images,government_urban
DC_50_41_RGB.h5,data\GAMUS\images\val\DC_50_41_RGB.h5,GAMUS,DC,50_41,val,images,government_urban
DC_50_51_RGB.h5,data\GAMUS\images\val\DC_50_51_RGB.h5,GAMUS,DC,50_51,val,images,government_urban
DC_51_36_RGB.h5,data\GAMUS\images\val\DC_51_36_RGB.h5,GAMUS,DC,51_36,val,images,government_urban
DC_51_40_RGB.h5,data\GAMUS\images\val\DC_51_40_RGB.h5,GAMUS,DC,51_40,val,images,government_urban
DC_51_45_RGB.h5,data\GAMUS\images\val\DC_51_45_RGB.h5,GAMUS,DC,51_45,val,images,government_urban
DC_51_51_RGB.h5,data\GAMUS\images\val\DC_51_51_RGB.h5,GAMUS,DC,51_51,val,images,government_urban
DC_51_53_RGB.h5,data\GAMUS\images\val\DC_51_53_RGB.h5,GAMUS,DC,51_53,val,images,government_urban
DC_51_59_RGB.h5,data\GAMUS\images\val\DC_51_59_RGB.h5,GAMUS,DC,51_59,val,images,government_urban
DC_52_29_RGB.h5,data\GAMUS\images\val\DC_52_29_RGB.h5,GAMUS,DC,52_29,val,images,government_urban
DC_52_30_RGB.h5,data\GAMUS\images\val\DC_52_30_RGB.h5,GAMUS,DC,52_30,val,images,government_urban
DC_52_34_RGB.h5,data\GAMUS\images\val\DC_52_34_RGB.h5,GAMUS,DC,52_34,val,images,government_urban
DC_52_44_RGB.h5,data\GAMUS\images\val\DC_52_44_RGB.h5,GAMUS,DC,52_44,val,images,government_urban
DC_52_46_RGB.h5,data\GAMUS\images\val\DC_52_46_RGB.h5,GAMUS,DC,52_46,val,images,government_urban
DC_52_50_RGB.h5,data\GAMUS\images\val\DC_52_50_RGB.h5,GAMUS,DC,52_50,val,images,government_urban
DC_52_58_RGB.h5,data\GAMUS\images\val\DC_52_58_RGB.h5,GAMUS,DC,52_58,val,images,government_urban
DC_53_34_RGB.h5,data\GAMUS\images\val\DC_53_34_RGB.h5,GAMUS,DC,53_34,val,images,government_urban
DC_53_35_RGB.h5,data\GAMUS\images\val\DC_53_35_RGB.h5,GAMUS,DC,53_35,val,images,government_urban
DC_53_44_RGB.h5,data\GAMUS\images\val\DC_53_44_RGB.h5,GAMUS,DC,53_44,val,images,government_urban
DC_53_47_RGB.h5,data\GAMUS\images\val\DC_53_47_RGB.h5,GAMUS,DC,53_47,val,images,government_urban
DC_54_25_RGB.h5,data\GAMUS\images\val\DC_54_25_RGB.h5,GAMUS,DC,54_25,val,images,government_urban
DC_54_31_RGB.h5,data\GAMUS\images\val\DC_54_31_RGB.h5,GAMUS,DC,54_31,val,images,government_urban
DC_54_34_RGB.h5,data\GAMUS\images\val\DC_54_34_RGB.h5,GAMUS,DC,54_34,val,images,government_urban
DC_54_42_RGB.h5,data\GAMUS\images\val\DC_54_42_RGB.h5,GAMUS,DC,54_42,val,images,government_urban
DC_54_47_RGB.h5,data\GAMUS\images\val\DC_54_47_RGB.h5,GAMUS,DC,54_47,val,images,government_urban
DC_54_52_RGB.h5,data\GAMUS\images\val\DC_54_52_RGB.h5,GAMUS,DC,54_52,val,images,government_urban
DC_54_54_RGB.h5,data\GAMUS\images\val\DC_54_54_RGB.h5,GAMUS,DC,54_54,val,images,government_urban
DC_55_34_RGB.h5,data\GAMUS\images\val\DC_55_34_RGB.h5,GAMUS,DC,55_34,val,images,government_urban
DC_55_39_RGB.h5,data\GAMUS\images\val\DC_55_39_RGB.h5,GAMUS,DC,55_39,val,images,government_urban
DC_55_42_RGB.h5,data\GAMUS\images\val\DC_55_42_RGB.h5,GAMUS,DC,55_42,val,images,government_urban
DC_55_46_RGB.h5,data\GAMUS\images\val\DC_55_46_RGB.h5,GAMUS,DC,55_46,val,images,government_urban
DC_55_50_RGB.h5,data\GAMUS\images\val\DC_55_50_RGB.h5,GAMUS,DC,55_50,val,images,government_urban
DC_55_56_RGB.h5,data\GAMUS\images\val\DC_55_56_RGB.h5,GAMUS,DC,55_56,val,images,government_urban
DC_56_37_RGB.h5,data\GAMUS\images\val\DC_56_37_RGB.h5,GAMUS,DC,56_37,val,images,government_urban
DC_56_38_RGB.h5,data\GAMUS\images\val\DC_56_38_RGB.h5,GAMUS,DC,56_38,val,images,government_urban
DC_56_42_RGB.h5,data\GAMUS\images\val\DC_56_42_RGB.h5,GAMUS,DC,56_42,val,images,government_urban
DC_56_45_RGB.h5,data\GAMUS\images\val\DC_56_45_RGB.h5,GAMUS,DC,56_45,val,images,government_urban
DC_56_47_RGB.h5,data\GAMUS\images\val\DC_56_47_RGB.h5,GAMUS,DC,56_47,val,images,government_urban
DC_57_43_RGB.h5,data\GAMUS\images\val\DC_57_43_RGB.h5,GAMUS,DC,57_43,val,images,government_urban
DC_57_48_RGB.h5,data\GAMUS\images\val\DC_57_48_RGB.h5,GAMUS,DC,57_48,val,images,government_urban
DC_57_50_RGB.h5,data\GAMUS\images\val\DC_57_50_RGB.h5,GAMUS,DC,57_50,val,images,government_urban
DC_57_51_RGB.h5,data\GAMUS\images\val\DC_57_51_RGB.h5,GAMUS,DC,57_51,val,images,government_urban
DC_57_54_RGB.h5,data\GAMUS\images\val\DC_57_54_RGB.h5,GAMUS,DC,57_54,val,images,government_urban
DC_58_37_RGB.h5,data\GAMUS\images\val\DC_58_37_RGB.h5,GAMUS,DC,58_37,val,images,government_urban
DC_58_38_RGB.h5,data\GAMUS\images\val\DC_58_38_RGB.h5,GAMUS,DC,58_38,val,images,government_urban
DC_58_39_RGB.h5,data\GAMUS\images\val\DC_58_39_RGB.h5,GAMUS,DC,58_39,val,images,government_urban
DC_58_43_RGB.h5,data\GAMUS\images\val\DC_58_43_RGB.h5,GAMUS,DC,58_43,val,images,government_urban
DC_58_44_RGB.h5,data\GAMUS\images\val\DC_58_44_RGB.h5,GAMUS,DC,58_44,val,images,government_urban
DC_58_45_RGB.h5,data\GAMUS\images\val\DC_58_45_RGB.h5,GAMUS,DC,58_45,val,images,government_urban
DC_58_46_RGB.h5,data\GAMUS\images\val\DC_58_46_RGB.h5,GAMUS,DC,58_46,val,images,government_urban
DC_58_51_RGB.h5,data\GAMUS\images\val\DC_58_51_RGB.h5,GAMUS,DC,58_51,val,images,government_urban
DC_59_36_RGB.h5,data\GAMUS\images\val\DC_59_36_RGB.h5,GAMUS,DC,59_36,val,images,government_urban
DC_59_46_RGB.h5,data\GAMUS\images\val\DC_59_46_RGB.h5,GAMUS,DC,59_46,val,images,government_urban
DC_60_45_RGB.h5,data\GAMUS\images\val\DC_60_45_RGB.h5,GAMUS,DC,60_45,val,images,government_urban
DC_61_46_RGB.h5,data\GAMUS\images\val\DC_61_46_RGB.h5,GAMUS,DC,61_46,val,images,government_urban
DC_61_48_RGB.h5,data\GAMUS\images\val\DC_61_48_RGB.h5,GAMUS,DC,61_48,val,images,government_urban
DC_62_40_RGB.h5,data\GAMUS\images\val\DC_62_40_RGB.h5,GAMUS,DC,62_40,val,images,government_urban
DC_63_33_RGB.h5,data\GAMUS\images\val\DC_63_33_RGB.h5,GAMUS,DC,63_33,val,images,government_urban
DC_63_41_RGB.h5,data\GAMUS\images\val\DC_63_41_RGB.h5,GAMUS,DC,63_41,val,images,government_urban
DC_63_42_RGB.h5,data\GAMUS\images\val\DC_63_42_RGB.h5,GAMUS,DC,63_42,val,images,government_urban
DC_64_34_RGB.h5,data\GAMUS\images\val\DC_64_34_RGB.h5,GAMUS,DC,64_34,val,images,government_urban
DC_64_42_RGB.h5,data\GAMUS\images\val\DC_64_42_RGB.h5,GAMUS,DC,64_42,val,images,government_urban
DC_64_44_RGB.h5,data\GAMUS\images\val\DC_64_44_RGB.h5,GAMUS,DC,64_44,val,images,government_urban
DC_65_32_RGB.h5,data\GAMUS\images\val\DC_65_32_RGB.h5,GAMUS,DC,65_32,val,images,government_urban
DC_65_33_RGB.h5,data\GAMUS\images\val\DC_65_33_RGB.h5,GAMUS,DC,65_33,val,images,government_urban
DC_65_36_RGB.h5,data\GAMUS\images\val\DC_65_36_RGB.h5,GAMUS,DC,65_36,val,images,government_urban
DC_65_44_RGB.h5,data\GAMUS\images\val\DC_65_44_RGB.h5,GAMUS,DC,65_44,val,images,government_urban
DC_66_38_RGB.h5,data\GAMUS\images\val\DC_66_38_RGB.h5,GAMUS,DC,66_38,val,images,government_urban
DC_66_39_RGB.h5,data\GAMUS\images\val\DC_66_39_RGB.h5,GAMUS,DC,66_39,val,images,government_urban
DC_66_40_RGB.h5,data\GAMUS\images\val\DC_66_40_RGB.h5,GAMUS,DC,66_40,val,images,government_urban
DC_67_31_RGB.h5,data\GAMUS\images\val\DC_67_31_RGB.h5,GAMUS,DC,67_31,val,images,government_urban
DC_67_36_RGB.h5,data\GAMUS\images\val\DC_67_36_RGB.h5,GAMUS,DC,67_36,val,images,government_urban
DC_67_37_RGB.h5,data\GAMUS\images\val\DC_67_37_RGB.h5,GAMUS,DC,67_37,val,images,government_urban
DC_69_36_RGB.h5,data\GAMUS\images\val\DC_69_36_RGB.h5,GAMUS,DC,69_36,val,images,government_urban
DC_70_41_RGB.h5,data\GAMUS\images\val\DC_70_41_RGB.h5,GAMUS,DC,70_41,val,images,government_urban
DC_71_33_RGB.h5,data\GAMUS\images\val\DC_71_33_RGB.h5,GAMUS,DC,71_33,val,images,government_urban
DC_72_30_RGB.h5,data\GAMUS\images\val\DC_72_30_RGB.h5,GAMUS,DC,72_30,val,images,government_urban
DC_72_32_RGB.h5,data\GAMUS\images\val\DC_72_32_RGB.h5,GAMUS,DC,72_32,val,images,government_urban
DC_72_33_RGB.h5,data\GAMUS\images\val\DC_72_33_RGB.h5,GAMUS,DC,72_33,val,images,government_urban
DC_74_31_RGB.h5,data\GAMUS\images\val\DC_74_31_RGB.h5,GAMUS,DC,74_31,val,images,government_urban
DC_75_30_RGB.h5,data\GAMUS\images\val\DC_75_30_RGB.h5,GAMUS,DC,75_30,val,images,government_urban
DC_75_34_RGB.h5,data\GAMUS\images\val\DC_75_34_RGB.h5,GAMUS,DC,75_34,val,images,government_urban
DC_76_32_RGB.h5,data\GAMUS\images\val\DC_76_32_RGB.h5,GAMUS,DC,76_32,val,images,government_urban
DC_03_26_RGB.h5,data\GAMUS\images\test\DC_03_26_RGB.h5,GAMUS,DC,03_26,test,images,government_urban
DC_05_28_RGB.h5,data\GAMUS\images\test\DC_05_28_RGB.h5,GAMUS,DC,05_28,test,images,government_urban
DC_05_30_RGB.h5,data\GAMUS\images\test\DC_05_30_RGB.h5,GAMUS,DC,05_30,test,images,government_urban
DC_07_21_RGB.h5,data\GAMUS\images\test\DC_07_21_RGB.h5,GAMUS,DC,07_21,test,images,government_urban
DC_07_29_RGB.h5,data\GAMUS\images\test\DC_07_29_RGB.h5,GAMUS,DC,07_29,test,images,government_urban
DC_08_27_RGB.h5,data\GAMUS\images\test\DC_08_27_RGB.h5,GAMUS,DC,08_27,test,images,government_urban
DC_09_18_RGB.h5,data\GAMUS\images\test\DC_09_18_RGB.h5,GAMUS,DC,09_18,test,images,government_urban
DC_09_29_RGB.h5,data\GAMUS\images\test\DC_09_29_RGB.h5,GAMUS,DC,09_29,test,images,government_urban
DC_09_32_RGB.h5,data\GAMUS\images\test\DC_09_32_RGB.h5,GAMUS,DC,09_32,test,images,government_urban
DC_10_20_RGB.h5,data\GAMUS\images\test\DC_10_20_RGB.h5,GAMUS,DC,10_20,test,images,government_urban
DC_10_29_RGB.h5,data\GAMUS\images\test\DC_10_29_RGB.h5,GAMUS,DC,10_29,test,images,government_urban
DC_11_15_RGB.h5,data\GAMUS\images\test\DC_11_15_RGB.h5,GAMUS,DC,11_15,test,images,government_urban
DC_11_19_RGB.h5,data\GAMUS\images\test\DC_11_19_RGB.h5,GAMUS,DC,11_19,test,images,government_urban
DC_11_31_RGB.h5,data\GAMUS\images\test\DC_11_31_RGB.h5,GAMUS,DC,11_31,test,images,government_urban
DC_11_32_RGB.h5,data\GAMUS\images\test\DC_11_32_RGB.h5,GAMUS,DC,11_32,test,images,government_urban
DC_12_15_RGB.h5,data\GAMUS\images\test\DC_12_15_RGB.h5,GAMUS,DC,12_15,test,images,government_urban
DC_12_20_RGB.h5,data\GAMUS\images\test\DC_12_20_RGB.h5,GAMUS,DC,12_20,test,images,government_urban
DC_12_34_RGB.h5,data\GAMUS\images\test\DC_12_34_RGB.h5,GAMUS,DC,12_34,test,images,government_urban
DC_12_35_RGB.h5,data\GAMUS\images\test\DC_12_35_RGB.h5,GAMUS,DC,12_35,test,images,government_urban
DC_13_19_RGB.h5,data\GAMUS\images\test\DC_13_19_RGB.h5,GAMUS,DC,13_19,test,images,government_urban
DC_13_21_RGB.h5,data\GAMUS\images\test\DC_13_21_RGB.h5,GAMUS,DC,13_21,test,images,government_urban
DC_13_25_RGB.h5,data\GAMUS\images\test\DC_13_25_RGB.h5,GAMUS,DC,13_25,test,images,government_urban
DC_13_33_RGB.h5,data\GAMUS\images\test\DC_13_33_RGB.h5,GAMUS,DC,13_33,test,images,government_urban
DC_13_35_RGB.h5,data\GAMUS\images\test\DC_13_35_RGB.h5,GAMUS,DC,13_35,test,images,government_urban
DC_14_28_RGB.h5,data\GAMUS\images\test\DC_14_28_RGB.h5,GAMUS,DC,14_28,test,images,government_urban
DC_14_36_RGB.h5,data\GAMUS\images\test\DC_14_36_RGB.h5,GAMUS,DC,14_36,test,images,government_urban
DC_15_27_RGB.h5,data\GAMUS\images\test\DC_15_27_RGB.h5,GAMUS,DC,15_27,test,images,government_urban
DC_16_13_RGB.h5,data\GAMUS\images\test\DC_16_13_RGB.h5,GAMUS,DC,16_13,test,images,government_urban
DC_16_16_RGB.h5,data\GAMUS\images\test\DC_16_16_RGB.h5,GAMUS,DC,16_16,test,images,government_urban
DC_16_18_RGB.h5,data\GAMUS\images\test\DC_16_18_RGB.h5,GAMUS,DC,16_18,test,images,government_urban
DC_16_27_RGB.h5,data\GAMUS\images\test\DC_16_27_RGB.h5,GAMUS,DC,16_27,test,images,government_urban
DC_16_38_RGB.h5,data\GAMUS\images\test\DC_16_38_RGB.h5,GAMUS,DC,16_38,test,images,government_urban
DC_17_11_RGB.h5,data\GAMUS\images\test\DC_17_11_RGB.h5,GAMUS,DC,17_11,test,images,government_urban
DC_17_12_RGB.h5,data\GAMUS\images\test\DC_17_12_RGB.h5,GAMUS,DC,17_12,test,images,government_urban
DC_17_15_RGB.h5,data\GAMUS\images\test\DC_17_15_RGB.h5,GAMUS,DC,17_15,test,images,government_urban
DC_17_19_RGB.h5,data\GAMUS\images\test\DC_17_19_RGB.h5,GAMUS,DC,17_19,test,images,government_urban
DC_17_25_RGB.h5,data\GAMUS\images\test\DC_17_25_RGB.h5,GAMUS,DC,17_25,test,images,government_urban
DC_18_09_RGB.h5,data\GAMUS\images\test\DC_18_09_RGB.h5,GAMUS,DC,18_09,test,images,government_urban
DC_18_20_RGB.h5,data\GAMUS\images\test\DC_18_20_RGB.h5,GAMUS,DC,18_20,test,images,government_urban
DC_18_23_RGB.h5,data\GAMUS\images\test\DC_18_23_RGB.h5,GAMUS,DC,18_23,test,images,government_urban
DC_18_29_RGB.h5,data\GAMUS\images\test\DC_18_29_RGB.h5,GAMUS,DC,18_29,test,images,government_urban
DC_18_36_RGB.h5,data\GAMUS\images\test\DC_18_36_RGB.h5,GAMUS,DC,18_36,test,images,government_urban
DC_19_17_RGB.h5,data\GAMUS\images\test\DC_19_17_RGB.h5,GAMUS,DC,19_17,test,images,government_urban
DC_19_24_RGB.h5,data\GAMUS\images\test\DC_19_24_RGB.h5,GAMUS,DC,19_24,test,images,government_urban
DC_19_31_RGB.h5,data\GAMUS\images\test\DC_19_31_RGB.h5,GAMUS,DC,19_31,test,images,government_urban
DC_19_36_RGB.h5,data\GAMUS\images\test\DC_19_36_RGB.h5,GAMUS,DC,19_36,test,images,government_urban
DC_19_37_RGB.h5,data\GAMUS\images\test\DC_19_37_RGB.h5,GAMUS,DC,19_37,test,images,government_urban
DC_19_41_RGB.h5,data\GAMUS\images\test\DC_19_41_RGB.h5,GAMUS,DC,19_41,test,images,government_urban
DC_20_08_RGB.h5,data\GAMUS\images\test\DC_20_08_RGB.h5,GAMUS,DC,20_08,test,images,government_urban
DC_20_11_RGB.h5,data\GAMUS\images\test\DC_20_11_RGB.h5,GAMUS,DC,20_11,test,images,government_urban
DC_20_12_RGB.h5,data\GAMUS\images\test\DC_20_12_RGB.h5,GAMUS,DC,20_12,test,images,government_urban
DC_20_15_RGB.h5,data\GAMUS\images\test\DC_20_15_RGB.h5,GAMUS,DC,20_15,test,images,government_urban
DC_20_20_RGB.h5,data\GAMUS\images\test\DC_20_20_RGB.h5,GAMUS,DC,20_20,test,images,government_urban
DC_20_23_RGB.h5,data\GAMUS\images\test\DC_20_23_RGB.h5,GAMUS,DC,20_23,test,images,government_urban
DC_20_25_RGB.h5,data\GAMUS\images\test\DC_20_25_RGB.h5,GAMUS,DC,20_25,test,images,government_urban
DC_20_28_RGB.h5,data\GAMUS\images\test\DC_20_28_RGB.h5,GAMUS,DC,20_28,test,images,government_urban
DC_20_31_RGB.h5,data\GAMUS\images\test\DC_20_31_RGB.h5,GAMUS,DC,20_31,test,images,government_urban
DC_20_37_RGB.h5,data\GAMUS\images\test\DC_20_37_RGB.h5,GAMUS,DC,20_37,test,images,government_urban
DC_20_38_RGB.h5,data\GAMUS\images\test\DC_20_38_RGB.h5,GAMUS,DC,20_38,test,images,government_urban
DC_20_40_RGB.h5,data\GAMUS\images\test\DC_20_40_RGB.h5,GAMUS,DC,20_40,test,images,government_urban
DC_20_43_RGB.h5,data\GAMUS\images\test\DC_20_43_RGB.h5,GAMUS,DC,20_43,test,images,government_urban
DC_21_05_RGB.h5,data\GAMUS\images\test\DC_21_05_RGB.h5,GAMUS,DC,21_05,test,images,government_urban
DC_21_08_RGB.h5,data\GAMUS\images\test\DC_21_08_RGB.h5,GAMUS,DC,21_08,test,images,government_urban
DC_21_10_RGB.h5,data\GAMUS\images\test\DC_21_10_RGB.h5,GAMUS,DC,21_10,test,images,government_urban
DC_21_13_RGB.h5,data\GAMUS\images\test\DC_21_13_RGB.h5,GAMUS,DC,21_13,test,images,government_urban
DC_21_17_RGB.h5,data\GAMUS\images\test\DC_21_17_RGB.h5,GAMUS,DC,21_17,test,images,government_urban
DC_21_19_RGB.h5,data\GAMUS\images\test\DC_21_19_RGB.h5,GAMUS,DC,21_19,test,images,government_urban
DC_21_22_RGB.h5,data\GAMUS\images\test\DC_21_22_RGB.h5,GAMUS,DC,21_22,test,images,government_urban
DC_21_26_RGB.h5,data\GAMUS\images\test\DC_21_26_RGB.h5,GAMUS,DC,21_26,test,images,government_urban
DC_21_34_RGB.h5,data\GAMUS\images\test\DC_21_34_RGB.h5,GAMUS,DC,21_34,test,images,government_urban
DC_21_35_RGB.h5,data\GAMUS\images\test\DC_21_35_RGB.h5,GAMUS,DC,21_35,test,images,government_urban
DC_21_44_RGB.h5,data\GAMUS\images\test\DC_21_44_RGB.h5,GAMUS,DC,21_44,test,images,government_urban
DC_22_09_RGB.h5,data\GAMUS\images\test\DC_22_09_RGB.h5,GAMUS,DC,22_09,test,images,government_urban
DC_22_17_RGB.h5,data\GAMUS\images\test\DC_22_17_RGB.h5,GAMUS,DC,22_17,test,images,government_urban
DC_22_20_RGB.h5,data\GAMUS\images\test\DC_22_20_RGB.h5,GAMUS,DC,22_20,test,images,government_urban
DC_22_21_RGB.h5,data\GAMUS\images\test\DC_22_21_RGB.h5,GAMUS,DC,22_21,test,images,government_urban
DC_22_29_RGB.h5,data\GAMUS\images\test\DC_22_29_RGB.h5,GAMUS,DC,22_29,test,images,government_urban
DC_22_38_RGB.h5,data\GAMUS\images\test\DC_22_38_RGB.h5,GAMUS,DC,22_38,test,images,government_urban
DC_22_45_RGB.h5,data\GAMUS\images\test\DC_22_45_RGB.h5,GAMUS,DC,22_45,test,images,government_urban
DC_23_05_RGB.h5,data\GAMUS\images\test\DC_23_05_RGB.h5,GAMUS,DC,23_05,test,images,government_urban
DC_23_14_RGB.h5,data\GAMUS\images\test\DC_23_14_RGB.h5,GAMUS,DC,23_14,test,images,government_urban
DC_23_26_RGB.h5,data\GAMUS\images\test\DC_23_26_RGB.h5,GAMUS,DC,23_26,test,images,government_urban
DC_23_27_RGB.h5,data\GAMUS\images\test\DC_23_27_RGB.h5,GAMUS,DC,23_27,test,images,government_urban
DC_23_31_RGB.h5,data\GAMUS\images\test\DC_23_31_RGB.h5,GAMUS,DC,23_31,test,images,government_urban
DC_24_07_RGB.h5,data\GAMUS\images\test\DC_24_07_RGB.h5,GAMUS,DC,24_07,test,images,government_urban
DC_24_14_RGB.h5,data\GAMUS\images\test\DC_24_14_RGB.h5,GAMUS,DC,24_14,test,images,government_urban
DC_24_16_RGB.h5,data\GAMUS\images\test\DC_24_16_RGB.h5,GAMUS,DC,24_16,test,images,government_urban
DC_24_19_RGB.h5,data\GAMUS\images\test\DC_24_19_RGB.h5,GAMUS,DC,24_19,test,images,government_urban
DC_24_22_RGB.h5,data\GAMUS\images\test\DC_24_22_RGB.h5,GAMUS,DC,24_22,test,images,government_urban
DC_24_25_RGB.h5,data\GAMUS\images\test\DC_24_25_RGB.h5,GAMUS,DC,24_25,test,images,government_urban
DC_24_33_RGB.h5,data\GAMUS\images\test\DC_24_33_RGB.h5,GAMUS,DC,24_33,test,images,government_urban
DC_24_34_RGB.h5,data\GAMUS\images\test\DC_24_34_RGB.h5,GAMUS,DC,24_34,test,images,government_urban
DC_24_35_RGB.h5,data\GAMUS\images\test\DC_24_35_RGB.h5,GAMUS,DC,24_35,test,images,government_urban
DC_24_47_RGB.h5,data\GAMUS\images\test\DC_24_47_RGB.h5,GAMUS,DC,24_47,test,images,government_urban
DC_25_05_RGB.h5,data\GAMUS\images\test\DC_25_05_RGB.h5,GAMUS,DC,25_05,test,images,government_urban
DC_25_07_RGB.h5,data\GAMUS\images\test\DC_25_07_RGB.h5,GAMUS,DC,25_07,test,images,government_urban
DC_25_22_RGB.h5,data\GAMUS\images\test\DC_25_22_RGB.h5,GAMUS,DC,25_22,test,images,government_urban
DC_25_23_RGB.h5,data\GAMUS\images\test\DC_25_23_RGB.h5,GAMUS,DC,25_23,test,images,government_urban
DC_25_33_RGB.h5,data\GAMUS\images\test\DC_25_33_RGB.h5,GAMUS,DC,25_33,test,images,government_urban
DC_25_35_RGB.h5,data\GAMUS\images\test\DC_25_35_RGB.h5,GAMUS,DC,25_35,test,images,government_urban
DC_25_38_RGB.h5,data\GAMUS\images\test\DC_25_38_RGB.h5,GAMUS,DC,25_38,test,images,government_urban
DC_25_42_RGB.h5,data\GAMUS\images\test\DC_25_42_RGB.h5,GAMUS,DC,25_42,test,images,government_urban
DC_25_43_RGB.h5,data\GAMUS\images\test\DC_25_43_RGB.h5,GAMUS,DC,25_43,test,images,government_urban
DC_25_46_RGB.h5,data\GAMUS\images\test\DC_25_46_RGB.h5,GAMUS,DC,25_46,test,images,government_urban
DC_26_02_RGB.h5,data\GAMUS\images\test\DC_26_02_RGB.h5,GAMUS,DC,26_02,test,images,government_urban
DC_26_08_RGB.h5,data\GAMUS\images\test\DC_26_08_RGB.h5,GAMUS,DC,26_08,test,images,government_urban
DC_26_21_RGB.h5,data\GAMUS\images\test\DC_26_21_RGB.h5,GAMUS,DC,26_21,test,images,government_urban
DC_26_26_RGB.h5,data\GAMUS\images\test\DC_26_26_RGB.h5,GAMUS,DC,26_26,test,images,government_urban
DC_26_39_RGB.h5,data\GAMUS\images\test\DC_26_39_RGB.h5,GAMUS,DC,26_39,test,images,government_urban
DC_27_04_RGB.h5,data\GAMUS\images\test\DC_27_04_RGB.h5,GAMUS,DC,27_04,test,images,government_urban
DC_27_08_RGB.h5,data\GAMUS\images\test\DC_27_08_RGB.h5,GAMUS,DC,27_08,test,images,government_urban
DC_27_13_RGB.h5,data\GAMUS\images\test\DC_27_13_RGB.h5,GAMUS,DC,27_13,test,images,government_urban
DC_27_15_RGB.h5,data\GAMUS\images\test\DC_27_15_RGB.h5,GAMUS,DC,27_15,test,images,government_urban
DC_27_20_RGB.h5,data\GAMUS\images\test\DC_27_20_RGB.h5,GAMUS,DC,27_20,test,images,government_urban
DC_27_21_RGB.h5,data\GAMUS\images\test\DC_27_21_RGB.h5,GAMUS,DC,27_21,test,images,government_urban
DC_27_47_RGB.h5,data\GAMUS\images\test\DC_27_47_RGB.h5,GAMUS,DC,27_47,test,images,government_urban
DC_27_52_RGB.h5,data\GAMUS\images\test\DC_27_52_RGB.h5,GAMUS,DC,27_52,test,images,government_urban
DC_28_03_RGB.h5,data\GAMUS\images\test\DC_28_03_RGB.h5,GAMUS,DC,28_03,test,images,government_urban
DC_28_04_RGB.h5,data\GAMUS\images\test\DC_28_04_RGB.h5,GAMUS,DC,28_04,test,images,government_urban
DC_28_16_RGB.h5,data\GAMUS\images\test\DC_28_16_RGB.h5,GAMUS,DC,28_16,test,images,government_urban
DC_28_18_RGB.h5,data\GAMUS\images\test\DC_28_18_RGB.h5,GAMUS,DC,28_18,test,images,government_urban
DC_28_19_RGB.h5,data\GAMUS\images\test\DC_28_19_RGB.h5,GAMUS,DC,28_19,test,images,government_urban
DC_28_23_RGB.h5,data\GAMUS\images\test\DC_28_23_RGB.h5,GAMUS,DC,28_23,test,images,government_urban
DC_28_24_RGB.h5,data\GAMUS\images\test\DC_28_24_RGB.h5,GAMUS,DC,28_24,test,images,government_urban
DC_28_27_RGB.h5,data\GAMUS\images\test\DC_28_27_RGB.h5,GAMUS,DC,28_27,test,images,government_urban
DC_28_28_RGB.h5,data\GAMUS\images\test\DC_28_28_RGB.h5,GAMUS,DC,28_28,test,images,government_urban
DC_28_30_RGB.h5,data\GAMUS\images\test\DC_28_30_RGB.h5,GAMUS,DC,28_30,test,images,government_urban
DC_28_36_RGB.h5,data\GAMUS\images\test\DC_28_36_RGB.h5,GAMUS,DC,28_36,test,images,government_urban
DC_28_50_RGB.h5,data\GAMUS\images\test\DC_28_50_RGB.h5,GAMUS,DC,28_50,test,images,government_urban
DC_29_17_RGB.h5,data\GAMUS\images\test\DC_29_17_RGB.h5,GAMUS,DC,29_17,test,images,government_urban
DC_29_30_RGB.h5,data\GAMUS\images\test\DC_29_30_RGB.h5,GAMUS,DC,29_30,test,images,government_urban
DC_29_40_RGB.h5,data\GAMUS\images\test\DC_29_40_RGB.h5,GAMUS,DC,29_40,test,images,government_urban
DC_29_48_RGB.h5,data\GAMUS\images\test\DC_29_48_RGB.h5,GAMUS,DC,29_48,test,images,government_urban
DC_29_53_RGB.h5,data\GAMUS\images\test\DC_29_53_RGB.h5,GAMUS,DC,29_53,test,images,government_urban
DC_30_04_RGB.h5,data\GAMUS\images\test\DC_30_04_RGB.h5,GAMUS,DC,30_04,test,images,government_urban
DC_30_13_RGB.h5,data\GAMUS\images\test\DC_30_13_RGB.h5,GAMUS,DC,30_13,test,images,government_urban
DC_30_23_RGB.h5,data\GAMUS\images\test\DC_30_23_RGB.h5,GAMUS,DC,30_23,test,images,government_urban
DC_30_25_RGB.h5,data\GAMUS\images\test\DC_30_25_RGB.h5,GAMUS,DC,30_25,test,images,government_urban
DC_30_27_RGB.h5,data\GAMUS\images\test\DC_30_27_RGB.h5,GAMUS,DC,30_27,test,images,government_urban
DC_30_38_RGB.h5,data\GAMUS\images\test\DC_30_38_RGB.h5,GAMUS,DC,30_38,test,images,government_urban
DC_30_45_RGB.h5,data\GAMUS\images\test\DC_30_45_RGB.h5,GAMUS,DC,30_45,test,images,government_urban
DC_30_46_RGB.h5,data\GAMUS\images\test\DC_30_46_RGB.h5,GAMUS,DC,30_46,test,images,government_urban
DC_30_51_RGB.h5,data\GAMUS\images\test\DC_30_51_RGB.h5,GAMUS,DC,30_51,test,images,government_urban
DC_31_10_RGB.h5,data\GAMUS\images\test\DC_31_10_RGB.h5,GAMUS,DC,31_10,test,images,government_urban
DC_31_30_RGB.h5,data\GAMUS\images\test\DC_31_30_RGB.h5,GAMUS,DC,31_30,test,images,government_urban
DC_31_34_RGB.h5,data\GAMUS\images\test\DC_31_34_RGB.h5,GAMUS,DC,31_34,test,images,government_urban
DC_31_55_RGB.h5,data\GAMUS\images\test\DC_31_55_RGB.h5,GAMUS,DC,31_55,test,images,government_urban
DC_32_05_RGB.h5,data\GAMUS\images\test\DC_32_05_RGB.h5,GAMUS,DC,32_05,test,images,government_urban
DC_32_16_RGB.h5,data\GAMUS\images\test\DC_32_16_RGB.h5,GAMUS,DC,32_16,test,images,government_urban
DC_32_23_RGB.h5,data\GAMUS\images\test\DC_32_23_RGB.h5,GAMUS,DC,32_23,test,images,government_urban
DC_32_24_RGB.h5,data\GAMUS\images\test\DC_32_24_RGB.h5,GAMUS,DC,32_24,test,images,government_urban
DC_32_28_RGB.h5,data\GAMUS\images\test\DC_32_28_RGB.h5,GAMUS,DC,32_28,test,images,government_urban
DC_32_31_RGB.h5,data\GAMUS\images\test\DC_32_31_RGB.h5,GAMUS,DC,32_31,test,images,government_urban
DC_32_32_RGB.h5,data\GAMUS\images\test\DC_32_32_RGB.h5,GAMUS,DC,32_32,test,images,government_urban
DC_32_34_RGB.h5,data\GAMUS\images\test\DC_32_34_RGB.h5,GAMUS,DC,32_34,test,images,government_urban
DC_33_20_RGB.h5,data\GAMUS\images\test\DC_33_20_RGB.h5,GAMUS,DC,33_20,test,images,government_urban
DC_33_21_RGB.h5,data\GAMUS\images\test\DC_33_21_RGB.h5,GAMUS,DC,33_21,test,images,government_urban
DC_33_29_RGB.h5,data\GAMUS\images\test\DC_33_29_RGB.h5,GAMUS,DC,33_29,test,images,government_urban
DC_33_31_RGB.h5,data\GAMUS\images\test\DC_33_31_RGB.h5,GAMUS,DC,33_31,test,images,government_urban
DC_33_32_RGB.h5,data\GAMUS\images\test\DC_33_32_RGB.h5,GAMUS,DC,33_32,test,images,government_urban
DC_33_37_RGB.h5,data\GAMUS\images\test\DC_33_37_RGB.h5,GAMUS,DC,33_37,test,images,government_urban
DC_33_38_RGB.h5,data\GAMUS\images\test\DC_33_38_RGB.h5,GAMUS,DC,33_38,test,images,government_urban
DC_33_44_RGB.h5,data\GAMUS\images\test\DC_33_44_RGB.h5,GAMUS,DC,33_44,test,images,government_urban
DC_33_49_RGB.h5,data\GAMUS\images\test\DC_33_49_RGB.h5,GAMUS,DC,33_49,test,images,government_urban
DC_33_51_RGB.h5,data\GAMUS\images\test\DC_33_51_RGB.h5,GAMUS,DC,33_51,test,images,government_urban
DC_33_53_RGB.h5,data\GAMUS\images\test\DC_33_53_RGB.h5,GAMUS,DC,33_53,test,images,government_urban
DC_33_57_RGB.h5,data\GAMUS\images\test\DC_33_57_RGB.h5,GAMUS,DC,33_57,test,images,government_urban
DC_34_13_RGB.h5,data\GAMUS\images\test\DC_34_13_RGB.h5,GAMUS,DC,34_13,test,images,government_urban
DC_34_19_RGB.h5,data\GAMUS\images\test\DC_34_19_RGB.h5,GAMUS,DC,34_19,test,images,government_urban
DC_34_26_RGB.h5,data\GAMUS\images\test\DC_34_26_RGB.h5,GAMUS,DC,34_26,test,images,government_urban
DC_34_43_RGB.h5,data\GAMUS\images\test\DC_34_43_RGB.h5,GAMUS,DC,34_43,test,images,government_urban
DC_34_48_RGB.h5,data\GAMUS\images\test\DC_34_48_RGB.h5,GAMUS,DC,34_48,test,images,government_urban
DC_34_51_RGB.h5,data\GAMUS\images\test\DC_34_51_RGB.h5,GAMUS,DC,34_51,test,images,government_urban
DC_35_11_RGB.h5,data\GAMUS\images\test\DC_35_11_RGB.h5,GAMUS,DC,35_11,test,images,government_urban
DC_35_14_RGB.h5,data\GAMUS\images\test\DC_35_14_RGB.h5,GAMUS,DC,35_14,test,images,government_urban
DC_35_17_RGB.h5,data\GAMUS\images\test\DC_35_17_RGB.h5,GAMUS,DC,35_17,test,images,government_urban
DC_35_22_RGB.h5,data\GAMUS\images\test\DC_35_22_RGB.h5,GAMUS,DC,35_22,test,images,government_urban
DC_35_23_RGB.h5,data\GAMUS\images\test\DC_35_23_RGB.h5,GAMUS,DC,35_23,test,images,government_urban
DC_35_24_RGB.h5,data\GAMUS\images\test\DC_35_24_RGB.h5,GAMUS,DC,35_24,test,images,government_urban
DC_35_32_RGB.h5,data\GAMUS\images\test\DC_35_32_RGB.h5,GAMUS,DC,35_32,test,images,government_urban
DC_35_45_RGB.h5,data\GAMUS\images\test\DC_35_45_RGB.h5,GAMUS,DC,35_45,test,images,government_urban
DC_35_49_RGB.h5,data\GAMUS\images\test\DC_35_49_RGB.h5,GAMUS,DC,35_49,test,images,government_urban
DC_35_56_RGB.h5,data\GAMUS\images\test\DC_35_56_RGB.h5,GAMUS,DC,35_56,test,images,government_urban
DC_35_58_RGB.h5,data\GAMUS\images\test\DC_35_58_RGB.h5,GAMUS,DC,35_58,test,images,government_urban
DC_36_14_RGB.h5,data\GAMUS\images\test\DC_36_14_RGB.h5,GAMUS,DC,36_14,test,images,government_urban
DC_36_16_RGB.h5,data\GAMUS\images\test\DC_36_16_RGB.h5,GAMUS,DC,36_16,test,images,government_urban
DC_36_19_RGB.h5,data\GAMUS\images\test\DC_36_19_RGB.h5,GAMUS,DC,36_19,test,images,government_urban
DC_36_21_RGB.h5,data\GAMUS\images\test\DC_36_21_RGB.h5,GAMUS,DC,36_21,test,images,government_urban
DC_36_22_RGB.h5,data\GAMUS\images\test\DC_36_22_RGB.h5,GAMUS,DC,36_22,test,images,government_urban
DC_36_24_RGB.h5,data\GAMUS\images\test\DC_36_24_RGB.h5,GAMUS,DC,36_24,test,images,government_urban
DC_36_25_RGB.h5,data\GAMUS\images\test\DC_36_25_RGB.h5,GAMUS,DC,36_25,test,images,government_urban
DC_36_38_RGB.h5,data\GAMUS\images\test\DC_36_38_RGB.h5,GAMUS,DC,36_38,test,images,government_urban
DC_36_48_RGB.h5,data\GAMUS\images\test\DC_36_48_RGB.h5,GAMUS,DC,36_48,test,images,government_urban
DC_36_51_RGB.h5,data\GAMUS\images\test\DC_36_51_RGB.h5,GAMUS,DC,36_51,test,images,government_urban
DC_36_53_RGB.h5,data\GAMUS\images\test\DC_36_53_RGB.h5,GAMUS,DC,36_53,test,images,government_urban
DC_36_57_RGB.h5,data\GAMUS\images\test\DC_36_57_RGB.h5,GAMUS,DC,36_57,test,images,government_urban
DC_37_08_RGB.h5,data\GAMUS\images\test\DC_37_08_RGB.h5,GAMUS,DC,37_08,test,images,government_urban
DC_37_17_RGB.h5,data\GAMUS\images\test\DC_37_17_RGB.h5,GAMUS,DC,37_17,test,images,government_urban
DC_37_22_RGB.h5,data\GAMUS\images\test\DC_37_22_RGB.h5,GAMUS,DC,37_22,test,images,government_urban
DC_37_25_RGB.h5,data\GAMUS\images\test\DC_37_25_RGB.h5,GAMUS,DC,37_25,test,images,government_urban
DC_37_38_RGB.h5,data\GAMUS\images\test\DC_37_38_RGB.h5,GAMUS,DC,37_38,test,images,government_urban
DC_37_40_RGB.h5,data\GAMUS\images\test\DC_37_40_RGB.h5,GAMUS,DC,37_40,test,images,government_urban
DC_38_16_RGB.h5,data\GAMUS\images\test\DC_38_16_RGB.h5,GAMUS,DC,38_16,test,images,government_urban
DC_38_17_RGB.h5,data\GAMUS\images\test\DC_38_17_RGB.h5,GAMUS,DC,38_17,test,images,government_urban
DC_38_20_RGB.h5,data\GAMUS\images\test\DC_38_20_RGB.h5,GAMUS,DC,38_20,test,images,government_urban
DC_38_25_RGB.h5,data\GAMUS\images\test\DC_38_25_RGB.h5,GAMUS,DC,38_25,test,images,government_urban
DC_38_29_RGB.h5,data\GAMUS\images\test\DC_38_29_RGB.h5,GAMUS,DC,38_29,test,images,government_urban
DC_38_49_RGB.h5,data\GAMUS\images\test\DC_38_49_RGB.h5,GAMUS,DC,38_49,test,images,government_urban
DC_38_53_RGB.h5,data\GAMUS\images\test\DC_38_53_RGB.h5,GAMUS,DC,38_53,test,images,government_urban
DC_38_58_RGB.h5,data\GAMUS\images\test\DC_38_58_RGB.h5,GAMUS,DC,38_58,test,images,government_urban
DC_38_62_RGB.h5,data\GAMUS\images\test\DC_38_62_RGB.h5,GAMUS,DC,38_62,test,images,government_urban
DC_39_17_RGB.h5,data\GAMUS\images\test\DC_39_17_RGB.h5,GAMUS,DC,39_17,test,images,government_urban
DC_39_18_RGB.h5,data\GAMUS\images\test\DC_39_18_RGB.h5,GAMUS,DC,39_18,test,images,government_urban
DC_39_21_RGB.h5,data\GAMUS\images\test\DC_39_21_RGB.h5,GAMUS,DC,39_21,test,images,government_urban
DC_39_24_RGB.h5,data\GAMUS\images\test\DC_39_24_RGB.h5,GAMUS,DC,39_24,test,images,government_urban
DC_39_25_RGB.h5,data\GAMUS\images\test\DC_39_25_RGB.h5,GAMUS,DC,39_25,test,images,government_urban
DC_39_29_RGB.h5,data\GAMUS\images\test\DC_39_29_RGB.h5,GAMUS,DC,39_29,test,images,government_urban
DC_39_31_RGB.h5,data\GAMUS\images\test\DC_39_31_RGB.h5,GAMUS,DC,39_31,test,images,government_urban
DC_39_40_RGB.h5,data\GAMUS\images\test\DC_39_40_RGB.h5,GAMUS,DC,39_40,test,images,government_urban
DC_39_47_RGB.h5,data\GAMUS\images\test\DC_39_47_RGB.h5,GAMUS,DC,39_47,test,images,government_urban
DC_39_48_RGB.h5,data\GAMUS\images\test\DC_39_48_RGB.h5,GAMUS,DC,39_48,test,images,government_urban
DC_39_59_RGB.h5,data\GAMUS\images\test\DC_39_59_RGB.h5,GAMUS,DC,39_59,test,images,government_urban
DC_40_21_RGB.h5,data\GAMUS\images\test\DC_40_21_RGB.h5,GAMUS,DC,40_21,test,images,government_urban
DC_40_24_RGB.h5,data\GAMUS\images\test\DC_40_24_RGB.h5,GAMUS,DC,40_24,test,images,government_urban
DC_40_30_RGB.h5,data\GAMUS\images\test\DC_40_30_RGB.h5,GAMUS,DC,40_30,test,images,government_urban
DC_40_43_RGB.h5,data\GAMUS\images\test\DC_40_43_RGB.h5,GAMUS,DC,40_43,test,images,government_urban
DC_40_47_RGB.h5,data\GAMUS\images\test\DC_40_47_RGB.h5,GAMUS,DC,40_47,test,images,government_urban
DC_40_49_RGB.h5,data\GAMUS\images\test\DC_40_49_RGB.h5,GAMUS,DC,40_49,test,images,government_urban
DC_40_52_RGB.h5,data\GAMUS\images\test\DC_40_52_RGB.h5,GAMUS,DC,40_52,test,images,government_urban
DC_40_53_RGB.h5,data\GAMUS\images\test\DC_40_53_RGB.h5,GAMUS,DC,40_53,test,images,government_urban
DC_40_60_RGB.h5,data\GAMUS\images\test\DC_40_60_RGB.h5,GAMUS,DC,40_60,test,images,government_urban
DC_40_61_RGB.h5,data\GAMUS\images\test\DC_40_61_RGB.h5,GAMUS,DC,40_61,test,images,government_urban
DC_41_20_RGB.h5,data\GAMUS\images\test\DC_41_20_RGB.h5,GAMUS,DC,41_20,test,images,government_urban
DC_41_31_RGB.h5,data\GAMUS\images\test\DC_41_31_RGB.h5,GAMUS,DC,41_31,test,images,government_urban
DC_41_32_RGB.h5,data\GAMUS\images\test\DC_41_32_RGB.h5,GAMUS,DC,41_32,test,images,government_urban
DC_41_34_RGB.h5,data\GAMUS\images\test\DC_41_34_RGB.h5,GAMUS,DC,41_34,test,images,government_urban
DC_41_37_RGB.h5,data\GAMUS\images\test\DC_41_37_RGB.h5,GAMUS,DC,41_37,test,images,government_urban
DC_41_40_RGB.h5,data\GAMUS\images\test\DC_41_40_RGB.h5,GAMUS,DC,41_40,test,images,government_urban
DC_41_44_RGB.h5,data\GAMUS\images\test\DC_41_44_RGB.h5,GAMUS,DC,41_44,test,images,government_urban
DC_41_50_RGB.h5,data\GAMUS\images\test\DC_41_50_RGB.h5,GAMUS,DC,41_50,test,images,government_urban
DC_41_52_RGB.h5,data\GAMUS\images\test\DC_41_52_RGB.h5,GAMUS,DC,41_52,test,images,government_urban
DC_41_53_RGB.h5,data\GAMUS\images\test\DC_41_53_RGB.h5,GAMUS,DC,41_53,test,images,government_urban
DC_41_63_RGB.h5,data\GAMUS\images\test\DC_41_63_RGB.h5,GAMUS,DC,41_63,test,images,government_urban
DC_42_39_RGB.h5,data\GAMUS\images\test\DC_42_39_RGB.h5,GAMUS,DC,42_39,test,images,government_urban
DC_42_52_RGB.h5,data\GAMUS\images\test\DC_42_52_RGB.h5,GAMUS,DC,42_52,test,images,government_urban
DC_42_53_RGB.h5,data\GAMUS\images\test\DC_42_53_RGB.h5,GAMUS,DC,42_53,test,images,government_urban
DC_42_55_RGB.h5,data\GAMUS\images\test\DC_42_55_RGB.h5,GAMUS,DC,42_55,test,images,government_urban
DC_42_58_RGB.h5,data\GAMUS\images\test\DC_42_58_RGB.h5,GAMUS,DC,42_58,test,images,government_urban
DC_42_62_RGB.h5,data\GAMUS\images\test\DC_42_62_RGB.h5,GAMUS,DC,42_62,test,images,government_urban
DC_43_26_RGB.h5,data\GAMUS\images\test\DC_43_26_RGB.h5,GAMUS,DC,43_26,test,images,government_urban
DC_43_37_RGB.h5,data\GAMUS\images\test\DC_43_37_RGB.h5,GAMUS,DC,43_37,test,images,government_urban
DC_43_44_RGB.h5,data\GAMUS\images\test\DC_43_44_RGB.h5,GAMUS,DC,43_44,test,images,government_urban
DC_43_51_RGB.h5,data\GAMUS\images\test\DC_43_51_RGB.h5,GAMUS,DC,43_51,test,images,government_urban
DC_43_62_RGB.h5,data\GAMUS\images\test\DC_43_62_RGB.h5,GAMUS,DC,43_62,test,images,government_urban
DC_43_66_RGB.h5,data\GAMUS\images\test\DC_43_66_RGB.h5,GAMUS,DC,43_66,test,images,government_urban
DC_44_21_RGB.h5,data\GAMUS\images\test\DC_44_21_RGB.h5,GAMUS,DC,44_21,test,images,government_urban
DC_44_22_RGB.h5,data\GAMUS\images\test\DC_44_22_RGB.h5,GAMUS,DC,44_22,test,images,government_urban
DC_44_31_RGB.h5,data\GAMUS\images\test\DC_44_31_RGB.h5,GAMUS,DC,44_31,test,images,government_urban
DC_44_33_RGB.h5,data\GAMUS\images\test\DC_44_33_RGB.h5,GAMUS,DC,44_33,test,images,government_urban
DC_44_40_RGB.h5,data\GAMUS\images\test\DC_44_40_RGB.h5,GAMUS,DC,44_40,test,images,government_urban
DC_44_46_RGB.h5,data\GAMUS\images\test\DC_44_46_RGB.h5,GAMUS,DC,44_46,test,images,government_urban
DC_44_50_RGB.h5,data\GAMUS\images\test\DC_44_50_RGB.h5,GAMUS,DC,44_50,test,images,government_urban
DC_44_51_RGB.h5,data\GAMUS\images\test\DC_44_51_RGB.h5,GAMUS,DC,44_51,test,images,government_urban
DC_44_60_RGB.h5,data\GAMUS\images\test\DC_44_60_RGB.h5,GAMUS,DC,44_60,test,images,government_urban
DC_44_62_RGB.h5,data\GAMUS\images\test\DC_44_62_RGB.h5,GAMUS,DC,44_62,test,images,government_urban
DC_44_63_RGB.h5,data\GAMUS\images\test\DC_44_63_RGB.h5,GAMUS,DC,44_63,test,images,government_urban
DC_44_65_RGB.h5,data\GAMUS\images\test\DC_44_65_RGB.h5,GAMUS,DC,44_65,test,images,government_urban
DC_45_18_RGB.h5,data\GAMUS\images\test\DC_45_18_RGB.h5,GAMUS,DC,45_18,test,images,government_urban
DC_45_28_RGB.h5,data\GAMUS\images\test\DC_45_28_RGB.h5,GAMUS,DC,45_28,test,images,government_urban
DC_45_29_RGB.h5,data\GAMUS\images\test\DC_45_29_RGB.h5,GAMUS,DC,45_29,test,images,government_urban
DC_45_36_RGB.h5,data\GAMUS\images\test\DC_45_36_RGB.h5,GAMUS,DC,45_36,test,images,government_urban
DC_45_41_RGB.h5,data\GAMUS\images\test\DC_45_41_RGB.h5,GAMUS,DC,45_41,test,images,government_urban
DC_45_52_RGB.h5,data\GAMUS\images\test\DC_45_52_RGB.h5,GAMUS,DC,45_52,test,images,government_urban
DC_45_60_RGB.h5,data\GAMUS\images\test\DC_45_60_RGB.h5,GAMUS,DC,45_60,test,images,government_urban
DC_46_24_RGB.h5,data\GAMUS\images\test\DC_46_24_RGB.h5,GAMUS,DC,46_24,test,images,government_urban
DC_46_28_RGB.h5,data\GAMUS\images\test\DC_46_28_RGB.h5,GAMUS,DC,46_28,test,images,government_urban
DC_46_44_RGB.h5,data\GAMUS\images\test\DC_46_44_RGB.h5,GAMUS,DC,46_44,test,images,government_urban
DC_46_46_RGB.h5,data\GAMUS\images\test\DC_46_46_RGB.h5,GAMUS,DC,46_46,test,images,government_urban
DC_46_48_RGB.h5,data\GAMUS\images\test\DC_46_48_RGB.h5,GAMUS,DC,46_48,test,images,government_urban
DC_46_53_RGB.h5,data\GAMUS\images\test\DC_46_53_RGB.h5,GAMUS,DC,46_53,test,images,government_urban
DC_46_60_RGB.h5,data\GAMUS\images\test\DC_46_60_RGB.h5,GAMUS,DC,46_60,test,images,government_urban
DC_46_63_RGB.h5,data\GAMUS\images\test\DC_46_63_RGB.h5,GAMUS,DC,46_63,test,images,government_urban
DC_47_32_RGB.h5,data\GAMUS\images\test\DC_47_32_RGB.h5,GAMUS,DC,47_32,test,images,government_urban
DC_47_34_RGB.h5,data\GAMUS\images\test\DC_47_34_RGB.h5,GAMUS,DC,47_34,test,images,government_urban
DC_47_43_RGB.h5,data\GAMUS\images\test\DC_47_43_RGB.h5,GAMUS,DC,47_43,test,images,government_urban
DC_47_47_RGB.h5,data\GAMUS\images\test\DC_47_47_RGB.h5,GAMUS,DC,47_47,test,images,government_urban
DC_47_61_RGB.h5,data\GAMUS\images\test\DC_47_61_RGB.h5,GAMUS,DC,47_61,test,images,government_urban
DC_47_63_RGB.h5,data\GAMUS\images\test\DC_47_63_RGB.h5,GAMUS,DC,47_63,test,images,government_urban
DC_48_27_RGB.h5,data\GAMUS\images\test\DC_48_27_RGB.h5,GAMUS,DC,48_27,test,images,government_urban
DC_48_28_RGB.h5,data\GAMUS\images\test\DC_48_28_RGB.h5,GAMUS,DC,48_28,test,images,government_urban
DC_48_35_RGB.h5,data\GAMUS\images\test\DC_48_35_RGB.h5,GAMUS,DC,48_35,test,images,government_urban
DC_48_48_RGB.h5,data\GAMUS\images\test\DC_48_48_RGB.h5,GAMUS,DC,48_48,test,images,government_urban
DC_48_51_RGB.h5,data\GAMUS\images\test\DC_48_51_RGB.h5,GAMUS,DC,48_51,test,images,government_urban
DC_48_52_RGB.h5,data\GAMUS\images\test\DC_48_52_RGB.h5,GAMUS,DC,48_52,test,images,government_urban
DC_48_57_RGB.h5,data\GAMUS\images\test\DC_48_57_RGB.h5,GAMUS,DC,48_57,test,images,government_urban
DC_48_58_RGB.h5,data\GAMUS\images\test\DC_48_58_RGB.h5,GAMUS,DC,48_58,test,images,government_urban
DC_49_35_RGB.h5,data\GAMUS\images\test\DC_49_35_RGB.h5,GAMUS,DC,49_35,test,images,government_urban
DC_49_40_RGB.h5,data\GAMUS\images\test\DC_49_40_RGB.h5,GAMUS,DC,49_40,test,images,government_urban
DC_49_54_RGB.h5,data\GAMUS\images\test\DC_49_54_RGB.h5,GAMUS,DC,49_54,test,images,government_urban
DC_49_60_RGB.h5,data\GAMUS\images\test\DC_49_60_RGB.h5,GAMUS,DC,49_60,test,images,government_urban
DC_50_52_RGB.h5,data\GAMUS\images\test\DC_50_52_RGB.h5,GAMUS,DC,50_52,test,images,government_urban
DC_50_55_RGB.h5,data\GAMUS\images\test\DC_50_55_RGB.h5,GAMUS,DC,50_55,test,images,government_urban
DC_51_33_RGB.h5,data\GAMUS\images\test\DC_51_33_RGB.h5,GAMUS,DC,51_33,test,images,government_urban
DC_51_44_RGB.h5,data\GAMUS\images\test\DC_51_44_RGB.h5,GAMUS,DC,51_44,test,images,government_urban
DC_51_48_RGB.h5,data\GAMUS\images\test\DC_51_48_RGB.h5,GAMUS,DC,51_48,test,images,government_urban
DC_51_55_RGB.h5,data\GAMUS\images\test\DC_51_55_RGB.h5,GAMUS,DC,51_55,test,images,government_urban
DC_52_41_RGB.h5,data\GAMUS\images\test\DC_52_41_RGB.h5,GAMUS,DC,52_41,test,images,government_urban
DC_52_48_RGB.h5,data\GAMUS\images\test\DC_52_48_RGB.h5,GAMUS,DC,52_48,test,images,government_urban
DC_52_52_RGB.h5,data\GAMUS\images\test\DC_52_52_RGB.h5,GAMUS,DC,52_52,test,images,government_urban
DC_52_53_RGB.h5,data\GAMUS\images\test\DC_52_53_RGB.h5,GAMUS,DC,52_53,test,images,government_urban
DC_53_54_RGB.h5,data\GAMUS\images\test\DC_53_54_RGB.h5,GAMUS,DC,53_54,test,images,government_urban
DC_53_55_RGB.h5,data\GAMUS\images\test\DC_53_55_RGB.h5,GAMUS,DC,53_55,test,images,government_urban
DC_53_57_RGB.h5,data\GAMUS\images\test\DC_53_57_RGB.h5,GAMUS,DC,53_57,test,images,government_urban
DC_54_35_RGB.h5,data\GAMUS\images\test\DC_54_35_RGB.h5,GAMUS,DC,54_35,test,images,government_urban
DC_54_38_RGB.h5,data\GAMUS\images\test\DC_54_38_RGB.h5,GAMUS,DC,54_38,test,images,government_urban
DC_54_40_RGB.h5,data\GAMUS\images\test\DC_54_40_RGB.h5,GAMUS,DC,54_40,test,images,government_urban
DC_54_46_RGB.h5,data\GAMUS\images\test\DC_54_46_RGB.h5,GAMUS,DC,54_46,test,images,government_urban
DC_54_48_RGB.h5,data\GAMUS\images\test\DC_54_48_RGB.h5,GAMUS,DC,54_48,test,images,government_urban
DC_55_31_RGB.h5,data\GAMUS\images\test\DC_55_31_RGB.h5,GAMUS,DC,55_31,test,images,government_urban
DC_55_35_RGB.h5,data\GAMUS\images\test\DC_55_35_RGB.h5,GAMUS,DC,55_35,test,images,government_urban
DC_55_55_RGB.h5,data\GAMUS\images\test\DC_55_55_RGB.h5,GAMUS,DC,55_55,test,images,government_urban
DC_56_51_RGB.h5,data\GAMUS\images\test\DC_56_51_RGB.h5,GAMUS,DC,56_51,test,images,government_urban
DC_56_55_RGB.h5,data\GAMUS\images\test\DC_56_55_RGB.h5,GAMUS,DC,56_55,test,images,government_urban
DC_57_36_RGB.h5,data\GAMUS\images\test\DC_57_36_RGB.h5,GAMUS,DC,57_36,test,images,government_urban
DC_57_53_RGB.h5,data\GAMUS\images\test\DC_57_53_RGB.h5,GAMUS,DC,57_53,test,images,government_urban
DC_58_31_RGB.h5,data\GAMUS\images\test\DC_58_31_RGB.h5,GAMUS,DC,58_31,test,images,government_urban
DC_58_49_RGB.h5,data\GAMUS\images\test\DC_58_49_RGB.h5,GAMUS,DC,58_49,test,images,government_urban
DC_58_53_RGB.h5,data\GAMUS\images\test\DC_58_53_RGB.h5,GAMUS,DC,58_53,test,images,government_urban
DC_59_52_RGB.h5,data\GAMUS\images\test\DC_59_52_RGB.h5,GAMUS,DC,59_52,test,images,government_urban
DC_60_34_RGB.h5,data\GAMUS\images\test\DC_60_34_RGB.h5,GAMUS,DC,60_34,test,images,government_urban
DC_60_48_RGB.h5,data\GAMUS\images\test\DC_60_48_RGB.h5,GAMUS,DC,60_48,test,images,government_urban
DC_60_49_RGB.h5,data\GAMUS\images\test\DC_60_49_RGB.h5,GAMUS,DC,60_49,test,images,government_urban
DC_61_44_RGB.h5,data\GAMUS\images\test\DC_61_44_RGB.h5,GAMUS,DC,61_44,test,images,government_urban
DC_61_45_RGB.h5,data\GAMUS\images\test\DC_61_45_RGB.h5,GAMUS,DC,61_45,test,images,government_urban
DC_61_49_RGB.h5,data\GAMUS\images\test\DC_61_49_RGB.h5,GAMUS,DC,61_49,test,images,government_urban
DC_62_33_RGB.h5,data\GAMUS\images\test\DC_62_33_RGB.h5,GAMUS,DC,62_33,test,images,government_urban
DC_62_46_RGB.h5,data\GAMUS\images\test\DC_62_46_RGB.h5,GAMUS,DC,62_46,test,images,government_urban
DC_62_47_RGB.h5,data\GAMUS\images\test\DC_62_47_RGB.h5,GAMUS,DC,62_47,test,images,government_urban
DC_62_48_RGB.h5,data\GAMUS\images\test\DC_62_48_RGB.h5,GAMUS,DC,62_48,test,images,government_urban
DC_63_32_RGB.h5,data\GAMUS\images\test\DC_63_32_RGB.h5,GAMUS,DC,63_32,test,images,government_urban
DC_63_34_RGB.h5,data\GAMUS\images\test\DC_63_34_RGB.h5,GAMUS,DC,63_34,test,images,government_urban
DC_63_45_RGB.h5,data\GAMUS\images\test\DC_63_45_RGB.h5,GAMUS,DC,63_45,test,images,government_urban
DC_63_48_RGB.h5,data\GAMUS\images\test\DC_63_48_RGB.h5,GAMUS,DC,63_48,test,images,government_urban
DC_64_33_RGB.h5,data\GAMUS\images\test\DC_64_33_RGB.h5,GAMUS,DC,64_33,test,images,government_urban
DC_64_35_RGB.h5,data\GAMUS\images\test\DC_64_35_RGB.h5,GAMUS,DC,64_35,test,images,government_urban
DC_64_40_RGB.h5,data\GAMUS\images\test\DC_64_40_RGB.h5,GAMUS,DC,64_40,test,images,government_urban
DC_64_43_RGB.h5,data\GAMUS\images\test\DC_64_43_RGB.h5,GAMUS,DC,64_43,test,images,government_urban
DC_65_40_RGB.h5,data\GAMUS\images\test\DC_65_40_RGB.h5,GAMUS,DC,65_40,test,images,government_urban
DC_65_45_RGB.h5,data\GAMUS\images\test\DC_65_45_RGB.h5,GAMUS,DC,65_45,test,images,government_urban
DC_66_31_RGB.h5,data\GAMUS\images\test\DC_66_31_RGB.h5,GAMUS,DC,66_31,test,images,government_urban
DC_67_45_RGB.h5,data\GAMUS\images\test\DC_67_45_RGB.h5,GAMUS,DC,67_45,test,images,government_urban
DC_68_34_RGB.h5,data\GAMUS\images\test\DC_68_34_RGB.h5,GAMUS,DC,68_34,test,images,government_urban
DC_68_40_RGB.h5,data\GAMUS\images\test\DC_68_40_RGB.h5,GAMUS,DC,68_40,test,images,government_urban
DC_69_37_RGB.h5,data\GAMUS\images\test\DC_69_37_RGB.h5,GAMUS,DC,69_37,test,images,government_urban
DC_70_32_RGB.h5,data\GAMUS\images\test\DC_70_32_RGB.h5,GAMUS,DC,70_32,test,images,government_urban
DC_70_36_RGB.h5,data\GAMUS\images\test\DC_70_36_RGB.h5,GAMUS,DC,70_36,test,images,government_urban
DC_70_40_RGB.h5,data\GAMUS\images\test\DC_70_40_RGB.h5,GAMUS,DC,70_40,test,images,government_urban
DC_72_37_RGB.h5,data\GAMUS\images\test\DC_72_37_RGB.h5,GAMUS,DC,72_37,test,images,government_urban
DC_72_39_RGB.h5,data\GAMUS\images\test\DC_72_39_RGB.h5,GAMUS,DC,72_39,test,images,government_urban
DC_73_38_RGB.h5,data\GAMUS\images\test\DC_73_38_RGB.h5,GAMUS,DC,73_38,test,images,government_urban
DC_74_33_RGB.h5,data\GAMUS\images\test\DC_74_33_RGB.h5,GAMUS,DC,74_33,test,images,government_urban
DC_01_25_AGL.h5,data\GAMUS\heights\train\DC_01_25_AGL.h5,GAMUS,DC,01_25,train,heights,government_urban
DC_02_24_AGL.h5,data\GAMUS\heights\train\DC_02_24_AGL.h5,GAMUS,DC,02_24,train,heights,government_urban
DC_02_25_AGL.h5,data\GAMUS\heights\train\DC_02_25_AGL.h5,GAMUS,DC,02_25,train,heights,government_urban
DC_02_27_AGL.h5,data\GAMUS\heights\train\DC_02_27_AGL.h5,GAMUS,DC,02_27,train,heights,government_urban
DC_03_23_AGL.h5,data\GAMUS\heights\train\DC_03_23_AGL.h5,GAMUS,DC,03_23,train,heights,government_urban
DC_03_24_AGL.h5,data\GAMUS\heights\train\DC_03_24_AGL.h5,GAMUS,DC,03_24,train,heights,government_urban
DC_03_25_AGL.h5,data\GAMUS\heights\train\DC_03_25_AGL.h5,GAMUS,DC,03_25,train,heights,government_urban
DC_03_27_AGL.h5,data\GAMUS\heights\train\DC_03_27_AGL.h5,GAMUS,DC,03_27,train,heights,government_urban
DC_03_28_AGL.h5,data\GAMUS\heights\train\DC_03_28_AGL.h5,GAMUS,DC,03_28,train,heights,government_urban
DC_04_24_AGL.h5,data\GAMUS\heights\train\DC_04_24_AGL.h5,GAMUS,DC,04_24,train,heights,government_urban
DC_04_25_AGL.h5,data\GAMUS\heights\train\DC_04_25_AGL.h5,GAMUS,DC,04_25,train,heights,government_urban
DC_04_26_AGL.h5,data\GAMUS\heights\train\DC_04_26_AGL.h5,GAMUS,DC,04_26,train,heights,government_urban
DC_04_28_AGL.h5,data\GAMUS\heights\train\DC_04_28_AGL.h5,GAMUS,DC,04_28,train,heights,government_urban
DC_05_20_AGL.h5,data\GAMUS\heights\train\DC_05_20_AGL.h5,GAMUS,DC,05_20,train,heights,government_urban
DC_05_21_AGL.h5,data\GAMUS\heights\train\DC_05_21_AGL.h5,GAMUS,DC,05_21,train,heights,government_urban
DC_05_26_AGL.h5,data\GAMUS\heights\train\DC_05_26_AGL.h5,GAMUS,DC,05_26,train,heights,government_urban
DC_05_27_AGL.h5,data\GAMUS\heights\train\DC_05_27_AGL.h5,GAMUS,DC,05_27,train,heights,government_urban
DC_05_29_AGL.h5,data\GAMUS\heights\train\DC_05_29_AGL.h5,GAMUS,DC,05_29,train,heights,government_urban
DC_06_20_AGL.h5,data\GAMUS\heights\train\DC_06_20_AGL.h5,GAMUS,DC,06_20,train,heights,government_urban
DC_06_21_AGL.h5,data\GAMUS\heights\train\DC_06_21_AGL.h5,GAMUS,DC,06_21,train,heights,government_urban
DC_06_26_AGL.h5,data\GAMUS\heights\train\DC_06_26_AGL.h5,GAMUS,DC,06_26,train,heights,government_urban
DC_06_27_AGL.h5,data\GAMUS\heights\train\DC_06_27_AGL.h5,GAMUS,DC,06_27,train,heights,government_urban
DC_06_28_AGL.h5,data\GAMUS\heights\train\DC_06_28_AGL.h5,GAMUS,DC,06_28,train,heights,government_urban
DC_06_29_AGL.h5,data\GAMUS\heights\train\DC_06_29_AGL.h5,GAMUS,DC,06_29,train,heights,government_urban
DC_06_30_AGL.h5,data\GAMUS\heights\train\DC_06_30_AGL.h5,GAMUS,DC,06_30,train,heights,government_urban
DC_06_31_AGL.h5,data\GAMUS\heights\train\DC_06_31_AGL.h5,GAMUS,DC,06_31,train,heights,government_urban
DC_07_19_AGL.h5,data\GAMUS\heights\train\DC_07_19_AGL.h5,GAMUS,DC,07_19,train,heights,government_urban
DC_07_20_AGL.h5,data\GAMUS\heights\train\DC_07_20_AGL.h5,GAMUS,DC,07_20,train,heights,government_urban
DC_07_27_AGL.h5,data\GAMUS\heights\train\DC_07_27_AGL.h5,GAMUS,DC,07_27,train,heights,government_urban
DC_07_28_AGL.h5,data\GAMUS\heights\train\DC_07_28_AGL.h5,GAMUS,DC,07_28,train,heights,government_urban
DC_07_30_AGL.h5,data\GAMUS\heights\train\DC_07_30_AGL.h5,GAMUS,DC,07_30,train,heights,government_urban
DC_07_31_AGL.h5,data\GAMUS\heights\train\DC_07_31_AGL.h5,GAMUS,DC,07_31,train,heights,government_urban
DC_08_17_AGL.h5,data\GAMUS\heights\train\DC_08_17_AGL.h5,GAMUS,DC,08_17,train,heights,government_urban
DC_08_18_AGL.h5,data\GAMUS\heights\train\DC_08_18_AGL.h5,GAMUS,DC,08_18,train,heights,government_urban
DC_08_19_AGL.h5,data\GAMUS\heights\train\DC_08_19_AGL.h5,GAMUS,DC,08_19,train,heights,government_urban
DC_08_20_AGL.h5,data\GAMUS\heights\train\DC_08_20_AGL.h5,GAMUS,DC,08_20,train,heights,government_urban
DC_08_21_AGL.h5,data\GAMUS\heights\train\DC_08_21_AGL.h5,GAMUS,DC,08_21,train,heights,government_urban
DC_08_28_AGL.h5,data\GAMUS\heights\train\DC_08_28_AGL.h5,GAMUS,DC,08_28,train,heights,government_urban
DC_08_29_AGL.h5,data\GAMUS\heights\train\DC_08_29_AGL.h5,GAMUS,DC,08_29,train,heights,government_urban
DC_08_30_AGL.h5,data\GAMUS\heights\train\DC_08_30_AGL.h5,GAMUS,DC,08_30,train,heights,government_urban
DC_08_32_AGL.h5,data\GAMUS\heights\train\DC_08_32_AGL.h5,GAMUS,DC,08_32,train,heights,government_urban
DC_09_17_AGL.h5,data\GAMUS\heights\train\DC_09_17_AGL.h5,GAMUS,DC,09_17,train,heights,government_urban
DC_09_19_AGL.h5,data\GAMUS\heights\train\DC_09_19_AGL.h5,GAMUS,DC,09_19,train,heights,government_urban
DC_09_20_AGL.h5,data\GAMUS\heights\train\DC_09_20_AGL.h5,GAMUS,DC,09_20,train,heights,government_urban
DC_09_21_AGL.h5,data\GAMUS\heights\train\DC_09_21_AGL.h5,GAMUS,DC,09_21,train,heights,government_urban
DC_09_27_AGL.h5,data\GAMUS\heights\train\DC_09_27_AGL.h5,GAMUS,DC,09_27,train,heights,government_urban
DC_09_28_AGL.h5,data\GAMUS\heights\train\DC_09_28_AGL.h5,GAMUS,DC,09_28,train,heights,government_urban
DC_09_30_AGL.h5,data\GAMUS\heights\train\DC_09_30_AGL.h5,GAMUS,DC,09_30,train,heights,government_urban
DC_09_31_AGL.h5,data\GAMUS\heights\train\DC_09_31_AGL.h5,GAMUS,DC,09_31,train,heights,government_urban
DC_10_16_AGL.h5,data\GAMUS\heights\train\DC_10_16_AGL.h5,GAMUS,DC,10_16,train,heights,government_urban
DC_10_17_AGL.h5,data\GAMUS\heights\train\DC_10_17_AGL.h5,GAMUS,DC,10_17,train,heights,government_urban
DC_10_18_AGL.h5,data\GAMUS\heights\train\DC_10_18_AGL.h5,GAMUS,DC,10_18,train,heights,government_urban
DC_10_19_AGL.h5,data\GAMUS\heights\train\DC_10_19_AGL.h5,GAMUS,DC,10_19,train,heights,government_urban
DC_10_21_AGL.h5,data\GAMUS\heights\train\DC_10_21_AGL.h5,GAMUS,DC,10_21,train,heights,government_urban
DC_10_27_AGL.h5,data\GAMUS\heights\train\DC_10_27_AGL.h5,GAMUS,DC,10_27,train,heights,government_urban
DC_10_28_AGL.h5,data\GAMUS\heights\train\DC_10_28_AGL.h5,GAMUS,DC,10_28,train,heights,government_urban
DC_10_31_AGL.h5,data\GAMUS\heights\train\DC_10_31_AGL.h5,GAMUS,DC,10_31,train,heights,government_urban
DC_10_32_AGL.h5,data\GAMUS\heights\train\DC_10_32_AGL.h5,GAMUS,DC,10_32,train,heights,government_urban
DC_10_33_AGL.h5,data\GAMUS\heights\train\DC_10_33_AGL.h5,GAMUS,DC,10_33,train,heights,government_urban
DC_10_34_AGL.h5,data\GAMUS\heights\train\DC_10_34_AGL.h5,GAMUS,DC,10_34,train,heights,government_urban
DC_11_17_AGL.h5,data\GAMUS\heights\train\DC_11_17_AGL.h5,GAMUS,DC,11_17,train,heights,government_urban
DC_11_18_AGL.h5,data\GAMUS\heights\train\DC_11_18_AGL.h5,GAMUS,DC,11_18,train,heights,government_urban
DC_11_20_AGL.h5,data\GAMUS\heights\train\DC_11_20_AGL.h5,GAMUS,DC,11_20,train,heights,government_urban
DC_11_21_AGL.h5,data\GAMUS\heights\train\DC_11_21_AGL.h5,GAMUS,DC,11_21,train,heights,government_urban
DC_11_27_AGL.h5,data\GAMUS\heights\train\DC_11_27_AGL.h5,GAMUS,DC,11_27,train,heights,government_urban
DC_11_28_AGL.h5,data\GAMUS\heights\train\DC_11_28_AGL.h5,GAMUS,DC,11_28,train,heights,government_urban
DC_11_29_AGL.h5,data\GAMUS\heights\train\DC_11_29_AGL.h5,GAMUS,DC,11_29,train,heights,government_urban
DC_11_30_AGL.h5,data\GAMUS\heights\train\DC_11_30_AGL.h5,GAMUS,DC,11_30,train,heights,government_urban
DC_11_35_AGL.h5,data\GAMUS\heights\train\DC_11_35_AGL.h5,GAMUS,DC,11_35,train,heights,government_urban
DC_12_14_AGL.h5,data\GAMUS\heights\train\DC_12_14_AGL.h5,GAMUS,DC,12_14,train,heights,government_urban
DC_12_16_AGL.h5,data\GAMUS\heights\train\DC_12_16_AGL.h5,GAMUS,DC,12_16,train,heights,government_urban
DC_12_18_AGL.h5,data\GAMUS\heights\train\DC_12_18_AGL.h5,GAMUS,DC,12_18,train,heights,government_urban
DC_12_19_AGL.h5,data\GAMUS\heights\train\DC_12_19_AGL.h5,GAMUS,DC,12_19,train,heights,government_urban
DC_12_21_AGL.h5,data\GAMUS\heights\train\DC_12_21_AGL.h5,GAMUS,DC,12_21,train,heights,government_urban
DC_12_25_AGL.h5,data\GAMUS\heights\train\DC_12_25_AGL.h5,GAMUS,DC,12_25,train,heights,government_urban
DC_12_26_AGL.h5,data\GAMUS\heights\train\DC_12_26_AGL.h5,GAMUS,DC,12_26,train,heights,government_urban
DC_12_28_AGL.h5,data\GAMUS\heights\train\DC_12_28_AGL.h5,GAMUS,DC,12_28,train,heights,government_urban
DC_12_29_AGL.h5,data\GAMUS\heights\train\DC_12_29_AGL.h5,GAMUS,DC,12_29,train,heights,government_urban
DC_12_30_AGL.h5,data\GAMUS\heights\train\DC_12_30_AGL.h5,GAMUS,DC,12_30,train,heights,government_urban
DC_12_31_AGL.h5,data\GAMUS\heights\train\DC_12_31_AGL.h5,GAMUS,DC,12_31,train,heights,government_urban
DC_12_32_AGL.h5,data\GAMUS\heights\train\DC_12_32_AGL.h5,GAMUS,DC,12_32,train,heights,government_urban
DC_12_33_AGL.h5,data\GAMUS\heights\train\DC_12_33_AGL.h5,GAMUS,DC,12_33,train,heights,government_urban
DC_12_36_AGL.h5,data\GAMUS\heights\train\DC_12_36_AGL.h5,GAMUS,DC,12_36,train,heights,government_urban
DC_12_37_AGL.h5,data\GAMUS\heights\train\DC_12_37_AGL.h5,GAMUS,DC,12_37,train,heights,government_urban
DC_13_13_AGL.h5,data\GAMUS\heights\train\DC_13_13_AGL.h5,GAMUS,DC,13_13,train,heights,government_urban
DC_13_16_AGL.h5,data\GAMUS\heights\train\DC_13_16_AGL.h5,GAMUS,DC,13_16,train,heights,government_urban
DC_13_18_AGL.h5,data\GAMUS\heights\train\DC_13_18_AGL.h5,GAMUS,DC,13_18,train,heights,government_urban
DC_13_20_AGL.h5,data\GAMUS\heights\train\DC_13_20_AGL.h5,GAMUS,DC,13_20,train,heights,government_urban
DC_13_23_AGL.h5,data\GAMUS\heights\train\DC_13_23_AGL.h5,GAMUS,DC,13_23,train,heights,government_urban
DC_13_24_AGL.h5,data\GAMUS\heights\train\DC_13_24_AGL.h5,GAMUS,DC,13_24,train,heights,government_urban
DC_13_26_AGL.h5,data\GAMUS\heights\train\DC_13_26_AGL.h5,GAMUS,DC,13_26,train,heights,government_urban
DC_13_27_AGL.h5,data\GAMUS\heights\train\DC_13_27_AGL.h5,GAMUS,DC,13_27,train,heights,government_urban
DC_13_29_AGL.h5,data\GAMUS\heights\train\DC_13_29_AGL.h5,GAMUS,DC,13_29,train,heights,government_urban
DC_13_30_AGL.h5,data\GAMUS\heights\train\DC_13_30_AGL.h5,GAMUS,DC,13_30,train,heights,government_urban
DC_13_31_AGL.h5,data\GAMUS\heights\train\DC_13_31_AGL.h5,GAMUS,DC,13_31,train,heights,government_urban
DC_13_32_AGL.h5,data\GAMUS\heights\train\DC_13_32_AGL.h5,GAMUS,DC,13_32,train,heights,government_urban
DC_13_36_AGL.h5,data\GAMUS\heights\train\DC_13_36_AGL.h5,GAMUS,DC,13_36,train,heights,government_urban
DC_13_37_AGL.h5,data\GAMUS\heights\train\DC_13_37_AGL.h5,GAMUS,DC,13_37,train,heights,government_urban
DC_14_12_AGL.h5,data\GAMUS\heights\train\DC_14_12_AGL.h5,GAMUS,DC,14_12,train,heights,government_urban
DC_14_13_AGL.h5,data\GAMUS\heights\train\DC_14_13_AGL.h5,GAMUS,DC,14_13,train,heights,government_urban
DC_14_14_AGL.h5,data\GAMUS\heights\train\DC_14_14_AGL.h5,GAMUS,DC,14_14,train,heights,government_urban
DC_14_15_AGL.h5,data\GAMUS\heights\train\DC_14_15_AGL.h5,GAMUS,DC,14_15,train,heights,government_urban
DC_14_16_AGL.h5,data\GAMUS\heights\train\DC_14_16_AGL.h5,GAMUS,DC,14_16,train,heights,government_urban
DC_14_17_AGL.h5,data\GAMUS\heights\train\DC_14_17_AGL.h5,GAMUS,DC,14_17,train,heights,government_urban
DC_14_18_AGL.h5,data\GAMUS\heights\train\DC_14_18_AGL.h5,GAMUS,DC,14_18,train,heights,government_urban
DC_14_19_AGL.h5,data\GAMUS\heights\train\DC_14_19_AGL.h5,GAMUS,DC,14_19,train,heights,government_urban
DC_14_20_AGL.h5,data\GAMUS\heights\train\DC_14_20_AGL.h5,GAMUS,DC,14_20,train,heights,government_urban
DC_14_25_AGL.h5,data\GAMUS\heights\train\DC_14_25_AGL.h5,GAMUS,DC,14_25,train,heights,government_urban
DC_14_26_AGL.h5,data\GAMUS\heights\train\DC_14_26_AGL.h5,GAMUS,DC,14_26,train,heights,government_urban
DC_14_27_AGL.h5,data\GAMUS\heights\train\DC_14_27_AGL.h5,GAMUS,DC,14_27,train,heights,government_urban
DC_14_29_AGL.h5,data\GAMUS\heights\train\DC_14_29_AGL.h5,GAMUS,DC,14_29,train,heights,government_urban
DC_14_30_AGL.h5,data\GAMUS\heights\train\DC_14_30_AGL.h5,GAMUS,DC,14_30,train,heights,government_urban
DC_14_31_AGL.h5,data\GAMUS\heights\train\DC_14_31_AGL.h5,GAMUS,DC,14_31,train,heights,government_urban
DC_14_33_AGL.h5,data\GAMUS\heights\train\DC_14_33_AGL.h5,GAMUS,DC,14_33,train,heights,government_urban
DC_14_34_AGL.h5,data\GAMUS\heights\train\DC_14_34_AGL.h5,GAMUS,DC,14_34,train,heights,government_urban
DC_14_37_AGL.h5,data\GAMUS\heights\train\DC_14_37_AGL.h5,GAMUS,DC,14_37,train,heights,government_urban
DC_14_38_AGL.h5,data\GAMUS\heights\train\DC_14_38_AGL.h5,GAMUS,DC,14_38,train,heights,government_urban
DC_15_11_AGL.h5,data\GAMUS\heights\train\DC_15_11_AGL.h5,GAMUS,DC,15_11,train,heights,government_urban
DC_15_12_AGL.h5,data\GAMUS\heights\train\DC_15_12_AGL.h5,GAMUS,DC,15_12,train,heights,government_urban
DC_15_14_AGL.h5,data\GAMUS\heights\train\DC_15_14_AGL.h5,GAMUS,DC,15_14,train,heights,government_urban
DC_15_16_AGL.h5,data\GAMUS\heights\train\DC_15_16_AGL.h5,GAMUS,DC,15_16,train,heights,government_urban
DC_15_18_AGL.h5,data\GAMUS\heights\train\DC_15_18_AGL.h5,GAMUS,DC,15_18,train,heights,government_urban
DC_15_19_AGL.h5,data\GAMUS\heights\train\DC_15_19_AGL.h5,GAMUS,DC,15_19,train,heights,government_urban
DC_15_21_AGL.h5,data\GAMUS\heights\train\DC_15_21_AGL.h5,GAMUS,DC,15_21,train,heights,government_urban
DC_15_22_AGL.h5,data\GAMUS\heights\train\DC_15_22_AGL.h5,GAMUS,DC,15_22,train,heights,government_urban
DC_15_24_AGL.h5,data\GAMUS\heights\train\DC_15_24_AGL.h5,GAMUS,DC,15_24,train,heights,government_urban
DC_15_25_AGL.h5,data\GAMUS\heights\train\DC_15_25_AGL.h5,GAMUS,DC,15_25,train,heights,government_urban
DC_15_26_AGL.h5,data\GAMUS\heights\train\DC_15_26_AGL.h5,GAMUS,DC,15_26,train,heights,government_urban
DC_15_28_AGL.h5,data\GAMUS\heights\train\DC_15_28_AGL.h5,GAMUS,DC,15_28,train,heights,government_urban
DC_15_29_AGL.h5,data\GAMUS\heights\train\DC_15_29_AGL.h5,GAMUS,DC,15_29,train,heights,government_urban
DC_15_30_AGL.h5,data\GAMUS\heights\train\DC_15_30_AGL.h5,GAMUS,DC,15_30,train,heights,government_urban
DC_15_31_AGL.h5,data\GAMUS\heights\train\DC_15_31_AGL.h5,GAMUS,DC,15_31,train,heights,government_urban
DC_15_32_AGL.h5,data\GAMUS\heights\train\DC_15_32_AGL.h5,GAMUS,DC,15_32,train,heights,government_urban
DC_15_33_AGL.h5,data\GAMUS\heights\train\DC_15_33_AGL.h5,GAMUS,DC,15_33,train,heights,government_urban
DC_15_34_AGL.h5,data\GAMUS\heights\train\DC_15_34_AGL.h5,GAMUS,DC,15_34,train,heights,government_urban
DC_15_35_AGL.h5,data\GAMUS\heights\train\DC_15_35_AGL.h5,GAMUS,DC,15_35,train,heights,government_urban
DC_15_36_AGL.h5,data\GAMUS\heights\train\DC_15_36_AGL.h5,GAMUS,DC,15_36,train,heights,government_urban
DC_15_37_AGL.h5,data\GAMUS\heights\train\DC_15_37_AGL.h5,GAMUS,DC,15_37,train,heights,government_urban
DC_15_38_AGL.h5,data\GAMUS\heights\train\DC_15_38_AGL.h5,GAMUS,DC,15_38,train,heights,government_urban
DC_16_10_AGL.h5,data\GAMUS\heights\train\DC_16_10_AGL.h5,GAMUS,DC,16_10,train,heights,government_urban
DC_16_11_AGL.h5,data\GAMUS\heights\train\DC_16_11_AGL.h5,GAMUS,DC,16_11,train,heights,government_urban
DC_16_12_AGL.h5,data\GAMUS\heights\train\DC_16_12_AGL.h5,GAMUS,DC,16_12,train,heights,government_urban
DC_16_17_AGL.h5,data\GAMUS\heights\train\DC_16_17_AGL.h5,GAMUS,DC,16_17,train,heights,government_urban
DC_16_19_AGL.h5,data\GAMUS\heights\train\DC_16_19_AGL.h5,GAMUS,DC,16_19,train,heights,government_urban
DC_16_20_AGL.h5,data\GAMUS\heights\train\DC_16_20_AGL.h5,GAMUS,DC,16_20,train,heights,government_urban
DC_16_22_AGL.h5,data\GAMUS\heights\train\DC_16_22_AGL.h5,GAMUS,DC,16_22,train,heights,government_urban
DC_16_25_AGL.h5,data\GAMUS\heights\train\DC_16_25_AGL.h5,GAMUS,DC,16_25,train,heights,government_urban
DC_16_26_AGL.h5,data\GAMUS\heights\train\DC_16_26_AGL.h5,GAMUS,DC,16_26,train,heights,government_urban
DC_16_29_AGL.h5,data\GAMUS\heights\train\DC_16_29_AGL.h5,GAMUS,DC,16_29,train,heights,government_urban
DC_16_30_AGL.h5,data\GAMUS\heights\train\DC_16_30_AGL.h5,GAMUS,DC,16_30,train,heights,government_urban
DC_16_31_AGL.h5,data\GAMUS\heights\train\DC_16_31_AGL.h5,GAMUS,DC,16_31,train,heights,government_urban
DC_16_32_AGL.h5,data\GAMUS\heights\train\DC_16_32_AGL.h5,GAMUS,DC,16_32,train,heights,government_urban
DC_16_34_AGL.h5,data\GAMUS\heights\train\DC_16_34_AGL.h5,GAMUS,DC,16_34,train,heights,government_urban
DC_16_35_AGL.h5,data\GAMUS\heights\train\DC_16_35_AGL.h5,GAMUS,DC,16_35,train,heights,government_urban
DC_16_36_AGL.h5,data\GAMUS\heights\train\DC_16_36_AGL.h5,GAMUS,DC,16_36,train,heights,government_urban
DC_16_39_AGL.h5,data\GAMUS\heights\train\DC_16_39_AGL.h5,GAMUS,DC,16_39,train,heights,government_urban
DC_16_40_AGL.h5,data\GAMUS\heights\train\DC_16_40_AGL.h5,GAMUS,DC,16_40,train,heights,government_urban
DC_17_09_AGL.h5,data\GAMUS\heights\train\DC_17_09_AGL.h5,GAMUS,DC,17_09,train,heights,government_urban
DC_17_10_AGL.h5,data\GAMUS\heights\train\DC_17_10_AGL.h5,GAMUS,DC,17_10,train,heights,government_urban
DC_17_13_AGL.h5,data\GAMUS\heights\train\DC_17_13_AGL.h5,GAMUS,DC,17_13,train,heights,government_urban
DC_17_14_AGL.h5,data\GAMUS\heights\train\DC_17_14_AGL.h5,GAMUS,DC,17_14,train,heights,government_urban
DC_17_16_AGL.h5,data\GAMUS\heights\train\DC_17_16_AGL.h5,GAMUS,DC,17_16,train,heights,government_urban
DC_17_17_AGL.h5,data\GAMUS\heights\train\DC_17_17_AGL.h5,GAMUS,DC,17_17,train,heights,government_urban
DC_17_18_AGL.h5,data\GAMUS\heights\train\DC_17_18_AGL.h5,GAMUS,DC,17_18,train,heights,government_urban
DC_17_21_AGL.h5,data\GAMUS\heights\train\DC_17_21_AGL.h5,GAMUS,DC,17_21,train,heights,government_urban
DC_17_22_AGL.h5,data\GAMUS\heights\train\DC_17_22_AGL.h5,GAMUS,DC,17_22,train,heights,government_urban
DC_17_23_AGL.h5,data\GAMUS\heights\train\DC_17_23_AGL.h5,GAMUS,DC,17_23,train,heights,government_urban
DC_17_24_AGL.h5,data\GAMUS\heights\train\DC_17_24_AGL.h5,GAMUS,DC,17_24,train,heights,government_urban
DC_17_26_AGL.h5,data\GAMUS\heights\train\DC_17_26_AGL.h5,GAMUS,DC,17_26,train,heights,government_urban
DC_17_27_AGL.h5,data\GAMUS\heights\train\DC_17_27_AGL.h5,GAMUS,DC,17_27,train,heights,government_urban
DC_17_28_AGL.h5,data\GAMUS\heights\train\DC_17_28_AGL.h5,GAMUS,DC,17_28,train,heights,government_urban
DC_17_30_AGL.h5,data\GAMUS\heights\train\DC_17_30_AGL.h5,GAMUS,DC,17_30,train,heights,government_urban
DC_17_31_AGL.h5,data\GAMUS\heights\train\DC_17_31_AGL.h5,GAMUS,DC,17_31,train,heights,government_urban
DC_17_32_AGL.h5,data\GAMUS\heights\train\DC_17_32_AGL.h5,GAMUS,DC,17_32,train,heights,government_urban
DC_17_33_AGL.h5,data\GAMUS\heights\train\DC_17_33_AGL.h5,GAMUS,DC,17_33,train,heights,government_urban
DC_17_34_AGL.h5,data\GAMUS\heights\train\DC_17_34_AGL.h5,GAMUS,DC,17_34,train,heights,government_urban
DC_17_35_AGL.h5,data\GAMUS\heights\train\DC_17_35_AGL.h5,GAMUS,DC,17_35,train,heights,government_urban
DC_17_39_AGL.h5,data\GAMUS\heights\train\DC_17_39_AGL.h5,GAMUS,DC,17_39,train,heights,government_urban
DC_17_40_AGL.h5,data\GAMUS\heights\train\DC_17_40_AGL.h5,GAMUS,DC,17_40,train,heights,government_urban
DC_17_41_AGL.h5,data\GAMUS\heights\train\DC_17_41_AGL.h5,GAMUS,DC,17_41,train,heights,government_urban
DC_18_08_AGL.h5,data\GAMUS\heights\train\DC_18_08_AGL.h5,GAMUS,DC,18_08,train,heights,government_urban
DC_18_10_AGL.h5,data\GAMUS\heights\train\DC_18_10_AGL.h5,GAMUS,DC,18_10,train,heights,government_urban
DC_18_11_AGL.h5,data\GAMUS\heights\train\DC_18_11_AGL.h5,GAMUS,DC,18_11,train,heights,government_urban
DC_18_12_AGL.h5,data\GAMUS\heights\train\DC_18_12_AGL.h5,GAMUS,DC,18_12,train,heights,government_urban
DC_18_14_AGL.h5,data\GAMUS\heights\train\DC_18_14_AGL.h5,GAMUS,DC,18_14,train,heights,government_urban
DC_18_15_AGL.h5,data\GAMUS\heights\train\DC_18_15_AGL.h5,GAMUS,DC,18_15,train,heights,government_urban
DC_18_16_AGL.h5,data\GAMUS\heights\train\DC_18_16_AGL.h5,GAMUS,DC,18_16,train,heights,government_urban
DC_18_18_AGL.h5,data\GAMUS\heights\train\DC_18_18_AGL.h5,GAMUS,DC,18_18,train,heights,government_urban
DC_18_19_AGL.h5,data\GAMUS\heights\train\DC_18_19_AGL.h5,GAMUS,DC,18_19,train,heights,government_urban
DC_18_21_AGL.h5,data\GAMUS\heights\train\DC_18_21_AGL.h5,GAMUS,DC,18_21,train,heights,government_urban
DC_18_22_AGL.h5,data\GAMUS\heights\train\DC_18_22_AGL.h5,GAMUS,DC,18_22,train,heights,government_urban
DC_18_25_AGL.h5,data\GAMUS\heights\train\DC_18_25_AGL.h5,GAMUS,DC,18_25,train,heights,government_urban
DC_18_26_AGL.h5,data\GAMUS\heights\train\DC_18_26_AGL.h5,GAMUS,DC,18_26,train,heights,government_urban
DC_18_27_AGL.h5,data\GAMUS\heights\train\DC_18_27_AGL.h5,GAMUS,DC,18_27,train,heights,government_urban
DC_18_30_AGL.h5,data\GAMUS\heights\train\DC_18_30_AGL.h5,GAMUS,DC,18_30,train,heights,government_urban
DC_18_31_AGL.h5,data\GAMUS\heights\train\DC_18_31_AGL.h5,GAMUS,DC,18_31,train,heights,government_urban
DC_18_32_AGL.h5,data\GAMUS\heights\train\DC_18_32_AGL.h5,GAMUS,DC,18_32,train,heights,government_urban
DC_18_33_AGL.h5,data\GAMUS\heights\train\DC_18_33_AGL.h5,GAMUS,DC,18_33,train,heights,government_urban
DC_18_34_AGL.h5,data\GAMUS\heights\train\DC_18_34_AGL.h5,GAMUS,DC,18_34,train,heights,government_urban
DC_18_35_AGL.h5,data\GAMUS\heights\train\DC_18_35_AGL.h5,GAMUS,DC,18_35,train,heights,government_urban
DC_18_37_AGL.h5,data\GAMUS\heights\train\DC_18_37_AGL.h5,GAMUS,DC,18_37,train,heights,government_urban
DC_18_38_AGL.h5,data\GAMUS\heights\train\DC_18_38_AGL.h5,GAMUS,DC,18_38,train,heights,government_urban
DC_18_40_AGL.h5,data\GAMUS\heights\train\DC_18_40_AGL.h5,GAMUS,DC,18_40,train,heights,government_urban
DC_18_41_AGL.h5,data\GAMUS\heights\train\DC_18_41_AGL.h5,GAMUS,DC,18_41,train,heights,government_urban
DC_18_42_AGL.h5,data\GAMUS\heights\train\DC_18_42_AGL.h5,GAMUS,DC,18_42,train,heights,government_urban
DC_19_07_AGL.h5,data\GAMUS\heights\train\DC_19_07_AGL.h5,GAMUS,DC,19_07,train,heights,government_urban
DC_19_08_AGL.h5,data\GAMUS\heights\train\DC_19_08_AGL.h5,GAMUS,DC,19_08,train,heights,government_urban
DC_19_09_AGL.h5,data\GAMUS\heights\train\DC_19_09_AGL.h5,GAMUS,DC,19_09,train,heights,government_urban
DC_19_10_AGL.h5,data\GAMUS\heights\train\DC_19_10_AGL.h5,GAMUS,DC,19_10,train,heights,government_urban
DC_19_11_AGL.h5,data\GAMUS\heights\train\DC_19_11_AGL.h5,GAMUS,DC,19_11,train,heights,government_urban
DC_19_12_AGL.h5,data\GAMUS\heights\train\DC_19_12_AGL.h5,GAMUS,DC,19_12,train,heights,government_urban
DC_19_13_AGL.h5,data\GAMUS\heights\train\DC_19_13_AGL.h5,GAMUS,DC,19_13,train,heights,government_urban
DC_19_14_AGL.h5,data\GAMUS\heights\train\DC_19_14_AGL.h5,GAMUS,DC,19_14,train,heights,government_urban
DC_19_15_AGL.h5,data\GAMUS\heights\train\DC_19_15_AGL.h5,GAMUS,DC,19_15,train,heights,government_urban
DC_19_18_AGL.h5,data\GAMUS\heights\train\DC_19_18_AGL.h5,GAMUS,DC,19_18,train,heights,government_urban
DC_19_19_AGL.h5,data\GAMUS\heights\train\DC_19_19_AGL.h5,GAMUS,DC,19_19,train,heights,government_urban
DC_19_20_AGL.h5,data\GAMUS\heights\train\DC_19_20_AGL.h5,GAMUS,DC,19_20,train,heights,government_urban
DC_19_22_AGL.h5,data\GAMUS\heights\train\DC_19_22_AGL.h5,GAMUS,DC,19_22,train,heights,government_urban
DC_19_23_AGL.h5,data\GAMUS\heights\train\DC_19_23_AGL.h5,GAMUS,DC,19_23,train,heights,government_urban
DC_19_25_AGL.h5,data\GAMUS\heights\train\DC_19_25_AGL.h5,GAMUS,DC,19_25,train,heights,government_urban
DC_19_29_AGL.h5,data\GAMUS\heights\train\DC_19_29_AGL.h5,GAMUS,DC,19_29,train,heights,government_urban
DC_19_30_AGL.h5,data\GAMUS\heights\train\DC_19_30_AGL.h5,GAMUS,DC,19_30,train,heights,government_urban
DC_19_32_AGL.h5,data\GAMUS\heights\train\DC_19_32_AGL.h5,GAMUS,DC,19_32,train,heights,government_urban
DC_19_33_AGL.h5,data\GAMUS\heights\train\DC_19_33_AGL.h5,GAMUS,DC,19_33,train,heights,government_urban
DC_19_34_AGL.h5,data\GAMUS\heights\train\DC_19_34_AGL.h5,GAMUS,DC,19_34,train,heights,government_urban
DC_19_35_AGL.h5,data\GAMUS\heights\train\DC_19_35_AGL.h5,GAMUS,DC,19_35,train,heights,government_urban
DC_19_39_AGL.h5,data\GAMUS\heights\train\DC_19_39_AGL.h5,GAMUS,DC,19_39,train,heights,government_urban
DC_19_40_AGL.h5,data\GAMUS\heights\train\DC_19_40_AGL.h5,GAMUS,DC,19_40,train,heights,government_urban
DC_19_43_AGL.h5,data\GAMUS\heights\train\DC_19_43_AGL.h5,GAMUS,DC,19_43,train,heights,government_urban
DC_20_06_AGL.h5,data\GAMUS\heights\train\DC_20_06_AGL.h5,GAMUS,DC,20_06,train,heights,government_urban
DC_20_10_AGL.h5,data\GAMUS\heights\train\DC_20_10_AGL.h5,GAMUS,DC,20_10,train,heights,government_urban
DC_20_16_AGL.h5,data\GAMUS\heights\train\DC_20_16_AGL.h5,GAMUS,DC,20_16,train,heights,government_urban
DC_20_17_AGL.h5,data\GAMUS\heights\train\DC_20_17_AGL.h5,GAMUS,DC,20_17,train,heights,government_urban
DC_20_21_AGL.h5,data\GAMUS\heights\train\DC_20_21_AGL.h5,GAMUS,DC,20_21,train,heights,government_urban
DC_20_22_AGL.h5,data\GAMUS\heights\train\DC_20_22_AGL.h5,GAMUS,DC,20_22,train,heights,government_urban
DC_20_24_AGL.h5,data\GAMUS\heights\train\DC_20_24_AGL.h5,GAMUS,DC,20_24,train,heights,government_urban
DC_20_26_AGL.h5,data\GAMUS\heights\train\DC_20_26_AGL.h5,GAMUS,DC,20_26,train,heights,government_urban
DC_20_27_AGL.h5,data\GAMUS\heights\train\DC_20_27_AGL.h5,GAMUS,DC,20_27,train,heights,government_urban
DC_20_30_AGL.h5,data\GAMUS\heights\train\DC_20_30_AGL.h5,GAMUS,DC,20_30,train,heights,government_urban
DC_20_32_AGL.h5,data\GAMUS\heights\train\DC_20_32_AGL.h5,GAMUS,DC,20_32,train,heights,government_urban
DC_20_34_AGL.h5,data\GAMUS\heights\train\DC_20_34_AGL.h5,GAMUS,DC,20_34,train,heights,government_urban
DC_20_35_AGL.h5,data\GAMUS\heights\train\DC_20_35_AGL.h5,GAMUS,DC,20_35,train,heights,government_urban
DC_20_39_AGL.h5,data\GAMUS\heights\train\DC_20_39_AGL.h5,GAMUS,DC,20_39,train,heights,government_urban
DC_20_41_AGL.h5,data\GAMUS\heights\train\DC_20_41_AGL.h5,GAMUS,DC,20_41,train,heights,government_urban
DC_20_42_AGL.h5,data\GAMUS\heights\train\DC_20_42_AGL.h5,GAMUS,DC,20_42,train,heights,government_urban
DC_20_44_AGL.h5,data\GAMUS\heights\train\DC_20_44_AGL.h5,GAMUS,DC,20_44,train,heights,government_urban
DC_21_06_AGL.h5,data\GAMUS\heights\train\DC_21_06_AGL.h5,GAMUS,DC,21_06,train,heights,government_urban
DC_21_09_AGL.h5,data\GAMUS\heights\train\DC_21_09_AGL.h5,GAMUS,DC,21_09,train,heights,government_urban
DC_21_12_AGL.h5,data\GAMUS\heights\train\DC_21_12_AGL.h5,GAMUS,DC,21_12,train,heights,government_urban
DC_21_14_AGL.h5,data\GAMUS\heights\train\DC_21_14_AGL.h5,GAMUS,DC,21_14,train,heights,government_urban
DC_21_15_AGL.h5,data\GAMUS\heights\train\DC_21_15_AGL.h5,GAMUS,DC,21_15,train,heights,government_urban
DC_21_18_AGL.h5,data\GAMUS\heights\train\DC_21_18_AGL.h5,GAMUS,DC,21_18,train,heights,government_urban
DC_21_20_AGL.h5,data\GAMUS\heights\train\DC_21_20_AGL.h5,GAMUS,DC,21_20,train,heights,government_urban
DC_21_21_AGL.h5,data\GAMUS\heights\train\DC_21_21_AGL.h5,GAMUS,DC,21_21,train,heights,government_urban
DC_21_23_AGL.h5,data\GAMUS\heights\train\DC_21_23_AGL.h5,GAMUS,DC,21_23,train,heights,government_urban
DC_21_25_AGL.h5,data\GAMUS\heights\train\DC_21_25_AGL.h5,GAMUS,DC,21_25,train,heights,government_urban
DC_21_28_AGL.h5,data\GAMUS\heights\train\DC_21_28_AGL.h5,GAMUS,DC,21_28,train,heights,government_urban
DC_21_30_AGL.h5,data\GAMUS\heights\train\DC_21_30_AGL.h5,GAMUS,DC,21_30,train,heights,government_urban
DC_21_31_AGL.h5,data\GAMUS\heights\train\DC_21_31_AGL.h5,GAMUS,DC,21_31,train,heights,government_urban
DC_21_36_AGL.h5,data\GAMUS\heights\train\DC_21_36_AGL.h5,GAMUS,DC,21_36,train,heights,government_urban
DC_21_37_AGL.h5,data\GAMUS\heights\train\DC_21_37_AGL.h5,GAMUS,DC,21_37,train,heights,government_urban
DC_21_38_AGL.h5,data\GAMUS\heights\train\DC_21_38_AGL.h5,GAMUS,DC,21_38,train,heights,government_urban
DC_21_39_AGL.h5,data\GAMUS\heights\train\DC_21_39_AGL.h5,GAMUS,DC,21_39,train,heights,government_urban
DC_21_41_AGL.h5,data\GAMUS\heights\train\DC_21_41_AGL.h5,GAMUS,DC,21_41,train,heights,government_urban
DC_21_42_AGL.h5,data\GAMUS\heights\train\DC_21_42_AGL.h5,GAMUS,DC,21_42,train,heights,government_urban
DC_21_43_AGL.h5,data\GAMUS\heights\train\DC_21_43_AGL.h5,GAMUS,DC,21_43,train,heights,government_urban
DC_21_45_AGL.h5,data\GAMUS\heights\train\DC_21_45_AGL.h5,GAMUS,DC,21_45,train,heights,government_urban
DC_21_46_AGL.h5,data\GAMUS\heights\train\DC_21_46_AGL.h5,GAMUS,DC,21_46,train,heights,government_urban
DC_22_05_AGL.h5,data\GAMUS\heights\train\DC_22_05_AGL.h5,GAMUS,DC,22_05,train,heights,government_urban
DC_22_06_AGL.h5,data\GAMUS\heights\train\DC_22_06_AGL.h5,GAMUS,DC,22_06,train,heights,government_urban
DC_22_08_AGL.h5,data\GAMUS\heights\train\DC_22_08_AGL.h5,GAMUS,DC,22_08,train,heights,government_urban
DC_22_10_AGL.h5,data\GAMUS\heights\train\DC_22_10_AGL.h5,GAMUS,DC,22_10,train,heights,government_urban
DC_22_11_AGL.h5,data\GAMUS\heights\train\DC_22_11_AGL.h5,GAMUS,DC,22_11,train,heights,government_urban
DC_22_12_AGL.h5,data\GAMUS\heights\train\DC_22_12_AGL.h5,GAMUS,DC,22_12,train,heights,government_urban
DC_22_13_AGL.h5,data\GAMUS\heights\train\DC_22_13_AGL.h5,GAMUS,DC,22_13,train,heights,government_urban
DC_22_15_AGL.h5,data\GAMUS\heights\train\DC_22_15_AGL.h5,GAMUS,DC,22_15,train,heights,government_urban
DC_22_16_AGL.h5,data\GAMUS\heights\train\DC_22_16_AGL.h5,GAMUS,DC,22_16,train,heights,government_urban
DC_22_19_AGL.h5,data\GAMUS\heights\train\DC_22_19_AGL.h5,GAMUS,DC,22_19,train,heights,government_urban
DC_22_22_AGL.h5,data\GAMUS\heights\train\DC_22_22_AGL.h5,GAMUS,DC,22_22,train,heights,government_urban
DC_22_23_AGL.h5,data\GAMUS\heights\train\DC_22_23_AGL.h5,GAMUS,DC,22_23,train,heights,government_urban
DC_22_27_AGL.h5,data\GAMUS\heights\train\DC_22_27_AGL.h5,GAMUS,DC,22_27,train,heights,government_urban
DC_22_28_AGL.h5,data\GAMUS\heights\train\DC_22_28_AGL.h5,GAMUS,DC,22_28,train,heights,government_urban
DC_22_30_AGL.h5,data\GAMUS\heights\train\DC_22_30_AGL.h5,GAMUS,DC,22_30,train,heights,government_urban
DC_22_31_AGL.h5,data\GAMUS\heights\train\DC_22_31_AGL.h5,GAMUS,DC,22_31,train,heights,government_urban
DC_22_33_AGL.h5,data\GAMUS\heights\train\DC_22_33_AGL.h5,GAMUS,DC,22_33,train,heights,government_urban
DC_22_34_AGL.h5,data\GAMUS\heights\train\DC_22_34_AGL.h5,GAMUS,DC,22_34,train,heights,government_urban
DC_22_35_AGL.h5,data\GAMUS\heights\train\DC_22_35_AGL.h5,GAMUS,DC,22_35,train,heights,government_urban
DC_22_36_AGL.h5,data\GAMUS\heights\train\DC_22_36_AGL.h5,GAMUS,DC,22_36,train,heights,government_urban
DC_22_37_AGL.h5,data\GAMUS\heights\train\DC_22_37_AGL.h5,GAMUS,DC,22_37,train,heights,government_urban
DC_22_39_AGL.h5,data\GAMUS\heights\train\DC_22_39_AGL.h5,GAMUS,DC,22_39,train,heights,government_urban
DC_22_40_AGL.h5,data\GAMUS\heights\train\DC_22_40_AGL.h5,GAMUS,DC,22_40,train,heights,government_urban
DC_22_41_AGL.h5,data\GAMUS\heights\train\DC_22_41_AGL.h5,GAMUS,DC,22_41,train,heights,government_urban
DC_22_43_AGL.h5,data\GAMUS\heights\train\DC_22_43_AGL.h5,GAMUS,DC,22_43,train,heights,government_urban
DC_22_44_AGL.h5,data\GAMUS\heights\train\DC_22_44_AGL.h5,GAMUS,DC,22_44,train,heights,government_urban
DC_22_46_AGL.h5,data\GAMUS\heights\train\DC_22_46_AGL.h5,GAMUS,DC,22_46,train,heights,government_urban
DC_23_03_AGL.h5,data\GAMUS\heights\train\DC_23_03_AGL.h5,GAMUS,DC,23_03,train,heights,government_urban
DC_23_07_AGL.h5,data\GAMUS\heights\train\DC_23_07_AGL.h5,GAMUS,DC,23_07,train,heights,government_urban
DC_23_08_AGL.h5,data\GAMUS\heights\train\DC_23_08_AGL.h5,GAMUS,DC,23_08,train,heights,government_urban
DC_23_10_AGL.h5,data\GAMUS\heights\train\DC_23_10_AGL.h5,GAMUS,DC,23_10,train,heights,government_urban
DC_23_11_AGL.h5,data\GAMUS\heights\train\DC_23_11_AGL.h5,GAMUS,DC,23_11,train,heights,government_urban
DC_23_12_AGL.h5,data\GAMUS\heights\train\DC_23_12_AGL.h5,GAMUS,DC,23_12,train,heights,government_urban
DC_23_13_AGL.h5,data\GAMUS\heights\train\DC_23_13_AGL.h5,GAMUS,DC,23_13,train,heights,government_urban
DC_23_15_AGL.h5,data\GAMUS\heights\train\DC_23_15_AGL.h5,GAMUS,DC,23_15,train,heights,government_urban
DC_23_16_AGL.h5,data\GAMUS\heights\train\DC_23_16_AGL.h5,GAMUS,DC,23_16,train,heights,government_urban
DC_23_17_AGL.h5,data\GAMUS\heights\train\DC_23_17_AGL.h5,GAMUS,DC,23_17,train,heights,government_urban
DC_23_18_AGL.h5,data\GAMUS\heights\train\DC_23_18_AGL.h5,GAMUS,DC,23_18,train,heights,government_urban
DC_23_19_AGL.h5,data\GAMUS\heights\train\DC_23_19_AGL.h5,GAMUS,DC,23_19,train,heights,government_urban
DC_23_20_AGL.h5,data\GAMUS\heights\train\DC_23_20_AGL.h5,GAMUS,DC,23_20,train,heights,government_urban
DC_23_22_AGL.h5,data\GAMUS\heights\train\DC_23_22_AGL.h5,GAMUS,DC,23_22,train,heights,government_urban
DC_23_23_AGL.h5,data\GAMUS\heights\train\DC_23_23_AGL.h5,GAMUS,DC,23_23,train,heights,government_urban
DC_23_28_AGL.h5,data\GAMUS\heights\train\DC_23_28_AGL.h5,GAMUS,DC,23_28,train,heights,government_urban
DC_23_29_AGL.h5,data\GAMUS\heights\train\DC_23_29_AGL.h5,GAMUS,DC,23_29,train,heights,government_urban
DC_23_30_AGL.h5,data\GAMUS\heights\train\DC_23_30_AGL.h5,GAMUS,DC,23_30,train,heights,government_urban
DC_23_32_AGL.h5,data\GAMUS\heights\train\DC_23_32_AGL.h5,GAMUS,DC,23_32,train,heights,government_urban
DC_23_33_AGL.h5,data\GAMUS\heights\train\DC_23_33_AGL.h5,GAMUS,DC,23_33,train,heights,government_urban
DC_23_34_AGL.h5,data\GAMUS\heights\train\DC_23_34_AGL.h5,GAMUS,DC,23_34,train,heights,government_urban
DC_23_35_AGL.h5,data\GAMUS\heights\train\DC_23_35_AGL.h5,GAMUS,DC,23_35,train,heights,government_urban
DC_23_36_AGL.h5,data\GAMUS\heights\train\DC_23_36_AGL.h5,GAMUS,DC,23_36,train,heights,government_urban
DC_23_37_AGL.h5,data\GAMUS\heights\train\DC_23_37_AGL.h5,GAMUS,DC,23_37,train,heights,government_urban
DC_23_38_AGL.h5,data\GAMUS\heights\train\DC_23_38_AGL.h5,GAMUS,DC,23_38,train,heights,government_urban
DC_23_39_AGL.h5,data\GAMUS\heights\train\DC_23_39_AGL.h5,GAMUS,DC,23_39,train,heights,government_urban
DC_23_40_AGL.h5,data\GAMUS\heights\train\DC_23_40_AGL.h5,GAMUS,DC,23_40,train,heights,government_urban
DC_23_41_AGL.h5,data\GAMUS\heights\train\DC_23_41_AGL.h5,GAMUS,DC,23_41,train,heights,government_urban
DC_23_42_AGL.h5,data\GAMUS\heights\train\DC_23_42_AGL.h5,GAMUS,DC,23_42,train,heights,government_urban
DC_23_43_AGL.h5,data\GAMUS\heights\train\DC_23_43_AGL.h5,GAMUS,DC,23_43,train,heights,government_urban
DC_23_44_AGL.h5,data\GAMUS\heights\train\DC_23_44_AGL.h5,GAMUS,DC,23_44,train,heights,government_urban
DC_23_46_AGL.h5,data\GAMUS\heights\train\DC_23_46_AGL.h5,GAMUS,DC,23_46,train,heights,government_urban
DC_23_47_AGL.h5,data\GAMUS\heights\train\DC_23_47_AGL.h5,GAMUS,DC,23_47,train,heights,government_urban
DC_24_03_AGL.h5,data\GAMUS\heights\train\DC_24_03_AGL.h5,GAMUS,DC,24_03,train,heights,government_urban
DC_24_04_AGL.h5,data\GAMUS\heights\train\DC_24_04_AGL.h5,GAMUS,DC,24_04,train,heights,government_urban
DC_24_05_AGL.h5,data\GAMUS\heights\train\DC_24_05_AGL.h5,GAMUS,DC,24_05,train,heights,government_urban
DC_24_06_AGL.h5,data\GAMUS\heights\train\DC_24_06_AGL.h5,GAMUS,DC,24_06,train,heights,government_urban
DC_24_08_AGL.h5,data\GAMUS\heights\train\DC_24_08_AGL.h5,GAMUS,DC,24_08,train,heights,government_urban
DC_24_10_AGL.h5,data\GAMUS\heights\train\DC_24_10_AGL.h5,GAMUS,DC,24_10,train,heights,government_urban
DC_24_11_AGL.h5,data\GAMUS\heights\train\DC_24_11_AGL.h5,GAMUS,DC,24_11,train,heights,government_urban
DC_24_12_AGL.h5,data\GAMUS\heights\train\DC_24_12_AGL.h5,GAMUS,DC,24_12,train,heights,government_urban
DC_24_13_AGL.h5,data\GAMUS\heights\train\DC_24_13_AGL.h5,GAMUS,DC,24_13,train,heights,government_urban
DC_24_15_AGL.h5,data\GAMUS\heights\train\DC_24_15_AGL.h5,GAMUS,DC,24_15,train,heights,government_urban
DC_24_17_AGL.h5,data\GAMUS\heights\train\DC_24_17_AGL.h5,GAMUS,DC,24_17,train,heights,government_urban
DC_24_18_AGL.h5,data\GAMUS\heights\train\DC_24_18_AGL.h5,GAMUS,DC,24_18,train,heights,government_urban
DC_24_20_AGL.h5,data\GAMUS\heights\train\DC_24_20_AGL.h5,GAMUS,DC,24_20,train,heights,government_urban
DC_24_21_AGL.h5,data\GAMUS\heights\train\DC_24_21_AGL.h5,GAMUS,DC,24_21,train,heights,government_urban
DC_24_24_AGL.h5,data\GAMUS\heights\train\DC_24_24_AGL.h5,GAMUS,DC,24_24,train,heights,government_urban
DC_24_27_AGL.h5,data\GAMUS\heights\train\DC_24_27_AGL.h5,GAMUS,DC,24_27,train,heights,government_urban
DC_24_28_AGL.h5,data\GAMUS\heights\train\DC_24_28_AGL.h5,GAMUS,DC,24_28,train,heights,government_urban
DC_24_30_AGL.h5,data\GAMUS\heights\train\DC_24_30_AGL.h5,GAMUS,DC,24_30,train,heights,government_urban
DC_24_31_AGL.h5,data\GAMUS\heights\train\DC_24_31_AGL.h5,GAMUS,DC,24_31,train,heights,government_urban
DC_24_32_AGL.h5,data\GAMUS\heights\train\DC_24_32_AGL.h5,GAMUS,DC,24_32,train,heights,government_urban
DC_24_36_AGL.h5,data\GAMUS\heights\train\DC_24_36_AGL.h5,GAMUS,DC,24_36,train,heights,government_urban
DC_24_37_AGL.h5,data\GAMUS\heights\train\DC_24_37_AGL.h5,GAMUS,DC,24_37,train,heights,government_urban
DC_24_38_AGL.h5,data\GAMUS\heights\train\DC_24_38_AGL.h5,GAMUS,DC,24_38,train,heights,government_urban
DC_24_39_AGL.h5,data\GAMUS\heights\train\DC_24_39_AGL.h5,GAMUS,DC,24_39,train,heights,government_urban
DC_24_40_AGL.h5,data\GAMUS\heights\train\DC_24_40_AGL.h5,GAMUS,DC,24_40,train,heights,government_urban
DC_24_41_AGL.h5,data\GAMUS\heights\train\DC_24_41_AGL.h5,GAMUS,DC,24_41,train,heights,government_urban
DC_24_42_AGL.h5,data\GAMUS\heights\train\DC_24_42_AGL.h5,GAMUS,DC,24_42,train,heights,government_urban
DC_24_43_AGL.h5,data\GAMUS\heights\train\DC_24_43_AGL.h5,GAMUS,DC,24_43,train,heights,government_urban
DC_24_44_AGL.h5,data\GAMUS\heights\train\DC_24_44_AGL.h5,GAMUS,DC,24_44,train,heights,government_urban
DC_24_45_AGL.h5,data\GAMUS\heights\train\DC_24_45_AGL.h5,GAMUS,DC,24_45,train,heights,government_urban
DC_24_46_AGL.h5,data\GAMUS\heights\train\DC_24_46_AGL.h5,GAMUS,DC,24_46,train,heights,government_urban
DC_24_48_AGL.h5,data\GAMUS\heights\train\DC_24_48_AGL.h5,GAMUS,DC,24_48,train,heights,government_urban
DC_25_03_AGL.h5,data\GAMUS\heights\train\DC_25_03_AGL.h5,GAMUS,DC,25_03,train,heights,government_urban
DC_25_04_AGL.h5,data\GAMUS\heights\train\DC_25_04_AGL.h5,GAMUS,DC,25_04,train,heights,government_urban
DC_25_06_AGL.h5,data\GAMUS\heights\train\DC_25_06_AGL.h5,GAMUS,DC,25_06,train,heights,government_urban
DC_25_08_AGL.h5,data\GAMUS\heights\train\DC_25_08_AGL.h5,GAMUS,DC,25_08,train,heights,government_urban
DC_25_10_AGL.h5,data\GAMUS\heights\train\DC_25_10_AGL.h5,GAMUS,DC,25_10,train,heights,government_urban
DC_25_11_AGL.h5,data\GAMUS\heights\train\DC_25_11_AGL.h5,GAMUS,DC,25_11,train,heights,government_urban
DC_25_12_AGL.h5,data\GAMUS\heights\train\DC_25_12_AGL.h5,GAMUS,DC,25_12,train,heights,government_urban
DC_25_13_AGL.h5,data\GAMUS\heights\train\DC_25_13_AGL.h5,GAMUS,DC,25_13,train,heights,government_urban
DC_25_14_AGL.h5,data\GAMUS\heights\train\DC_25_14_AGL.h5,GAMUS,DC,25_14,train,heights,government_urban
DC_25_16_AGL.h5,data\GAMUS\heights\train\DC_25_16_AGL.h5,GAMUS,DC,25_16,train,heights,government_urban
DC_25_17_AGL.h5,data\GAMUS\heights\train\DC_25_17_AGL.h5,GAMUS,DC,25_17,train,heights,government_urban
DC_25_18_AGL.h5,data\GAMUS\heights\train\DC_25_18_AGL.h5,GAMUS,DC,25_18,train,heights,government_urban
DC_25_19_AGL.h5,data\GAMUS\heights\train\DC_25_19_AGL.h5,GAMUS,DC,25_19,train,heights,government_urban
DC_25_20_AGL.h5,data\GAMUS\heights\train\DC_25_20_AGL.h5,GAMUS,DC,25_20,train,heights,government_urban
DC_25_21_AGL.h5,data\GAMUS\heights\train\DC_25_21_AGL.h5,GAMUS,DC,25_21,train,heights,government_urban
DC_25_26_AGL.h5,data\GAMUS\heights\train\DC_25_26_AGL.h5,GAMUS,DC,25_26,train,heights,government_urban
DC_25_29_AGL.h5,data\GAMUS\heights\train\DC_25_29_AGL.h5,GAMUS,DC,25_29,train,heights,government_urban
DC_25_30_AGL.h5,data\GAMUS\heights\train\DC_25_30_AGL.h5,GAMUS,DC,25_30,train,heights,government_urban
DC_25_31_AGL.h5,data\GAMUS\heights\train\DC_25_31_AGL.h5,GAMUS,DC,25_31,train,heights,government_urban
DC_25_32_AGL.h5,data\GAMUS\heights\train\DC_25_32_AGL.h5,GAMUS,DC,25_32,train,heights,government_urban
DC_25_34_AGL.h5,data\GAMUS\heights\train\DC_25_34_AGL.h5,GAMUS,DC,25_34,train,heights,government_urban
DC_25_37_AGL.h5,data\GAMUS\heights\train\DC_25_37_AGL.h5,GAMUS,DC,25_37,train,heights,government_urban
DC_25_39_AGL.h5,data\GAMUS\heights\train\DC_25_39_AGL.h5,GAMUS,DC,25_39,train,heights,government_urban
DC_25_40_AGL.h5,data\GAMUS\heights\train\DC_25_40_AGL.h5,GAMUS,DC,25_40,train,heights,government_urban
DC_25_41_AGL.h5,data\GAMUS\heights\train\DC_25_41_AGL.h5,GAMUS,DC,25_41,train,heights,government_urban
DC_25_44_AGL.h5,data\GAMUS\heights\train\DC_25_44_AGL.h5,GAMUS,DC,25_44,train,heights,government_urban
DC_25_45_AGL.h5,data\GAMUS\heights\train\DC_25_45_AGL.h5,GAMUS,DC,25_45,train,heights,government_urban
DC_25_47_AGL.h5,data\GAMUS\heights\train\DC_25_47_AGL.h5,GAMUS,DC,25_47,train,heights,government_urban
DC_25_48_AGL.h5,data\GAMUS\heights\train\DC_25_48_AGL.h5,GAMUS,DC,25_48,train,heights,government_urban
DC_25_49_AGL.h5,data\GAMUS\heights\train\DC_25_49_AGL.h5,GAMUS,DC,25_49,train,heights,government_urban
DC_26_03_AGL.h5,data\GAMUS\heights\train\DC_26_03_AGL.h5,GAMUS,DC,26_03,train,heights,government_urban
DC_26_04_AGL.h5,data\GAMUS\heights\train\DC_26_04_AGL.h5,GAMUS,DC,26_04,train,heights,government_urban
DC_26_06_AGL.h5,data\GAMUS\heights\train\DC_26_06_AGL.h5,GAMUS,DC,26_06,train,heights,government_urban
DC_26_07_AGL.h5,data\GAMUS\heights\train\DC_26_07_AGL.h5,GAMUS,DC,26_07,train,heights,government_urban
DC_26_09_AGL.h5,data\GAMUS\heights\train\DC_26_09_AGL.h5,GAMUS,DC,26_09,train,heights,government_urban
DC_26_10_AGL.h5,data\GAMUS\heights\train\DC_26_10_AGL.h5,GAMUS,DC,26_10,train,heights,government_urban
DC_26_11_AGL.h5,data\GAMUS\heights\train\DC_26_11_AGL.h5,GAMUS,DC,26_11,train,heights,government_urban
DC_26_12_AGL.h5,data\GAMUS\heights\train\DC_26_12_AGL.h5,GAMUS,DC,26_12,train,heights,government_urban
DC_26_14_AGL.h5,data\GAMUS\heights\train\DC_26_14_AGL.h5,GAMUS,DC,26_14,train,heights,government_urban
DC_26_15_AGL.h5,data\GAMUS\heights\train\DC_26_15_AGL.h5,GAMUS,DC,26_15,train,heights,government_urban
DC_26_16_AGL.h5,data\GAMUS\heights\train\DC_26_16_AGL.h5,GAMUS,DC,26_16,train,heights,government_urban
DC_26_17_AGL.h5,data\GAMUS\heights\train\DC_26_17_AGL.h5,GAMUS,DC,26_17,train,heights,government_urban
DC_26_18_AGL.h5,data\GAMUS\heights\train\DC_26_18_AGL.h5,GAMUS,DC,26_18,train,heights,government_urban
DC_26_19_AGL.h5,data\GAMUS\heights\train\DC_26_19_AGL.h5,GAMUS,DC,26_19,train,heights,government_urban
DC_26_22_AGL.h5,data\GAMUS\heights\train\DC_26_22_AGL.h5,GAMUS,DC,26_22,train,heights,government_urban
DC_26_23_AGL.h5,data\GAMUS\heights\train\DC_26_23_AGL.h5,GAMUS,DC,26_23,train,heights,government_urban
DC_26_24_AGL.h5,data\GAMUS\heights\train\DC_26_24_AGL.h5,GAMUS,DC,26_24,train,heights,government_urban
DC_26_25_AGL.h5,data\GAMUS\heights\train\DC_26_25_AGL.h5,GAMUS,DC,26_25,train,heights,government_urban
DC_26_27_AGL.h5,data\GAMUS\heights\train\DC_26_27_AGL.h5,GAMUS,DC,26_27,train,heights,government_urban
DC_26_28_AGL.h5,data\GAMUS\heights\train\DC_26_28_AGL.h5,GAMUS,DC,26_28,train,heights,government_urban
DC_26_29_AGL.h5,data\GAMUS\heights\train\DC_26_29_AGL.h5,GAMUS,DC,26_29,train,heights,government_urban
DC_26_30_AGL.h5,data\GAMUS\heights\train\DC_26_30_AGL.h5,GAMUS,DC,26_30,train,heights,government_urban
DC_26_31_AGL.h5,data\GAMUS\heights\train\DC_26_31_AGL.h5,GAMUS,DC,26_31,train,heights,government_urban
DC_26_32_AGL.h5,data\GAMUS\heights\train\DC_26_32_AGL.h5,GAMUS,DC,26_32,train,heights,government_urban
DC_26_33_AGL.h5,data\GAMUS\heights\train\DC_26_33_AGL.h5,GAMUS,DC,26_33,train,heights,government_urban
DC_26_34_AGL.h5,data\GAMUS\heights\train\DC_26_34_AGL.h5,GAMUS,DC,26_34,train,heights,government_urban
DC_26_37_AGL.h5,data\GAMUS\heights\train\DC_26_37_AGL.h5,GAMUS,DC,26_37,train,heights,government_urban
DC_26_38_AGL.h5,data\GAMUS\heights\train\DC_26_38_AGL.h5,GAMUS,DC,26_38,train,heights,government_urban
DC_26_40_AGL.h5,data\GAMUS\heights\train\DC_26_40_AGL.h5,GAMUS,DC,26_40,train,heights,government_urban
DC_26_41_AGL.h5,data\GAMUS\heights\train\DC_26_41_AGL.h5,GAMUS,DC,26_41,train,heights,government_urban
DC_26_42_AGL.h5,data\GAMUS\heights\train\DC_26_42_AGL.h5,GAMUS,DC,26_42,train,heights,government_urban
DC_26_43_AGL.h5,data\GAMUS\heights\train\DC_26_43_AGL.h5,GAMUS,DC,26_43,train,heights,government_urban
DC_26_44_AGL.h5,data\GAMUS\heights\train\DC_26_44_AGL.h5,GAMUS,DC,26_44,train,heights,government_urban
DC_26_46_AGL.h5,data\GAMUS\heights\train\DC_26_46_AGL.h5,GAMUS,DC,26_46,train,heights,government_urban
DC_26_48_AGL.h5,data\GAMUS\heights\train\DC_26_48_AGL.h5,GAMUS,DC,26_48,train,heights,government_urban
DC_26_49_AGL.h5,data\GAMUS\heights\train\DC_26_49_AGL.h5,GAMUS,DC,26_49,train,heights,government_urban
DC_26_50_AGL.h5,data\GAMUS\heights\train\DC_26_50_AGL.h5,GAMUS,DC,26_50,train,heights,government_urban
DC_27_05_AGL.h5,data\GAMUS\heights\train\DC_27_05_AGL.h5,GAMUS,DC,27_05,train,heights,government_urban
DC_27_06_AGL.h5,data\GAMUS\heights\train\DC_27_06_AGL.h5,GAMUS,DC,27_06,train,heights,government_urban
DC_27_07_AGL.h5,data\GAMUS\heights\train\DC_27_07_AGL.h5,GAMUS,DC,27_07,train,heights,government_urban
DC_27_09_AGL.h5,data\GAMUS\heights\train\DC_27_09_AGL.h5,GAMUS,DC,27_09,train,heights,government_urban
DC_27_11_AGL.h5,data\GAMUS\heights\train\DC_27_11_AGL.h5,GAMUS,DC,27_11,train,heights,government_urban
DC_27_12_AGL.h5,data\GAMUS\heights\train\DC_27_12_AGL.h5,GAMUS,DC,27_12,train,heights,government_urban
DC_27_14_AGL.h5,data\GAMUS\heights\train\DC_27_14_AGL.h5,GAMUS,DC,27_14,train,heights,government_urban
DC_27_18_AGL.h5,data\GAMUS\heights\train\DC_27_18_AGL.h5,GAMUS,DC,27_18,train,heights,government_urban
DC_27_19_AGL.h5,data\GAMUS\heights\train\DC_27_19_AGL.h5,GAMUS,DC,27_19,train,heights,government_urban
DC_27_22_AGL.h5,data\GAMUS\heights\train\DC_27_22_AGL.h5,GAMUS,DC,27_22,train,heights,government_urban
DC_27_23_AGL.h5,data\GAMUS\heights\train\DC_27_23_AGL.h5,GAMUS,DC,27_23,train,heights,government_urban
DC_27_24_AGL.h5,data\GAMUS\heights\train\DC_27_24_AGL.h5,GAMUS,DC,27_24,train,heights,government_urban
DC_27_26_AGL.h5,data\GAMUS\heights\train\DC_27_26_AGL.h5,GAMUS,DC,27_26,train,heights,government_urban
DC_27_27_AGL.h5,data\GAMUS\heights\train\DC_27_27_AGL.h5,GAMUS,DC,27_27,train,heights,government_urban
DC_27_28_AGL.h5,data\GAMUS\heights\train\DC_27_28_AGL.h5,GAMUS,DC,27_28,train,heights,government_urban
DC_27_29_AGL.h5,data\GAMUS\heights\train\DC_27_29_AGL.h5,GAMUS,DC,27_29,train,heights,government_urban
DC_27_33_AGL.h5,data\GAMUS\heights\train\DC_27_33_AGL.h5,GAMUS,DC,27_33,train,heights,government_urban
DC_27_34_AGL.h5,data\GAMUS\heights\train\DC_27_34_AGL.h5,GAMUS,DC,27_34,train,heights,government_urban
DC_27_35_AGL.h5,data\GAMUS\heights\train\DC_27_35_AGL.h5,GAMUS,DC,27_35,train,heights,government_urban
DC_27_36_AGL.h5,data\GAMUS\heights\train\DC_27_36_AGL.h5,GAMUS,DC,27_36,train,heights,government_urban
DC_27_38_AGL.h5,data\GAMUS\heights\train\DC_27_38_AGL.h5,GAMUS,DC,27_38,train,heights,government_urban
DC_27_39_AGL.h5,data\GAMUS\heights\train\DC_27_39_AGL.h5,GAMUS,DC,27_39,train,heights,government_urban
DC_27_40_AGL.h5,data\GAMUS\heights\train\DC_27_40_AGL.h5,GAMUS,DC,27_40,train,heights,government_urban
DC_27_42_AGL.h5,data\GAMUS\heights\train\DC_27_42_AGL.h5,GAMUS,DC,27_42,train,heights,government_urban
DC_27_43_AGL.h5,data\GAMUS\heights\train\DC_27_43_AGL.h5,GAMUS,DC,27_43,train,heights,government_urban
DC_27_44_AGL.h5,data\GAMUS\heights\train\DC_27_44_AGL.h5,GAMUS,DC,27_44,train,heights,government_urban
DC_27_45_AGL.h5,data\GAMUS\heights\train\DC_27_45_AGL.h5,GAMUS,DC,27_45,train,heights,government_urban
DC_27_46_AGL.h5,data\GAMUS\heights\train\DC_27_46_AGL.h5,GAMUS,DC,27_46,train,heights,government_urban
DC_27_50_AGL.h5,data\GAMUS\heights\train\DC_27_50_AGL.h5,GAMUS,DC,27_50,train,heights,government_urban
DC_27_51_AGL.h5,data\GAMUS\heights\train\DC_27_51_AGL.h5,GAMUS,DC,27_51,train,heights,government_urban
DC_28_02_AGL.h5,data\GAMUS\heights\train\DC_28_02_AGL.h5,GAMUS,DC,28_02,train,heights,government_urban
DC_28_05_AGL.h5,data\GAMUS\heights\train\DC_28_05_AGL.h5,GAMUS,DC,28_05,train,heights,government_urban
DC_28_08_AGL.h5,data\GAMUS\heights\train\DC_28_08_AGL.h5,GAMUS,DC,28_08,train,heights,government_urban
DC_28_09_AGL.h5,data\GAMUS\heights\train\DC_28_09_AGL.h5,GAMUS,DC,28_09,train,heights,government_urban
DC_28_11_AGL.h5,data\GAMUS\heights\train\DC_28_11_AGL.h5,GAMUS,DC,28_11,train,heights,government_urban
DC_28_13_AGL.h5,data\GAMUS\heights\train\DC_28_13_AGL.h5,GAMUS,DC,28_13,train,heights,government_urban
DC_28_14_AGL.h5,data\GAMUS\heights\train\DC_28_14_AGL.h5,GAMUS,DC,28_14,train,heights,government_urban
DC_28_15_AGL.h5,data\GAMUS\heights\train\DC_28_15_AGL.h5,GAMUS,DC,28_15,train,heights,government_urban
DC_28_17_AGL.h5,data\GAMUS\heights\train\DC_28_17_AGL.h5,GAMUS,DC,28_17,train,heights,government_urban
DC_28_20_AGL.h5,data\GAMUS\heights\train\DC_28_20_AGL.h5,GAMUS,DC,28_20,train,heights,government_urban
DC_28_22_AGL.h5,data\GAMUS\heights\train\DC_28_22_AGL.h5,GAMUS,DC,28_22,train,heights,government_urban
DC_28_26_AGL.h5,data\GAMUS\heights\train\DC_28_26_AGL.h5,GAMUS,DC,28_26,train,heights,government_urban
DC_28_29_AGL.h5,data\GAMUS\heights\train\DC_28_29_AGL.h5,GAMUS,DC,28_29,train,heights,government_urban
DC_28_33_AGL.h5,data\GAMUS\heights\train\DC_28_33_AGL.h5,GAMUS,DC,28_33,train,heights,government_urban
DC_28_34_AGL.h5,data\GAMUS\heights\train\DC_28_34_AGL.h5,GAMUS,DC,28_34,train,heights,government_urban
DC_28_37_AGL.h5,data\GAMUS\heights\train\DC_28_37_AGL.h5,GAMUS,DC,28_37,train,heights,government_urban
DC_28_38_AGL.h5,data\GAMUS\heights\train\DC_28_38_AGL.h5,GAMUS,DC,28_38,train,heights,government_urban
DC_28_39_AGL.h5,data\GAMUS\heights\train\DC_28_39_AGL.h5,GAMUS,DC,28_39,train,heights,government_urban
DC_28_41_AGL.h5,data\GAMUS\heights\train\DC_28_41_AGL.h5,GAMUS,DC,28_41,train,heights,government_urban
DC_28_42_AGL.h5,data\GAMUS\heights\train\DC_28_42_AGL.h5,GAMUS,DC,28_42,train,heights,government_urban
DC_28_43_AGL.h5,data\GAMUS\heights\train\DC_28_43_AGL.h5,GAMUS,DC,28_43,train,heights,government_urban
DC_28_44_AGL.h5,data\GAMUS\heights\train\DC_28_44_AGL.h5,GAMUS,DC,28_44,train,heights,government_urban
DC_28_45_AGL.h5,data\GAMUS\heights\train\DC_28_45_AGL.h5,GAMUS,DC,28_45,train,heights,government_urban
DC_28_46_AGL.h5,data\GAMUS\heights\train\DC_28_46_AGL.h5,GAMUS,DC,28_46,train,heights,government_urban
DC_28_48_AGL.h5,data\GAMUS\heights\train\DC_28_48_AGL.h5,GAMUS,DC,28_48,train,heights,government_urban
DC_28_49_AGL.h5,data\GAMUS\heights\train\DC_28_49_AGL.h5,GAMUS,DC,28_49,train,heights,government_urban
DC_28_51_AGL.h5,data\GAMUS\heights\train\DC_28_51_AGL.h5,GAMUS,DC,28_51,train,heights,government_urban
DC_28_52_AGL.h5,data\GAMUS\heights\train\DC_28_52_AGL.h5,GAMUS,DC,28_52,train,heights,government_urban
DC_29_03_AGL.h5,data\GAMUS\heights\train\DC_29_03_AGL.h5,GAMUS,DC,29_03,train,heights,government_urban
DC_29_04_AGL.h5,data\GAMUS\heights\train\DC_29_04_AGL.h5,GAMUS,DC,29_04,train,heights,government_urban
DC_29_05_AGL.h5,data\GAMUS\heights\train\DC_29_05_AGL.h5,GAMUS,DC,29_05,train,heights,government_urban
DC_29_08_AGL.h5,data\GAMUS\heights\train\DC_29_08_AGL.h5,GAMUS,DC,29_08,train,heights,government_urban
DC_29_09_AGL.h5,data\GAMUS\heights\train\DC_29_09_AGL.h5,GAMUS,DC,29_09,train,heights,government_urban
DC_29_11_AGL.h5,data\GAMUS\heights\train\DC_29_11_AGL.h5,GAMUS,DC,29_11,train,heights,government_urban
DC_29_12_AGL.h5,data\GAMUS\heights\train\DC_29_12_AGL.h5,GAMUS,DC,29_12,train,heights,government_urban
DC_29_13_AGL.h5,data\GAMUS\heights\train\DC_29_13_AGL.h5,GAMUS,DC,29_13,train,heights,government_urban
DC_29_14_AGL.h5,data\GAMUS\heights\train\DC_29_14_AGL.h5,GAMUS,DC,29_14,train,heights,government_urban
DC_29_16_AGL.h5,data\GAMUS\heights\train\DC_29_16_AGL.h5,GAMUS,DC,29_16,train,heights,government_urban
DC_29_18_AGL.h5,data\GAMUS\heights\train\DC_29_18_AGL.h5,GAMUS,DC,29_18,train,heights,government_urban
DC_29_19_AGL.h5,data\GAMUS\heights\train\DC_29_19_AGL.h5,GAMUS,DC,29_19,train,heights,government_urban
DC_29_20_AGL.h5,data\GAMUS\heights\train\DC_29_20_AGL.h5,GAMUS,DC,29_20,train,heights,government_urban
DC_29_21_AGL.h5,data\GAMUS\heights\train\DC_29_21_AGL.h5,GAMUS,DC,29_21,train,heights,government_urban
DC_29_22_AGL.h5,data\GAMUS\heights\train\DC_29_22_AGL.h5,GAMUS,DC,29_22,train,heights,government_urban
DC_29_24_AGL.h5,data\GAMUS\heights\train\DC_29_24_AGL.h5,GAMUS,DC,29_24,train,heights,government_urban
DC_29_25_AGL.h5,data\GAMUS\heights\train\DC_29_25_AGL.h5,GAMUS,DC,29_25,train,heights,government_urban
DC_29_26_AGL.h5,data\GAMUS\heights\train\DC_29_26_AGL.h5,GAMUS,DC,29_26,train,heights,government_urban
DC_29_27_AGL.h5,data\GAMUS\heights\train\DC_29_27_AGL.h5,GAMUS,DC,29_27,train,heights,government_urban
DC_29_28_AGL.h5,data\GAMUS\heights\train\DC_29_28_AGL.h5,GAMUS,DC,29_28,train,heights,government_urban
DC_29_29_AGL.h5,data\GAMUS\heights\train\DC_29_29_AGL.h5,GAMUS,DC,29_29,train,heights,government_urban
DC_29_32_AGL.h5,data\GAMUS\heights\train\DC_29_32_AGL.h5,GAMUS,DC,29_32,train,heights,government_urban
DC_29_33_AGL.h5,data\GAMUS\heights\train\DC_29_33_AGL.h5,GAMUS,DC,29_33,train,heights,government_urban
DC_29_34_AGL.h5,data\GAMUS\heights\train\DC_29_34_AGL.h5,GAMUS,DC,29_34,train,heights,government_urban
DC_29_36_AGL.h5,data\GAMUS\heights\train\DC_29_36_AGL.h5,GAMUS,DC,29_36,train,heights,government_urban
DC_29_37_AGL.h5,data\GAMUS\heights\train\DC_29_37_AGL.h5,GAMUS,DC,29_37,train,heights,government_urban
DC_29_38_AGL.h5,data\GAMUS\heights\train\DC_29_38_AGL.h5,GAMUS,DC,29_38,train,heights,government_urban
DC_29_39_AGL.h5,data\GAMUS\heights\train\DC_29_39_AGL.h5,GAMUS,DC,29_39,train,heights,government_urban
DC_29_41_AGL.h5,data\GAMUS\heights\train\DC_29_41_AGL.h5,GAMUS,DC,29_41,train,heights,government_urban
DC_29_42_AGL.h5,data\GAMUS\heights\train\DC_29_42_AGL.h5,GAMUS,DC,29_42,train,heights,government_urban
DC_29_43_AGL.h5,data\GAMUS\heights\train\DC_29_43_AGL.h5,GAMUS,DC,29_43,train,heights,government_urban
DC_29_44_AGL.h5,data\GAMUS\heights\train\DC_29_44_AGL.h5,GAMUS,DC,29_44,train,heights,government_urban
DC_29_45_AGL.h5,data\GAMUS\heights\train\DC_29_45_AGL.h5,GAMUS,DC,29_45,train,heights,government_urban
DC_29_46_AGL.h5,data\GAMUS\heights\train\DC_29_46_AGL.h5,GAMUS,DC,29_46,train,heights,government_urban
DC_29_47_AGL.h5,data\GAMUS\heights\train\DC_29_47_AGL.h5,GAMUS,DC,29_47,train,heights,government_urban
DC_29_49_AGL.h5,data\GAMUS\heights\train\DC_29_49_AGL.h5,GAMUS,DC,29_49,train,heights,government_urban
DC_29_50_AGL.h5,data\GAMUS\heights\train\DC_29_50_AGL.h5,GAMUS,DC,29_50,train,heights,government_urban
DC_29_51_AGL.h5,data\GAMUS\heights\train\DC_29_51_AGL.h5,GAMUS,DC,29_51,train,heights,government_urban
DC_29_52_AGL.h5,data\GAMUS\heights\train\DC_29_52_AGL.h5,GAMUS,DC,29_52,train,heights,government_urban
DC_30_02_AGL.h5,data\GAMUS\heights\train\DC_30_02_AGL.h5,GAMUS,DC,30_02,train,heights,government_urban
DC_30_03_AGL.h5,data\GAMUS\heights\train\DC_30_03_AGL.h5,GAMUS,DC,30_03,train,heights,government_urban
DC_30_05_AGL.h5,data\GAMUS\heights\train\DC_30_05_AGL.h5,GAMUS,DC,30_05,train,heights,government_urban
DC_30_06_AGL.h5,data\GAMUS\heights\train\DC_30_06_AGL.h5,GAMUS,DC,30_06,train,heights,government_urban
DC_30_07_AGL.h5,data\GAMUS\heights\train\DC_30_07_AGL.h5,GAMUS,DC,30_07,train,heights,government_urban
DC_30_08_AGL.h5,data\GAMUS\heights\train\DC_30_08_AGL.h5,GAMUS,DC,30_08,train,heights,government_urban
DC_30_09_AGL.h5,data\GAMUS\heights\train\DC_30_09_AGL.h5,GAMUS,DC,30_09,train,heights,government_urban
DC_30_10_AGL.h5,data\GAMUS\heights\train\DC_30_10_AGL.h5,GAMUS,DC,30_10,train,heights,government_urban
DC_30_11_AGL.h5,data\GAMUS\heights\train\DC_30_11_AGL.h5,GAMUS,DC,30_11,train,heights,government_urban
DC_30_12_AGL.h5,data\GAMUS\heights\train\DC_30_12_AGL.h5,GAMUS,DC,30_12,train,heights,government_urban
DC_30_14_AGL.h5,data\GAMUS\heights\train\DC_30_14_AGL.h5,GAMUS,DC,30_14,train,heights,government_urban
DC_30_17_AGL.h5,data\GAMUS\heights\train\DC_30_17_AGL.h5,GAMUS,DC,30_17,train,heights,government_urban
DC_30_19_AGL.h5,data\GAMUS\heights\train\DC_30_19_AGL.h5,GAMUS,DC,30_19,train,heights,government_urban
DC_30_20_AGL.h5,data\GAMUS\heights\train\DC_30_20_AGL.h5,GAMUS,DC,30_20,train,heights,government_urban
DC_30_21_AGL.h5,data\GAMUS\heights\train\DC_30_21_AGL.h5,GAMUS,DC,30_21,train,heights,government_urban
DC_30_22_AGL.h5,data\GAMUS\heights\train\DC_30_22_AGL.h5,GAMUS,DC,30_22,train,heights,government_urban
DC_30_24_AGL.h5,data\GAMUS\heights\train\DC_30_24_AGL.h5,GAMUS,DC,30_24,train,heights,government_urban
DC_30_26_AGL.h5,data\GAMUS\heights\train\DC_30_26_AGL.h5,GAMUS,DC,30_26,train,heights,government_urban
DC_30_28_AGL.h5,data\GAMUS\heights\train\DC_30_28_AGL.h5,GAMUS,DC,30_28,train,heights,government_urban
DC_30_29_AGL.h5,data\GAMUS\heights\train\DC_30_29_AGL.h5,GAMUS,DC,30_29,train,heights,government_urban
DC_30_31_AGL.h5,data\GAMUS\heights\train\DC_30_31_AGL.h5,GAMUS,DC,30_31,train,heights,government_urban
DC_30_33_AGL.h5,data\GAMUS\heights\train\DC_30_33_AGL.h5,GAMUS,DC,30_33,train,heights,government_urban
DC_30_35_AGL.h5,data\GAMUS\heights\train\DC_30_35_AGL.h5,GAMUS,DC,30_35,train,heights,government_urban
DC_30_36_AGL.h5,data\GAMUS\heights\train\DC_30_36_AGL.h5,GAMUS,DC,30_36,train,heights,government_urban
DC_30_39_AGL.h5,data\GAMUS\heights\train\DC_30_39_AGL.h5,GAMUS,DC,30_39,train,heights,government_urban
DC_30_41_AGL.h5,data\GAMUS\heights\train\DC_30_41_AGL.h5,GAMUS,DC,30_41,train,heights,government_urban
DC_30_42_AGL.h5,data\GAMUS\heights\train\DC_30_42_AGL.h5,GAMUS,DC,30_42,train,heights,government_urban
DC_30_43_AGL.h5,data\GAMUS\heights\train\DC_30_43_AGL.h5,GAMUS,DC,30_43,train,heights,government_urban
DC_30_44_AGL.h5,data\GAMUS\heights\train\DC_30_44_AGL.h5,GAMUS,DC,30_44,train,heights,government_urban
DC_30_47_AGL.h5,data\GAMUS\heights\train\DC_30_47_AGL.h5,GAMUS,DC,30_47,train,heights,government_urban
DC_30_48_AGL.h5,data\GAMUS\heights\train\DC_30_48_AGL.h5,GAMUS,DC,30_48,train,heights,government_urban
DC_30_49_AGL.h5,data\GAMUS\heights\train\DC_30_49_AGL.h5,GAMUS,DC,30_49,train,heights,government_urban
DC_30_50_AGL.h5,data\GAMUS\heights\train\DC_30_50_AGL.h5,GAMUS,DC,30_50,train,heights,government_urban
DC_30_53_AGL.h5,data\GAMUS\heights\train\DC_30_53_AGL.h5,GAMUS,DC,30_53,train,heights,government_urban
DC_30_54_AGL.h5,data\GAMUS\heights\train\DC_30_54_AGL.h5,GAMUS,DC,30_54,train,heights,government_urban
DC_31_04_AGL.h5,data\GAMUS\heights\train\DC_31_04_AGL.h5,GAMUS,DC,31_04,train,heights,government_urban
DC_31_05_AGL.h5,data\GAMUS\heights\train\DC_31_05_AGL.h5,GAMUS,DC,31_05,train,heights,government_urban
DC_31_06_AGL.h5,data\GAMUS\heights\train\DC_31_06_AGL.h5,GAMUS,DC,31_06,train,heights,government_urban
DC_31_08_AGL.h5,data\GAMUS\heights\train\DC_31_08_AGL.h5,GAMUS,DC,31_08,train,heights,government_urban
DC_31_09_AGL.h5,data\GAMUS\heights\train\DC_31_09_AGL.h5,GAMUS,DC,31_09,train,heights,government_urban
DC_31_11_AGL.h5,data\GAMUS\heights\train\DC_31_11_AGL.h5,GAMUS,DC,31_11,train,heights,government_urban
DC_31_12_AGL.h5,data\GAMUS\heights\train\DC_31_12_AGL.h5,GAMUS,DC,31_12,train,heights,government_urban
DC_31_13_AGL.h5,data\GAMUS\heights\train\DC_31_13_AGL.h5,GAMUS,DC,31_13,train,heights,government_urban
DC_31_14_AGL.h5,data\GAMUS\heights\train\DC_31_14_AGL.h5,GAMUS,DC,31_14,train,heights,government_urban
DC_31_16_AGL.h5,data\GAMUS\heights\train\DC_31_16_AGL.h5,GAMUS,DC,31_16,train,heights,government_urban
DC_31_17_AGL.h5,data\GAMUS\heights\train\DC_31_17_AGL.h5,GAMUS,DC,31_17,train,heights,government_urban
DC_31_18_AGL.h5,data\GAMUS\heights\train\DC_31_18_AGL.h5,GAMUS,DC,31_18,train,heights,government_urban
DC_31_19_AGL.h5,data\GAMUS\heights\train\DC_31_19_AGL.h5,GAMUS,DC,31_19,train,heights,government_urban
DC_31_22_AGL.h5,data\GAMUS\heights\train\DC_31_22_AGL.h5,GAMUS,DC,31_22,train,heights,government_urban
DC_31_23_AGL.h5,data\GAMUS\heights\train\DC_31_23_AGL.h5,GAMUS,DC,31_23,train,heights,government_urban
DC_31_24_AGL.h5,data\GAMUS\heights\train\DC_31_24_AGL.h5,GAMUS,DC,31_24,train,heights,government_urban
DC_31_25_AGL.h5,data\GAMUS\heights\train\DC_31_25_AGL.h5,GAMUS,DC,31_25,train,heights,government_urban
DC_31_26_AGL.h5,data\GAMUS\heights\train\DC_31_26_AGL.h5,GAMUS,DC,31_26,train,heights,government_urban
DC_31_27_AGL.h5,data\GAMUS\heights\train\DC_31_27_AGL.h5,GAMUS,DC,31_27,train,heights,government_urban
DC_31_28_AGL.h5,data\GAMUS\heights\train\DC_31_28_AGL.h5,GAMUS,DC,31_28,train,heights,government_urban
DC_31_29_AGL.h5,data\GAMUS\heights\train\DC_31_29_AGL.h5,GAMUS,DC,31_29,train,heights,government_urban
DC_31_31_AGL.h5,data\GAMUS\heights\train\DC_31_31_AGL.h5,GAMUS,DC,31_31,train,heights,government_urban
DC_31_32_AGL.h5,data\GAMUS\heights\train\DC_31_32_AGL.h5,GAMUS,DC,31_32,train,heights,government_urban
DC_31_33_AGL.h5,data\GAMUS\heights\train\DC_31_33_AGL.h5,GAMUS,DC,31_33,train,heights,government_urban
DC_31_35_AGL.h5,data\GAMUS\heights\train\DC_31_35_AGL.h5,GAMUS,DC,31_35,train,heights,government_urban
DC_31_36_AGL.h5,data\GAMUS\heights\train\DC_31_36_AGL.h5,GAMUS,DC,31_36,train,heights,government_urban
DC_31_37_AGL.h5,data\GAMUS\heights\train\DC_31_37_AGL.h5,GAMUS,DC,31_37,train,heights,government_urban
DC_31_38_AGL.h5,data\GAMUS\heights\train\DC_31_38_AGL.h5,GAMUS,DC,31_38,train,heights,government_urban
DC_31_40_AGL.h5,data\GAMUS\heights\train\DC_31_40_AGL.h5,GAMUS,DC,31_40,train,heights,government_urban
DC_31_41_AGL.h5,data\GAMUS\heights\train\DC_31_41_AGL.h5,GAMUS,DC,31_41,train,heights,government_urban
DC_31_44_AGL.h5,data\GAMUS\heights\train\DC_31_44_AGL.h5,GAMUS,DC,31_44,train,heights,government_urban
DC_31_45_AGL.h5,data\GAMUS\heights\train\DC_31_45_AGL.h5,GAMUS,DC,31_45,train,heights,government_urban
DC_31_46_AGL.h5,data\GAMUS\heights\train\DC_31_46_AGL.h5,GAMUS,DC,31_46,train,heights,government_urban
DC_31_47_AGL.h5,data\GAMUS\heights\train\DC_31_47_AGL.h5,GAMUS,DC,31_47,train,heights,government_urban
DC_31_48_AGL.h5,data\GAMUS\heights\train\DC_31_48_AGL.h5,GAMUS,DC,31_48,train,heights,government_urban
DC_31_49_AGL.h5,data\GAMUS\heights\train\DC_31_49_AGL.h5,GAMUS,DC,31_49,train,heights,government_urban
DC_31_50_AGL.h5,data\GAMUS\heights\train\DC_31_50_AGL.h5,GAMUS,DC,31_50,train,heights,government_urban
DC_31_52_AGL.h5,data\GAMUS\heights\train\DC_31_52_AGL.h5,GAMUS,DC,31_52,train,heights,government_urban
DC_31_53_AGL.h5,data\GAMUS\heights\train\DC_31_53_AGL.h5,GAMUS,DC,31_53,train,heights,government_urban
DC_31_54_AGL.h5,data\GAMUS\heights\train\DC_31_54_AGL.h5,GAMUS,DC,31_54,train,heights,government_urban
DC_32_06_AGL.h5,data\GAMUS\heights\train\DC_32_06_AGL.h5,GAMUS,DC,32_06,train,heights,government_urban
DC_32_07_AGL.h5,data\GAMUS\heights\train\DC_32_07_AGL.h5,GAMUS,DC,32_07,train,heights,government_urban
DC_32_08_AGL.h5,data\GAMUS\heights\train\DC_32_08_AGL.h5,GAMUS,DC,32_08,train,heights,government_urban
DC_32_10_AGL.h5,data\GAMUS\heights\train\DC_32_10_AGL.h5,GAMUS,DC,32_10,train,heights,government_urban
DC_32_11_AGL.h5,data\GAMUS\heights\train\DC_32_11_AGL.h5,GAMUS,DC,32_11,train,heights,government_urban
DC_32_13_AGL.h5,data\GAMUS\heights\train\DC_32_13_AGL.h5,GAMUS,DC,32_13,train,heights,government_urban
DC_32_14_AGL.h5,data\GAMUS\heights\train\DC_32_14_AGL.h5,GAMUS,DC,32_14,train,heights,government_urban
DC_32_15_AGL.h5,data\GAMUS\heights\train\DC_32_15_AGL.h5,GAMUS,DC,32_15,train,heights,government_urban
DC_32_17_AGL.h5,data\GAMUS\heights\train\DC_32_17_AGL.h5,GAMUS,DC,32_17,train,heights,government_urban
DC_32_18_AGL.h5,data\GAMUS\heights\train\DC_32_18_AGL.h5,GAMUS,DC,32_18,train,heights,government_urban
DC_32_19_AGL.h5,data\GAMUS\heights\train\DC_32_19_AGL.h5,GAMUS,DC,32_19,train,heights,government_urban
DC_32_20_AGL.h5,data\GAMUS\heights\train\DC_32_20_AGL.h5,GAMUS,DC,32_20,train,heights,government_urban
DC_32_22_AGL.h5,data\GAMUS\heights\train\DC_32_22_AGL.h5,GAMUS,DC,32_22,train,heights,government_urban
DC_32_25_AGL.h5,data\GAMUS\heights\train\DC_32_25_AGL.h5,GAMUS,DC,32_25,train,heights,government_urban
DC_32_26_AGL.h5,data\GAMUS\heights\train\DC_32_26_AGL.h5,GAMUS,DC,32_26,train,heights,government_urban
DC_32_27_AGL.h5,data\GAMUS\heights\train\DC_32_27_AGL.h5,GAMUS,DC,32_27,train,heights,government_urban
DC_32_29_AGL.h5,data\GAMUS\heights\train\DC_32_29_AGL.h5,GAMUS,DC,32_29,train,heights,government_urban
DC_32_30_AGL.h5,data\GAMUS\heights\train\DC_32_30_AGL.h5,GAMUS,DC,32_30,train,heights,government_urban
DC_32_33_AGL.h5,data\GAMUS\heights\train\DC_32_33_AGL.h5,GAMUS,DC,32_33,train,heights,government_urban
DC_32_36_AGL.h5,data\GAMUS\heights\train\DC_32_36_AGL.h5,GAMUS,DC,32_36,train,heights,government_urban
DC_32_37_AGL.h5,data\GAMUS\heights\train\DC_32_37_AGL.h5,GAMUS,DC,32_37,train,heights,government_urban
DC_32_38_AGL.h5,data\GAMUS\heights\train\DC_32_38_AGL.h5,GAMUS,DC,32_38,train,heights,government_urban
DC_32_39_AGL.h5,data\GAMUS\heights\train\DC_32_39_AGL.h5,GAMUS,DC,32_39,train,heights,government_urban
DC_32_41_AGL.h5,data\GAMUS\heights\train\DC_32_41_AGL.h5,GAMUS,DC,32_41,train,heights,government_urban
DC_32_42_AGL.h5,data\GAMUS\heights\train\DC_32_42_AGL.h5,GAMUS,DC,32_42,train,heights,government_urban
DC_32_44_AGL.h5,data\GAMUS\heights\train\DC_32_44_AGL.h5,GAMUS,DC,32_44,train,heights,government_urban
DC_32_45_AGL.h5,data\GAMUS\heights\train\DC_32_45_AGL.h5,GAMUS,DC,32_45,train,heights,government_urban
DC_32_46_AGL.h5,data\GAMUS\heights\train\DC_32_46_AGL.h5,GAMUS,DC,32_46,train,heights,government_urban
DC_32_48_AGL.h5,data\GAMUS\heights\train\DC_32_48_AGL.h5,GAMUS,DC,32_48,train,heights,government_urban
DC_32_49_AGL.h5,data\GAMUS\heights\train\DC_32_49_AGL.h5,GAMUS,DC,32_49,train,heights,government_urban
DC_32_50_AGL.h5,data\GAMUS\heights\train\DC_32_50_AGL.h5,GAMUS,DC,32_50,train,heights,government_urban
DC_32_51_AGL.h5,data\GAMUS\heights\train\DC_32_51_AGL.h5,GAMUS,DC,32_51,train,heights,government_urban
DC_32_52_AGL.h5,data\GAMUS\heights\train\DC_32_52_AGL.h5,GAMUS,DC,32_52,train,heights,government_urban
DC_32_54_AGL.h5,data\GAMUS\heights\train\DC_32_54_AGL.h5,GAMUS,DC,32_54,train,heights,government_urban
DC_32_56_AGL.h5,data\GAMUS\heights\train\DC_32_56_AGL.h5,GAMUS,DC,32_56,train,heights,government_urban
DC_32_57_AGL.h5,data\GAMUS\heights\train\DC_32_57_AGL.h5,GAMUS,DC,32_57,train,heights,government_urban
DC_32_58_AGL.h5,data\GAMUS\heights\train\DC_32_58_AGL.h5,GAMUS,DC,32_58,train,heights,government_urban
DC_33_03_AGL.h5,data\GAMUS\heights\train\DC_33_03_AGL.h5,GAMUS,DC,33_03,train,heights,government_urban
DC_33_04_AGL.h5,data\GAMUS\heights\train\DC_33_04_AGL.h5,GAMUS,DC,33_04,train,heights,government_urban
DC_33_05_AGL.h5,data\GAMUS\heights\train\DC_33_05_AGL.h5,GAMUS,DC,33_05,train,heights,government_urban
DC_33_06_AGL.h5,data\GAMUS\heights\train\DC_33_06_AGL.h5,GAMUS,DC,33_06,train,heights,government_urban
DC_33_07_AGL.h5,data\GAMUS\heights\train\DC_33_07_AGL.h5,GAMUS,DC,33_07,train,heights,government_urban
DC_33_08_AGL.h5,data\GAMUS\heights\train\DC_33_08_AGL.h5,GAMUS,DC,33_08,train,heights,government_urban
DC_33_09_AGL.h5,data\GAMUS\heights\train\DC_33_09_AGL.h5,GAMUS,DC,33_09,train,heights,government_urban
DC_33_10_AGL.h5,data\GAMUS\heights\train\DC_33_10_AGL.h5,GAMUS,DC,33_10,train,heights,government_urban
DC_33_11_AGL.h5,data\GAMUS\heights\train\DC_33_11_AGL.h5,GAMUS,DC,33_11,train,heights,government_urban
DC_33_12_AGL.h5,data\GAMUS\heights\train\DC_33_12_AGL.h5,GAMUS,DC,33_12,train,heights,government_urban
DC_33_13_AGL.h5,data\GAMUS\heights\train\DC_33_13_AGL.h5,GAMUS,DC,33_13,train,heights,government_urban
DC_33_14_AGL.h5,data\GAMUS\heights\train\DC_33_14_AGL.h5,GAMUS,DC,33_14,train,heights,government_urban
DC_33_15_AGL.h5,data\GAMUS\heights\train\DC_33_15_AGL.h5,GAMUS,DC,33_15,train,heights,government_urban
DC_33_16_AGL.h5,data\GAMUS\heights\train\DC_33_16_AGL.h5,GAMUS,DC,33_16,train,heights,government_urban
DC_33_17_AGL.h5,data\GAMUS\heights\train\DC_33_17_AGL.h5,GAMUS,DC,33_17,train,heights,government_urban
DC_33_18_AGL.h5,data\GAMUS\heights\train\DC_33_18_AGL.h5,GAMUS,DC,33_18,train,heights,government_urban
DC_33_23_AGL.h5,data\GAMUS\heights\train\DC_33_23_AGL.h5,GAMUS,DC,33_23,train,heights,government_urban
DC_33_24_AGL.h5,data\GAMUS\heights\train\DC_33_24_AGL.h5,GAMUS,DC,33_24,train,heights,government_urban
DC_33_25_AGL.h5,data\GAMUS\heights\train\DC_33_25_AGL.h5,GAMUS,DC,33_25,train,heights,government_urban
DC_33_28_AGL.h5,data\GAMUS\heights\train\DC_33_28_AGL.h5,GAMUS,DC,33_28,train,heights,government_urban
DC_33_30_AGL.h5,data\GAMUS\heights\train\DC_33_30_AGL.h5,GAMUS,DC,33_30,train,heights,government_urban
DC_33_33_AGL.h5,data\GAMUS\heights\train\DC_33_33_AGL.h5,GAMUS,DC,33_33,train,heights,government_urban
DC_33_34_AGL.h5,data\GAMUS\heights\train\DC_33_34_AGL.h5,GAMUS,DC,33_34,train,heights,government_urban
DC_33_35_AGL.h5,data\GAMUS\heights\train\DC_33_35_AGL.h5,GAMUS,DC,33_35,train,heights,government_urban
DC_33_36_AGL.h5,data\GAMUS\heights\train\DC_33_36_AGL.h5,GAMUS,DC,33_36,train,heights,government_urban
DC_33_39_AGL.h5,data\GAMUS\heights\train\DC_33_39_AGL.h5,GAMUS,DC,33_39,train,heights,government_urban
DC_33_42_AGL.h5,data\GAMUS\heights\train\DC_33_42_AGL.h5,GAMUS,DC,33_42,train,heights,government_urban
DC_33_43_AGL.h5,data\GAMUS\heights\train\DC_33_43_AGL.h5,GAMUS,DC,33_43,train,heights,government_urban
DC_33_45_AGL.h5,data\GAMUS\heights\train\DC_33_45_AGL.h5,GAMUS,DC,33_45,train,heights,government_urban
DC_33_46_AGL.h5,data\GAMUS\heights\train\DC_33_46_AGL.h5,GAMUS,DC,33_46,train,heights,government_urban
DC_33_47_AGL.h5,data\GAMUS\heights\train\DC_33_47_AGL.h5,GAMUS,DC,33_47,train,heights,government_urban
DC_33_48_AGL.h5,data\GAMUS\heights\train\DC_33_48_AGL.h5,GAMUS,DC,33_48,train,heights,government_urban
DC_33_50_AGL.h5,data\GAMUS\heights\train\DC_33_50_AGL.h5,GAMUS,DC,33_50,train,heights,government_urban
DC_33_54_AGL.h5,data\GAMUS\heights\train\DC_33_54_AGL.h5,GAMUS,DC,33_54,train,heights,government_urban
DC_33_55_AGL.h5,data\GAMUS\heights\train\DC_33_55_AGL.h5,GAMUS,DC,33_55,train,heights,government_urban
DC_33_56_AGL.h5,data\GAMUS\heights\train\DC_33_56_AGL.h5,GAMUS,DC,33_56,train,heights,government_urban
DC_33_58_AGL.h5,data\GAMUS\heights\train\DC_33_58_AGL.h5,GAMUS,DC,33_58,train,heights,government_urban
DC_34_03_AGL.h5,data\GAMUS\heights\train\DC_34_03_AGL.h5,GAMUS,DC,34_03,train,heights,government_urban
DC_34_04_AGL.h5,data\GAMUS\heights\train\DC_34_04_AGL.h5,GAMUS,DC,34_04,train,heights,government_urban
DC_34_05_AGL.h5,data\GAMUS\heights\train\DC_34_05_AGL.h5,GAMUS,DC,34_05,train,heights,government_urban
DC_34_06_AGL.h5,data\GAMUS\heights\train\DC_34_06_AGL.h5,GAMUS,DC,34_06,train,heights,government_urban
DC_34_07_AGL.h5,data\GAMUS\heights\train\DC_34_07_AGL.h5,GAMUS,DC,34_07,train,heights,government_urban
DC_34_08_AGL.h5,data\GAMUS\heights\train\DC_34_08_AGL.h5,GAMUS,DC,34_08,train,heights,government_urban
DC_34_09_AGL.h5,data\GAMUS\heights\train\DC_34_09_AGL.h5,GAMUS,DC,34_09,train,heights,government_urban
DC_34_10_AGL.h5,data\GAMUS\heights\train\DC_34_10_AGL.h5,GAMUS,DC,34_10,train,heights,government_urban
DC_34_14_AGL.h5,data\GAMUS\heights\train\DC_34_14_AGL.h5,GAMUS,DC,34_14,train,heights,government_urban
DC_34_15_AGL.h5,data\GAMUS\heights\train\DC_34_15_AGL.h5,GAMUS,DC,34_15,train,heights,government_urban
DC_34_16_AGL.h5,data\GAMUS\heights\train\DC_34_16_AGL.h5,GAMUS,DC,34_16,train,heights,government_urban
DC_34_17_AGL.h5,data\GAMUS\heights\train\DC_34_17_AGL.h5,GAMUS,DC,34_17,train,heights,government_urban
DC_34_18_AGL.h5,data\GAMUS\heights\train\DC_34_18_AGL.h5,GAMUS,DC,34_18,train,heights,government_urban
DC_34_20_AGL.h5,data\GAMUS\heights\train\DC_34_20_AGL.h5,GAMUS,DC,34_20,train,heights,government_urban
DC_34_21_AGL.h5,data\GAMUS\heights\train\DC_34_21_AGL.h5,GAMUS,DC,34_21,train,heights,government_urban
DC_34_23_AGL.h5,data\GAMUS\heights\train\DC_34_23_AGL.h5,GAMUS,DC,34_23,train,heights,government_urban
DC_34_24_AGL.h5,data\GAMUS\heights\train\DC_34_24_AGL.h5,GAMUS,DC,34_24,train,heights,government_urban
DC_34_25_AGL.h5,data\GAMUS\heights\train\DC_34_25_AGL.h5,GAMUS,DC,34_25,train,heights,government_urban
DC_34_27_AGL.h5,data\GAMUS\heights\train\DC_34_27_AGL.h5,GAMUS,DC,34_27,train,heights,government_urban
DC_34_29_AGL.h5,data\GAMUS\heights\train\DC_34_29_AGL.h5,GAMUS,DC,34_29,train,heights,government_urban
DC_34_30_AGL.h5,data\GAMUS\heights\train\DC_34_30_AGL.h5,GAMUS,DC,34_30,train,heights,government_urban
DC_34_31_AGL.h5,data\GAMUS\heights\train\DC_34_31_AGL.h5,GAMUS,DC,34_31,train,heights,government_urban
DC_34_32_AGL.h5,data\GAMUS\heights\train\DC_34_32_AGL.h5,GAMUS,DC,34_32,train,heights,government_urban
DC_34_34_AGL.h5,data\GAMUS\heights\train\DC_34_34_AGL.h5,GAMUS,DC,34_34,train,heights,government_urban
DC_34_35_AGL.h5,data\GAMUS\heights\train\DC_34_35_AGL.h5,GAMUS,DC,34_35,train,heights,government_urban
DC_34_37_AGL.h5,data\GAMUS\heights\train\DC_34_37_AGL.h5,GAMUS,DC,34_37,train,heights,government_urban
DC_34_39_AGL.h5,data\GAMUS\heights\train\DC_34_39_AGL.h5,GAMUS,DC,34_39,train,heights,government_urban
DC_34_40_AGL.h5,data\GAMUS\heights\train\DC_34_40_AGL.h5,GAMUS,DC,34_40,train,heights,government_urban
DC_34_44_AGL.h5,data\GAMUS\heights\train\DC_34_44_AGL.h5,GAMUS,DC,34_44,train,heights,government_urban
DC_34_46_AGL.h5,data\GAMUS\heights\train\DC_34_46_AGL.h5,GAMUS,DC,34_46,train,heights,government_urban
DC_34_47_AGL.h5,data\GAMUS\heights\train\DC_34_47_AGL.h5,GAMUS,DC,34_47,train,heights,government_urban
DC_34_49_AGL.h5,data\GAMUS\heights\train\DC_34_49_AGL.h5,GAMUS,DC,34_49,train,heights,government_urban
DC_34_50_AGL.h5,data\GAMUS\heights\train\DC_34_50_AGL.h5,GAMUS,DC,34_50,train,heights,government_urban
DC_35_07_AGL.h5,data\GAMUS\heights\train\DC_35_07_AGL.h5,GAMUS,DC,35_07,train,heights,government_urban
DC_35_12_AGL.h5,data\GAMUS\heights\train\DC_35_12_AGL.h5,GAMUS,DC,35_12,train,heights,government_urban
DC_35_13_AGL.h5,data\GAMUS\heights\train\DC_35_13_AGL.h5,GAMUS,DC,35_13,train,heights,government_urban
DC_35_15_AGL.h5,data\GAMUS\heights\train\DC_35_15_AGL.h5,GAMUS,DC,35_15,train,heights,government_urban
DC_35_16_AGL.h5,data\GAMUS\heights\train\DC_35_16_AGL.h5,GAMUS,DC,35_16,train,heights,government_urban
DC_35_18_AGL.h5,data\GAMUS\heights\train\DC_35_18_AGL.h5,GAMUS,DC,35_18,train,heights,government_urban
DC_35_19_AGL.h5,data\GAMUS\heights\train\DC_35_19_AGL.h5,GAMUS,DC,35_19,train,heights,government_urban
DC_35_21_AGL.h5,data\GAMUS\heights\train\DC_35_21_AGL.h5,GAMUS,DC,35_21,train,heights,government_urban
DC_35_25_AGL.h5,data\GAMUS\heights\train\DC_35_25_AGL.h5,GAMUS,DC,35_25,train,heights,government_urban
DC_35_26_AGL.h5,data\GAMUS\heights\train\DC_35_26_AGL.h5,GAMUS,DC,35_26,train,heights,government_urban
DC_35_27_AGL.h5,data\GAMUS\heights\train\DC_35_27_AGL.h5,GAMUS,DC,35_27,train,heights,government_urban
DC_35_28_AGL.h5,data\GAMUS\heights\train\DC_35_28_AGL.h5,GAMUS,DC,35_28,train,heights,government_urban
DC_35_29_AGL.h5,data\GAMUS\heights\train\DC_35_29_AGL.h5,GAMUS,DC,35_29,train,heights,government_urban
DC_35_30_AGL.h5,data\GAMUS\heights\train\DC_35_30_AGL.h5,GAMUS,DC,35_30,train,heights,government_urban
DC_35_31_AGL.h5,data\GAMUS\heights\train\DC_35_31_AGL.h5,GAMUS,DC,35_31,train,heights,government_urban
DC_35_33_AGL.h5,data\GAMUS\heights\train\DC_35_33_AGL.h5,GAMUS,DC,35_33,train,heights,government_urban
DC_35_35_AGL.h5,data\GAMUS\heights\train\DC_35_35_AGL.h5,GAMUS,DC,35_35,train,heights,government_urban
DC_35_36_AGL.h5,data\GAMUS\heights\train\DC_35_36_AGL.h5,GAMUS,DC,35_36,train,heights,government_urban
DC_35_37_AGL.h5,data\GAMUS\heights\train\DC_35_37_AGL.h5,GAMUS,DC,35_37,train,heights,government_urban
DC_35_38_AGL.h5,data\GAMUS\heights\train\DC_35_38_AGL.h5,GAMUS,DC,35_38,train,heights,government_urban
DC_35_41_AGL.h5,data\GAMUS\heights\train\DC_35_41_AGL.h5,GAMUS,DC,35_41,train,heights,government_urban
DC_35_42_AGL.h5,data\GAMUS\heights\train\DC_35_42_AGL.h5,GAMUS,DC,35_42,train,heights,government_urban
DC_35_43_AGL.h5,data\GAMUS\heights\train\DC_35_43_AGL.h5,GAMUS,DC,35_43,train,heights,government_urban
DC_35_46_AGL.h5,data\GAMUS\heights\train\DC_35_46_AGL.h5,GAMUS,DC,35_46,train,heights,government_urban
DC_35_48_AGL.h5,data\GAMUS\heights\train\DC_35_48_AGL.h5,GAMUS,DC,35_48,train,heights,government_urban
DC_35_50_AGL.h5,data\GAMUS\heights\train\DC_35_50_AGL.h5,GAMUS,DC,35_50,train,heights,government_urban
DC_35_51_AGL.h5,data\GAMUS\heights\train\DC_35_51_AGL.h5,GAMUS,DC,35_51,train,heights,government_urban
DC_35_52_AGL.h5,data\GAMUS\heights\train\DC_35_52_AGL.h5,GAMUS,DC,35_52,train,heights,government_urban
DC_35_53_AGL.h5,data\GAMUS\heights\train\DC_35_53_AGL.h5,GAMUS,DC,35_53,train,heights,government_urban
DC_35_54_AGL.h5,data\GAMUS\heights\train\DC_35_54_AGL.h5,GAMUS,DC,35_54,train,heights,government_urban
DC_35_55_AGL.h5,data\GAMUS\heights\train\DC_35_55_AGL.h5,GAMUS,DC,35_55,train,heights,government_urban
DC_35_57_AGL.h5,data\GAMUS\heights\train\DC_35_57_AGL.h5,GAMUS,DC,35_57,train,heights,government_urban
DC_35_59_AGL.h5,data\GAMUS\heights\train\DC_35_59_AGL.h5,GAMUS,DC,35_59,train,heights,government_urban
DC_36_08_AGL.h5,data\GAMUS\heights\train\DC_36_08_AGL.h5,GAMUS,DC,36_08,train,heights,government_urban
DC_36_09_AGL.h5,data\GAMUS\heights\train\DC_36_09_AGL.h5,GAMUS,DC,36_09,train,heights,government_urban
DC_36_10_AGL.h5,data\GAMUS\heights\train\DC_36_10_AGL.h5,GAMUS,DC,36_10,train,heights,government_urban
DC_36_11_AGL.h5,data\GAMUS\heights\train\DC_36_11_AGL.h5,GAMUS,DC,36_11,train,heights,government_urban
DC_36_12_AGL.h5,data\GAMUS\heights\train\DC_36_12_AGL.h5,GAMUS,DC,36_12,train,heights,government_urban
DC_36_13_AGL.h5,data\GAMUS\heights\train\DC_36_13_AGL.h5,GAMUS,DC,36_13,train,heights,government_urban
DC_36_15_AGL.h5,data\GAMUS\heights\train\DC_36_15_AGL.h5,GAMUS,DC,36_15,train,heights,government_urban
DC_36_17_AGL.h5,data\GAMUS\heights\train\DC_36_17_AGL.h5,GAMUS,DC,36_17,train,heights,government_urban
DC_36_18_AGL.h5,data\GAMUS\heights\train\DC_36_18_AGL.h5,GAMUS,DC,36_18,train,heights,government_urban
DC_36_23_AGL.h5,data\GAMUS\heights\train\DC_36_23_AGL.h5,GAMUS,DC,36_23,train,heights,government_urban
DC_36_26_AGL.h5,data\GAMUS\heights\train\DC_36_26_AGL.h5,GAMUS,DC,36_26,train,heights,government_urban
DC_36_27_AGL.h5,data\GAMUS\heights\train\DC_36_27_AGL.h5,GAMUS,DC,36_27,train,heights,government_urban
DC_36_28_AGL.h5,data\GAMUS\heights\train\DC_36_28_AGL.h5,GAMUS,DC,36_28,train,heights,government_urban
DC_36_29_AGL.h5,data\GAMUS\heights\train\DC_36_29_AGL.h5,GAMUS,DC,36_29,train,heights,government_urban
DC_36_30_AGL.h5,data\GAMUS\heights\train\DC_36_30_AGL.h5,GAMUS,DC,36_30,train,heights,government_urban
DC_36_31_AGL.h5,data\GAMUS\heights\train\DC_36_31_AGL.h5,GAMUS,DC,36_31,train,heights,government_urban
DC_36_32_AGL.h5,data\GAMUS\heights\train\DC_36_32_AGL.h5,GAMUS,DC,36_32,train,heights,government_urban
DC_36_33_AGL.h5,data\GAMUS\heights\train\DC_36_33_AGL.h5,GAMUS,DC,36_33,train,heights,government_urban
DC_36_34_AGL.h5,data\GAMUS\heights\train\DC_36_34_AGL.h5,GAMUS,DC,36_34,train,heights,government_urban
DC_36_35_AGL.h5,data\GAMUS\heights\train\DC_36_35_AGL.h5,GAMUS,DC,36_35,train,heights,government_urban
DC_36_40_AGL.h5,data\GAMUS\heights\train\DC_36_40_AGL.h5,GAMUS,DC,36_40,train,heights,government_urban
DC_36_41_AGL.h5,data\GAMUS\heights\train\DC_36_41_AGL.h5,GAMUS,DC,36_41,train,heights,government_urban
DC_36_42_AGL.h5,data\GAMUS\heights\train\DC_36_42_AGL.h5,GAMUS,DC,36_42,train,heights,government_urban
DC_36_43_AGL.h5,data\GAMUS\heights\train\DC_36_43_AGL.h5,GAMUS,DC,36_43,train,heights,government_urban
DC_36_44_AGL.h5,data\GAMUS\heights\train\DC_36_44_AGL.h5,GAMUS,DC,36_44,train,heights,government_urban
DC_36_46_AGL.h5,data\GAMUS\heights\train\DC_36_46_AGL.h5,GAMUS,DC,36_46,train,heights,government_urban
DC_36_47_AGL.h5,data\GAMUS\heights\train\DC_36_47_AGL.h5,GAMUS,DC,36_47,train,heights,government_urban
DC_36_49_AGL.h5,data\GAMUS\heights\train\DC_36_49_AGL.h5,GAMUS,DC,36_49,train,heights,government_urban
DC_36_50_AGL.h5,data\GAMUS\heights\train\DC_36_50_AGL.h5,GAMUS,DC,36_50,train,heights,government_urban
DC_36_52_AGL.h5,data\GAMUS\heights\train\DC_36_52_AGL.h5,GAMUS,DC,36_52,train,heights,government_urban
DC_36_54_AGL.h5,data\GAMUS\heights\train\DC_36_54_AGL.h5,GAMUS,DC,36_54,train,heights,government_urban
DC_36_55_AGL.h5,data\GAMUS\heights\train\DC_36_55_AGL.h5,GAMUS,DC,36_55,train,heights,government_urban
DC_36_56_AGL.h5,data\GAMUS\heights\train\DC_36_56_AGL.h5,GAMUS,DC,36_56,train,heights,government_urban
DC_36_59_AGL.h5,data\GAMUS\heights\train\DC_36_59_AGL.h5,GAMUS,DC,36_59,train,heights,government_urban
DC_36_60_AGL.h5,data\GAMUS\heights\train\DC_36_60_AGL.h5,GAMUS,DC,36_60,train,heights,government_urban
DC_37_09_AGL.h5,data\GAMUS\heights\train\DC_37_09_AGL.h5,GAMUS,DC,37_09,train,heights,government_urban
DC_37_11_AGL.h5,data\GAMUS\heights\train\DC_37_11_AGL.h5,GAMUS,DC,37_11,train,heights,government_urban
DC_37_12_AGL.h5,data\GAMUS\heights\train\DC_37_12_AGL.h5,GAMUS,DC,37_12,train,heights,government_urban
DC_37_13_AGL.h5,data\GAMUS\heights\train\DC_37_13_AGL.h5,GAMUS,DC,37_13,train,heights,government_urban
DC_37_15_AGL.h5,data\GAMUS\heights\train\DC_37_15_AGL.h5,GAMUS,DC,37_15,train,heights,government_urban
DC_37_16_AGL.h5,data\GAMUS\heights\train\DC_37_16_AGL.h5,GAMUS,DC,37_16,train,heights,government_urban
DC_37_18_AGL.h5,data\GAMUS\heights\train\DC_37_18_AGL.h5,GAMUS,DC,37_18,train,heights,government_urban
DC_37_19_AGL.h5,data\GAMUS\heights\train\DC_37_19_AGL.h5,GAMUS,DC,37_19,train,heights,government_urban
DC_37_21_AGL.h5,data\GAMUS\heights\train\DC_37_21_AGL.h5,GAMUS,DC,37_21,train,heights,government_urban
DC_37_23_AGL.h5,data\GAMUS\heights\train\DC_37_23_AGL.h5,GAMUS,DC,37_23,train,heights,government_urban
DC_37_24_AGL.h5,data\GAMUS\heights\train\DC_37_24_AGL.h5,GAMUS,DC,37_24,train,heights,government_urban
DC_37_27_AGL.h5,data\GAMUS\heights\train\DC_37_27_AGL.h5,GAMUS,DC,37_27,train,heights,government_urban
DC_37_28_AGL.h5,data\GAMUS\heights\train\DC_37_28_AGL.h5,GAMUS,DC,37_28,train,heights,government_urban
DC_37_30_AGL.h5,data\GAMUS\heights\train\DC_37_30_AGL.h5,GAMUS,DC,37_30,train,heights,government_urban
DC_37_31_AGL.h5,data\GAMUS\heights\train\DC_37_31_AGL.h5,GAMUS,DC,37_31,train,heights,government_urban
DC_37_32_AGL.h5,data\GAMUS\heights\train\DC_37_32_AGL.h5,GAMUS,DC,37_32,train,heights,government_urban
DC_37_33_AGL.h5,data\GAMUS\heights\train\DC_37_33_AGL.h5,GAMUS,DC,37_33,train,heights,government_urban
DC_37_34_AGL.h5,data\GAMUS\heights\train\DC_37_34_AGL.h5,GAMUS,DC,37_34,train,heights,government_urban
DC_37_35_AGL.h5,data\GAMUS\heights\train\DC_37_35_AGL.h5,GAMUS,DC,37_35,train,heights,government_urban
DC_37_36_AGL.h5,data\GAMUS\heights\train\DC_37_36_AGL.h5,GAMUS,DC,37_36,train,heights,government_urban
DC_37_37_AGL.h5,data\GAMUS\heights\train\DC_37_37_AGL.h5,GAMUS,DC,37_37,train,heights,government_urban
DC_37_39_AGL.h5,data\GAMUS\heights\train\DC_37_39_AGL.h5,GAMUS,DC,37_39,train,heights,government_urban
DC_37_43_AGL.h5,data\GAMUS\heights\train\DC_37_43_AGL.h5,GAMUS,DC,37_43,train,heights,government_urban
DC_37_45_AGL.h5,data\GAMUS\heights\train\DC_37_45_AGL.h5,GAMUS,DC,37_45,train,heights,government_urban
DC_37_46_AGL.h5,data\GAMUS\heights\train\DC_37_46_AGL.h5,GAMUS,DC,37_46,train,heights,government_urban
DC_37_47_AGL.h5,data\GAMUS\heights\train\DC_37_47_AGL.h5,GAMUS,DC,37_47,train,heights,government_urban
DC_37_48_AGL.h5,data\GAMUS\heights\train\DC_37_48_AGL.h5,GAMUS,DC,37_48,train,heights,government_urban
DC_37_49_AGL.h5,data\GAMUS\heights\train\DC_37_49_AGL.h5,GAMUS,DC,37_49,train,heights,government_urban
DC_37_50_AGL.h5,data\GAMUS\heights\train\DC_37_50_AGL.h5,GAMUS,DC,37_50,train,heights,government_urban
DC_37_51_AGL.h5,data\GAMUS\heights\train\DC_37_51_AGL.h5,GAMUS,DC,37_51,train,heights,government_urban
DC_37_60_AGL.h5,data\GAMUS\heights\train\DC_37_60_AGL.h5,GAMUS,DC,37_60,train,heights,government_urban
DC_37_61_AGL.h5,data\GAMUS\heights\train\DC_37_61_AGL.h5,GAMUS,DC,37_61,train,heights,government_urban
DC_38_13_AGL.h5,data\GAMUS\heights\train\DC_38_13_AGL.h5,GAMUS,DC,38_13,train,heights,government_urban
DC_38_14_AGL.h5,data\GAMUS\heights\train\DC_38_14_AGL.h5,GAMUS,DC,38_14,train,heights,government_urban
DC_38_15_AGL.h5,data\GAMUS\heights\train\DC_38_15_AGL.h5,GAMUS,DC,38_15,train,heights,government_urban
DC_38_18_AGL.h5,data\GAMUS\heights\train\DC_38_18_AGL.h5,GAMUS,DC,38_18,train,heights,government_urban
DC_38_19_AGL.h5,data\GAMUS\heights\train\DC_38_19_AGL.h5,GAMUS,DC,38_19,train,heights,government_urban
DC_38_21_AGL.h5,data\GAMUS\heights\train\DC_38_21_AGL.h5,GAMUS,DC,38_21,train,heights,government_urban
DC_38_22_AGL.h5,data\GAMUS\heights\train\DC_38_22_AGL.h5,GAMUS,DC,38_22,train,heights,government_urban
DC_38_23_AGL.h5,data\GAMUS\heights\train\DC_38_23_AGL.h5,GAMUS,DC,38_23,train,heights,government_urban
DC_38_24_AGL.h5,data\GAMUS\heights\train\DC_38_24_AGL.h5,GAMUS,DC,38_24,train,heights,government_urban
DC_38_26_AGL.h5,data\GAMUS\heights\train\DC_38_26_AGL.h5,GAMUS,DC,38_26,train,heights,government_urban
DC_38_28_AGL.h5,data\GAMUS\heights\train\DC_38_28_AGL.h5,GAMUS,DC,38_28,train,heights,government_urban
DC_38_30_AGL.h5,data\GAMUS\heights\train\DC_38_30_AGL.h5,GAMUS,DC,38_30,train,heights,government_urban
DC_38_31_AGL.h5,data\GAMUS\heights\train\DC_38_31_AGL.h5,GAMUS,DC,38_31,train,heights,government_urban
DC_38_33_AGL.h5,data\GAMUS\heights\train\DC_38_33_AGL.h5,GAMUS,DC,38_33,train,heights,government_urban
DC_38_34_AGL.h5,data\GAMUS\heights\train\DC_38_34_AGL.h5,GAMUS,DC,38_34,train,heights,government_urban
DC_38_36_AGL.h5,data\GAMUS\heights\train\DC_38_36_AGL.h5,GAMUS,DC,38_36,train,heights,government_urban
DC_38_37_AGL.h5,data\GAMUS\heights\train\DC_38_37_AGL.h5,GAMUS,DC,38_37,train,heights,government_urban
DC_38_38_AGL.h5,data\GAMUS\heights\train\DC_38_38_AGL.h5,GAMUS,DC,38_38,train,heights,government_urban
DC_38_39_AGL.h5,data\GAMUS\heights\train\DC_38_39_AGL.h5,GAMUS,DC,38_39,train,heights,government_urban
DC_38_40_AGL.h5,data\GAMUS\heights\train\DC_38_40_AGL.h5,GAMUS,DC,38_40,train,heights,government_urban
DC_38_41_AGL.h5,data\GAMUS\heights\train\DC_38_41_AGL.h5,GAMUS,DC,38_41,train,heights,government_urban
DC_38_42_AGL.h5,data\GAMUS\heights\train\DC_38_42_AGL.h5,GAMUS,DC,38_42,train,heights,government_urban
DC_38_43_AGL.h5,data\GAMUS\heights\train\DC_38_43_AGL.h5,GAMUS,DC,38_43,train,heights,government_urban
DC_38_46_AGL.h5,data\GAMUS\heights\train\DC_38_46_AGL.h5,GAMUS,DC,38_46,train,heights,government_urban
DC_38_47_AGL.h5,data\GAMUS\heights\train\DC_38_47_AGL.h5,GAMUS,DC,38_47,train,heights,government_urban
DC_38_48_AGL.h5,data\GAMUS\heights\train\DC_38_48_AGL.h5,GAMUS,DC,38_48,train,heights,government_urban
DC_38_50_AGL.h5,data\GAMUS\heights\train\DC_38_50_AGL.h5,GAMUS,DC,38_50,train,heights,government_urban
DC_38_55_AGL.h5,data\GAMUS\heights\train\DC_38_55_AGL.h5,GAMUS,DC,38_55,train,heights,government_urban
DC_38_56_AGL.h5,data\GAMUS\heights\train\DC_38_56_AGL.h5,GAMUS,DC,38_56,train,heights,government_urban
DC_38_57_AGL.h5,data\GAMUS\heights\train\DC_38_57_AGL.h5,GAMUS,DC,38_57,train,heights,government_urban
DC_38_60_AGL.h5,data\GAMUS\heights\train\DC_38_60_AGL.h5,GAMUS,DC,38_60,train,heights,government_urban
DC_38_61_AGL.h5,data\GAMUS\heights\train\DC_38_61_AGL.h5,GAMUS,DC,38_61,train,heights,government_urban
DC_39_16_AGL.h5,data\GAMUS\heights\train\DC_39_16_AGL.h5,GAMUS,DC,39_16,train,heights,government_urban
DC_39_19_AGL.h5,data\GAMUS\heights\train\DC_39_19_AGL.h5,GAMUS,DC,39_19,train,heights,government_urban
DC_39_20_AGL.h5,data\GAMUS\heights\train\DC_39_20_AGL.h5,GAMUS,DC,39_20,train,heights,government_urban
DC_39_23_AGL.h5,data\GAMUS\heights\train\DC_39_23_AGL.h5,GAMUS,DC,39_23,train,heights,government_urban
DC_39_26_AGL.h5,data\GAMUS\heights\train\DC_39_26_AGL.h5,GAMUS,DC,39_26,train,heights,government_urban
DC_39_27_AGL.h5,data\GAMUS\heights\train\DC_39_27_AGL.h5,GAMUS,DC,39_27,train,heights,government_urban
DC_39_28_AGL.h5,data\GAMUS\heights\train\DC_39_28_AGL.h5,GAMUS,DC,39_28,train,heights,government_urban
DC_39_30_AGL.h5,data\GAMUS\heights\train\DC_39_30_AGL.h5,GAMUS,DC,39_30,train,heights,government_urban
DC_39_33_AGL.h5,data\GAMUS\heights\train\DC_39_33_AGL.h5,GAMUS,DC,39_33,train,heights,government_urban
DC_39_35_AGL.h5,data\GAMUS\heights\train\DC_39_35_AGL.h5,GAMUS,DC,39_35,train,heights,government_urban
DC_39_38_AGL.h5,data\GAMUS\heights\train\DC_39_38_AGL.h5,GAMUS,DC,39_38,train,heights,government_urban
DC_39_39_AGL.h5,data\GAMUS\heights\train\DC_39_39_AGL.h5,GAMUS,DC,39_39,train,heights,government_urban
DC_39_41_AGL.h5,data\GAMUS\heights\train\DC_39_41_AGL.h5,GAMUS,DC,39_41,train,heights,government_urban
DC_39_42_AGL.h5,data\GAMUS\heights\train\DC_39_42_AGL.h5,GAMUS,DC,39_42,train,heights,government_urban
DC_39_43_AGL.h5,data\GAMUS\heights\train\DC_39_43_AGL.h5,GAMUS,DC,39_43,train,heights,government_urban
DC_39_44_AGL.h5,data\GAMUS\heights\train\DC_39_44_AGL.h5,GAMUS,DC,39_44,train,heights,government_urban
DC_39_54_AGL.h5,data\GAMUS\heights\train\DC_39_54_AGL.h5,GAMUS,DC,39_54,train,heights,government_urban
DC_39_55_AGL.h5,data\GAMUS\heights\train\DC_39_55_AGL.h5,GAMUS,DC,39_55,train,heights,government_urban
DC_39_57_AGL.h5,data\GAMUS\heights\train\DC_39_57_AGL.h5,GAMUS,DC,39_57,train,heights,government_urban
DC_39_58_AGL.h5,data\GAMUS\heights\train\DC_39_58_AGL.h5,GAMUS,DC,39_58,train,heights,government_urban
DC_39_60_AGL.h5,data\GAMUS\heights\train\DC_39_60_AGL.h5,GAMUS,DC,39_60,train,heights,government_urban
DC_39_61_AGL.h5,data\GAMUS\heights\train\DC_39_61_AGL.h5,GAMUS,DC,39_61,train,heights,government_urban
DC_39_62_AGL.h5,data\GAMUS\heights\train\DC_39_62_AGL.h5,GAMUS,DC,39_62,train,heights,government_urban
DC_39_63_AGL.h5,data\GAMUS\heights\train\DC_39_63_AGL.h5,GAMUS,DC,39_63,train,heights,government_urban
DC_39_64_AGL.h5,data\GAMUS\heights\train\DC_39_64_AGL.h5,GAMUS,DC,39_64,train,heights,government_urban
DC_40_19_AGL.h5,data\GAMUS\heights\train\DC_40_19_AGL.h5,GAMUS,DC,40_19,train,heights,government_urban
DC_40_20_AGL.h5,data\GAMUS\heights\train\DC_40_20_AGL.h5,GAMUS,DC,40_20,train,heights,government_urban
DC_40_22_AGL.h5,data\GAMUS\heights\train\DC_40_22_AGL.h5,GAMUS,DC,40_22,train,heights,government_urban
DC_40_23_AGL.h5,data\GAMUS\heights\train\DC_40_23_AGL.h5,GAMUS,DC,40_23,train,heights,government_urban
DC_40_25_AGL.h5,data\GAMUS\heights\train\DC_40_25_AGL.h5,GAMUS,DC,40_25,train,heights,government_urban
DC_40_26_AGL.h5,data\GAMUS\heights\train\DC_40_26_AGL.h5,GAMUS,DC,40_26,train,heights,government_urban
DC_40_27_AGL.h5,data\GAMUS\heights\train\DC_40_27_AGL.h5,GAMUS,DC,40_27,train,heights,government_urban
DC_40_28_AGL.h5,data\GAMUS\heights\train\DC_40_28_AGL.h5,GAMUS,DC,40_28,train,heights,government_urban
DC_40_31_AGL.h5,data\GAMUS\heights\train\DC_40_31_AGL.h5,GAMUS,DC,40_31,train,heights,government_urban
DC_40_32_AGL.h5,data\GAMUS\heights\train\DC_40_32_AGL.h5,GAMUS,DC,40_32,train,heights,government_urban
DC_40_33_AGL.h5,data\GAMUS\heights\train\DC_40_33_AGL.h5,GAMUS,DC,40_33,train,heights,government_urban
DC_40_37_AGL.h5,data\GAMUS\heights\train\DC_40_37_AGL.h5,GAMUS,DC,40_37,train,heights,government_urban
DC_40_38_AGL.h5,data\GAMUS\heights\train\DC_40_38_AGL.h5,GAMUS,DC,40_38,train,heights,government_urban
DC_40_39_AGL.h5,data\GAMUS\heights\train\DC_40_39_AGL.h5,GAMUS,DC,40_39,train,heights,government_urban
DC_40_44_AGL.h5,data\GAMUS\heights\train\DC_40_44_AGL.h5,GAMUS,DC,40_44,train,heights,government_urban
DC_40_45_AGL.h5,data\GAMUS\heights\train\DC_40_45_AGL.h5,GAMUS,DC,40_45,train,heights,government_urban
DC_40_50_AGL.h5,data\GAMUS\heights\train\DC_40_50_AGL.h5,GAMUS,DC,40_50,train,heights,government_urban
DC_40_51_AGL.h5,data\GAMUS\heights\train\DC_40_51_AGL.h5,GAMUS,DC,40_51,train,heights,government_urban
DC_40_54_AGL.h5,data\GAMUS\heights\train\DC_40_54_AGL.h5,GAMUS,DC,40_54,train,heights,government_urban
DC_40_55_AGL.h5,data\GAMUS\heights\train\DC_40_55_AGL.h5,GAMUS,DC,40_55,train,heights,government_urban
DC_40_56_AGL.h5,data\GAMUS\heights\train\DC_40_56_AGL.h5,GAMUS,DC,40_56,train,heights,government_urban
DC_40_57_AGL.h5,data\GAMUS\heights\train\DC_40_57_AGL.h5,GAMUS,DC,40_57,train,heights,government_urban
DC_40_58_AGL.h5,data\GAMUS\heights\train\DC_40_58_AGL.h5,GAMUS,DC,40_58,train,heights,government_urban
DC_40_59_AGL.h5,data\GAMUS\heights\train\DC_40_59_AGL.h5,GAMUS,DC,40_59,train,heights,government_urban
DC_40_63_AGL.h5,data\GAMUS\heights\train\DC_40_63_AGL.h5,GAMUS,DC,40_63,train,heights,government_urban
DC_41_21_AGL.h5,data\GAMUS\heights\train\DC_41_21_AGL.h5,GAMUS,DC,41_21,train,heights,government_urban
DC_41_22_AGL.h5,data\GAMUS\heights\train\DC_41_22_AGL.h5,GAMUS,DC,41_22,train,heights,government_urban
DC_41_24_AGL.h5,data\GAMUS\heights\train\DC_41_24_AGL.h5,GAMUS,DC,41_24,train,heights,government_urban
DC_41_25_AGL.h5,data\GAMUS\heights\train\DC_41_25_AGL.h5,GAMUS,DC,41_25,train,heights,government_urban
DC_41_28_AGL.h5,data\GAMUS\heights\train\DC_41_28_AGL.h5,GAMUS,DC,41_28,train,heights,government_urban
DC_41_29_AGL.h5,data\GAMUS\heights\train\DC_41_29_AGL.h5,GAMUS,DC,41_29,train,heights,government_urban
DC_41_30_AGL.h5,data\GAMUS\heights\train\DC_41_30_AGL.h5,GAMUS,DC,41_30,train,heights,government_urban
DC_41_33_AGL.h5,data\GAMUS\heights\train\DC_41_33_AGL.h5,GAMUS,DC,41_33,train,heights,government_urban
DC_41_35_AGL.h5,data\GAMUS\heights\train\DC_41_35_AGL.h5,GAMUS,DC,41_35,train,heights,government_urban
DC_41_36_AGL.h5,data\GAMUS\heights\train\DC_41_36_AGL.h5,GAMUS,DC,41_36,train,heights,government_urban
DC_41_39_AGL.h5,data\GAMUS\heights\train\DC_41_39_AGL.h5,GAMUS,DC,41_39,train,heights,government_urban
DC_41_41_AGL.h5,data\GAMUS\heights\train\DC_41_41_AGL.h5,GAMUS,DC,41_41,train,heights,government_urban
DC_41_43_AGL.h5,data\GAMUS\heights\train\DC_41_43_AGL.h5,GAMUS,DC,41_43,train,heights,government_urban
DC_41_45_AGL.h5,data\GAMUS\heights\train\DC_41_45_AGL.h5,GAMUS,DC,41_45,train,heights,government_urban
DC_41_46_AGL.h5,data\GAMUS\heights\train\DC_41_46_AGL.h5,GAMUS,DC,41_46,train,heights,government_urban
DC_41_47_AGL.h5,data\GAMUS\heights\train\DC_41_47_AGL.h5,GAMUS,DC,41_47,train,heights,government_urban
DC_41_48_AGL.h5,data\GAMUS\heights\train\DC_41_48_AGL.h5,GAMUS,DC,41_48,train,heights,government_urban
DC_41_49_AGL.h5,data\GAMUS\heights\train\DC_41_49_AGL.h5,GAMUS,DC,41_49,train,heights,government_urban
DC_41_51_AGL.h5,data\GAMUS\heights\train\DC_41_51_AGL.h5,GAMUS,DC,41_51,train,heights,government_urban
DC_41_55_AGL.h5,data\GAMUS\heights\train\DC_41_55_AGL.h5,GAMUS,DC,41_55,train,heights,government_urban
DC_41_57_AGL.h5,data\GAMUS\heights\train\DC_41_57_AGL.h5,GAMUS,DC,41_57,train,heights,government_urban
DC_41_58_AGL.h5,data\GAMUS\heights\train\DC_41_58_AGL.h5,GAMUS,DC,41_58,train,heights,government_urban
DC_41_59_AGL.h5,data\GAMUS\heights\train\DC_41_59_AGL.h5,GAMUS,DC,41_59,train,heights,government_urban
DC_41_61_AGL.h5,data\GAMUS\heights\train\DC_41_61_AGL.h5,GAMUS,DC,41_61,train,heights,government_urban
DC_41_62_AGL.h5,data\GAMUS\heights\train\DC_41_62_AGL.h5,GAMUS,DC,41_62,train,heights,government_urban
DC_41_64_AGL.h5,data\GAMUS\heights\train\DC_41_64_AGL.h5,GAMUS,DC,41_64,train,heights,government_urban
DC_41_65_AGL.h5,data\GAMUS\heights\train\DC_41_65_AGL.h5,GAMUS,DC,41_65,train,heights,government_urban
DC_42_22_AGL.h5,data\GAMUS\heights\train\DC_42_22_AGL.h5,GAMUS,DC,42_22,train,heights,government_urban
DC_42_23_AGL.h5,data\GAMUS\heights\train\DC_42_23_AGL.h5,GAMUS,DC,42_23,train,heights,government_urban
DC_42_24_AGL.h5,data\GAMUS\heights\train\DC_42_24_AGL.h5,GAMUS,DC,42_24,train,heights,government_urban
DC_42_25_AGL.h5,data\GAMUS\heights\train\DC_42_25_AGL.h5,GAMUS,DC,42_25,train,heights,government_urban
DC_42_30_AGL.h5,data\GAMUS\heights\train\DC_42_30_AGL.h5,GAMUS,DC,42_30,train,heights,government_urban
DC_42_31_AGL.h5,data\GAMUS\heights\train\DC_42_31_AGL.h5,GAMUS,DC,42_31,train,heights,government_urban
DC_42_32_AGL.h5,data\GAMUS\heights\train\DC_42_32_AGL.h5,GAMUS,DC,42_32,train,heights,government_urban
DC_42_33_AGL.h5,data\GAMUS\heights\train\DC_42_33_AGL.h5,GAMUS,DC,42_33,train,heights,government_urban
DC_42_34_AGL.h5,data\GAMUS\heights\train\DC_42_34_AGL.h5,GAMUS,DC,42_34,train,heights,government_urban
DC_42_35_AGL.h5,data\GAMUS\heights\train\DC_42_35_AGL.h5,GAMUS,DC,42_35,train,heights,government_urban
DC_42_38_AGL.h5,data\GAMUS\heights\train\DC_42_38_AGL.h5,GAMUS,DC,42_38,train,heights,government_urban
DC_42_40_AGL.h5,data\GAMUS\heights\train\DC_42_40_AGL.h5,GAMUS,DC,42_40,train,heights,government_urban
DC_42_41_AGL.h5,data\GAMUS\heights\train\DC_42_41_AGL.h5,GAMUS,DC,42_41,train,heights,government_urban
DC_42_42_AGL.h5,data\GAMUS\heights\train\DC_42_42_AGL.h5,GAMUS,DC,42_42,train,heights,government_urban
DC_42_45_AGL.h5,data\GAMUS\heights\train\DC_42_45_AGL.h5,GAMUS,DC,42_45,train,heights,government_urban
DC_42_46_AGL.h5,data\GAMUS\heights\train\DC_42_46_AGL.h5,GAMUS,DC,42_46,train,heights,government_urban
DC_42_47_AGL.h5,data\GAMUS\heights\train\DC_42_47_AGL.h5,GAMUS,DC,42_47,train,heights,government_urban
DC_42_48_AGL.h5,data\GAMUS\heights\train\DC_42_48_AGL.h5,GAMUS,DC,42_48,train,heights,government_urban
DC_42_49_AGL.h5,data\GAMUS\heights\train\DC_42_49_AGL.h5,GAMUS,DC,42_49,train,heights,government_urban
DC_42_50_AGL.h5,data\GAMUS\heights\train\DC_42_50_AGL.h5,GAMUS,DC,42_50,train,heights,government_urban
DC_42_51_AGL.h5,data\GAMUS\heights\train\DC_42_51_AGL.h5,GAMUS,DC,42_51,train,heights,government_urban
DC_42_54_AGL.h5,data\GAMUS\heights\train\DC_42_54_AGL.h5,GAMUS,DC,42_54,train,heights,government_urban
DC_42_56_AGL.h5,data\GAMUS\heights\train\DC_42_56_AGL.h5,GAMUS,DC,42_56,train,heights,government_urban
DC_42_57_AGL.h5,data\GAMUS\heights\train\DC_42_57_AGL.h5,GAMUS,DC,42_57,train,heights,government_urban
DC_42_59_AGL.h5,data\GAMUS\heights\train\DC_42_59_AGL.h5,GAMUS,DC,42_59,train,heights,government_urban
DC_42_61_AGL.h5,data\GAMUS\heights\train\DC_42_61_AGL.h5,GAMUS,DC,42_61,train,heights,government_urban
DC_42_64_AGL.h5,data\GAMUS\heights\train\DC_42_64_AGL.h5,GAMUS,DC,42_64,train,heights,government_urban
DC_42_66_AGL.h5,data\GAMUS\heights\train\DC_42_66_AGL.h5,GAMUS,DC,42_66,train,heights,government_urban
DC_43_22_AGL.h5,data\GAMUS\heights\train\DC_43_22_AGL.h5,GAMUS,DC,43_22,train,heights,government_urban
DC_43_23_AGL.h5,data\GAMUS\heights\train\DC_43_23_AGL.h5,GAMUS,DC,43_23,train,heights,government_urban
DC_43_25_AGL.h5,data\GAMUS\heights\train\DC_43_25_AGL.h5,GAMUS,DC,43_25,train,heights,government_urban
DC_43_27_AGL.h5,data\GAMUS\heights\train\DC_43_27_AGL.h5,GAMUS,DC,43_27,train,heights,government_urban
DC_43_28_AGL.h5,data\GAMUS\heights\train\DC_43_28_AGL.h5,GAMUS,DC,43_28,train,heights,government_urban
DC_43_29_AGL.h5,data\GAMUS\heights\train\DC_43_29_AGL.h5,GAMUS,DC,43_29,train,heights,government_urban
DC_43_30_AGL.h5,data\GAMUS\heights\train\DC_43_30_AGL.h5,GAMUS,DC,43_30,train,heights,government_urban
DC_43_31_AGL.h5,data\GAMUS\heights\train\DC_43_31_AGL.h5,GAMUS,DC,43_31,train,heights,government_urban
DC_43_33_AGL.h5,data\GAMUS\heights\train\DC_43_33_AGL.h5,GAMUS,DC,43_33,train,heights,government_urban
DC_43_34_AGL.h5,data\GAMUS\heights\train\DC_43_34_AGL.h5,GAMUS,DC,43_34,train,heights,government_urban
DC_43_35_AGL.h5,data\GAMUS\heights\train\DC_43_35_AGL.h5,GAMUS,DC,43_35,train,heights,government_urban
DC_43_36_AGL.h5,data\GAMUS\heights\train\DC_43_36_AGL.h5,GAMUS,DC,43_36,train,heights,government_urban
DC_43_38_AGL.h5,data\GAMUS\heights\train\DC_43_38_AGL.h5,GAMUS,DC,43_38,train,heights,government_urban
DC_43_39_AGL.h5,data\GAMUS\heights\train\DC_43_39_AGL.h5,GAMUS,DC,43_39,train,heights,government_urban
DC_43_40_AGL.h5,data\GAMUS\heights\train\DC_43_40_AGL.h5,GAMUS,DC,43_40,train,heights,government_urban
DC_43_41_AGL.h5,data\GAMUS\heights\train\DC_43_41_AGL.h5,GAMUS,DC,43_41,train,heights,government_urban
DC_43_42_AGL.h5,data\GAMUS\heights\train\DC_43_42_AGL.h5,GAMUS,DC,43_42,train,heights,government_urban
DC_43_43_AGL.h5,data\GAMUS\heights\train\DC_43_43_AGL.h5,GAMUS,DC,43_43,train,heights,government_urban
DC_43_46_AGL.h5,data\GAMUS\heights\train\DC_43_46_AGL.h5,GAMUS,DC,43_46,train,heights,government_urban
DC_43_48_AGL.h5,data\GAMUS\heights\train\DC_43_48_AGL.h5,GAMUS,DC,43_48,train,heights,government_urban
DC_43_53_AGL.h5,data\GAMUS\heights\train\DC_43_53_AGL.h5,GAMUS,DC,43_53,train,heights,government_urban
DC_43_54_AGL.h5,data\GAMUS\heights\train\DC_43_54_AGL.h5,GAMUS,DC,43_54,train,heights,government_urban
DC_43_55_AGL.h5,data\GAMUS\heights\train\DC_43_55_AGL.h5,GAMUS,DC,43_55,train,heights,government_urban
DC_43_56_AGL.h5,data\GAMUS\heights\train\DC_43_56_AGL.h5,GAMUS,DC,43_56,train,heights,government_urban
DC_43_57_AGL.h5,data\GAMUS\heights\train\DC_43_57_AGL.h5,GAMUS,DC,43_57,train,heights,government_urban
DC_43_58_AGL.h5,data\GAMUS\heights\train\DC_43_58_AGL.h5,GAMUS,DC,43_58,train,heights,government_urban
DC_43_60_AGL.h5,data\GAMUS\heights\train\DC_43_60_AGL.h5,GAMUS,DC,43_60,train,heights,government_urban
DC_43_61_AGL.h5,data\GAMUS\heights\train\DC_43_61_AGL.h5,GAMUS,DC,43_61,train,heights,government_urban
DC_43_63_AGL.h5,data\GAMUS\heights\train\DC_43_63_AGL.h5,GAMUS,DC,43_63,train,heights,government_urban
DC_43_64_AGL.h5,data\GAMUS\heights\train\DC_43_64_AGL.h5,GAMUS,DC,43_64,train,heights,government_urban
DC_44_18_AGL.h5,data\GAMUS\heights\train\DC_44_18_AGL.h5,GAMUS,DC,44_18,train,heights,government_urban
DC_44_19_AGL.h5,data\GAMUS\heights\train\DC_44_19_AGL.h5,GAMUS,DC,44_19,train,heights,government_urban
DC_44_20_AGL.h5,data\GAMUS\heights\train\DC_44_20_AGL.h5,GAMUS,DC,44_20,train,heights,government_urban
DC_44_23_AGL.h5,data\GAMUS\heights\train\DC_44_23_AGL.h5,GAMUS,DC,44_23,train,heights,government_urban
DC_44_26_AGL.h5,data\GAMUS\heights\train\DC_44_26_AGL.h5,GAMUS,DC,44_26,train,heights,government_urban
DC_44_27_AGL.h5,data\GAMUS\heights\train\DC_44_27_AGL.h5,GAMUS,DC,44_27,train,heights,government_urban
DC_44_29_AGL.h5,data\GAMUS\heights\train\DC_44_29_AGL.h5,GAMUS,DC,44_29,train,heights,government_urban
DC_44_30_AGL.h5,data\GAMUS\heights\train\DC_44_30_AGL.h5,GAMUS,DC,44_30,train,heights,government_urban
DC_44_32_AGL.h5,data\GAMUS\heights\train\DC_44_32_AGL.h5,GAMUS,DC,44_32,train,heights,government_urban
DC_44_34_AGL.h5,data\GAMUS\heights\train\DC_44_34_AGL.h5,GAMUS,DC,44_34,train,heights,government_urban
DC_44_35_AGL.h5,data\GAMUS\heights\train\DC_44_35_AGL.h5,GAMUS,DC,44_35,train,heights,government_urban
DC_44_39_AGL.h5,data\GAMUS\heights\train\DC_44_39_AGL.h5,GAMUS,DC,44_39,train,heights,government_urban
DC_44_41_AGL.h5,data\GAMUS\heights\train\DC_44_41_AGL.h5,GAMUS,DC,44_41,train,heights,government_urban
DC_44_44_AGL.h5,data\GAMUS\heights\train\DC_44_44_AGL.h5,GAMUS,DC,44_44,train,heights,government_urban
DC_44_45_AGL.h5,data\GAMUS\heights\train\DC_44_45_AGL.h5,GAMUS,DC,44_45,train,heights,government_urban
DC_44_47_AGL.h5,data\GAMUS\heights\train\DC_44_47_AGL.h5,GAMUS,DC,44_47,train,heights,government_urban
DC_44_49_AGL.h5,data\GAMUS\heights\train\DC_44_49_AGL.h5,GAMUS,DC,44_49,train,heights,government_urban
DC_44_52_AGL.h5,data\GAMUS\heights\train\DC_44_52_AGL.h5,GAMUS,DC,44_52,train,heights,government_urban
DC_44_53_AGL.h5,data\GAMUS\heights\train\DC_44_53_AGL.h5,GAMUS,DC,44_53,train,heights,government_urban
DC_44_54_AGL.h5,data\GAMUS\heights\train\DC_44_54_AGL.h5,GAMUS,DC,44_54,train,heights,government_urban
DC_44_56_AGL.h5,data\GAMUS\heights\train\DC_44_56_AGL.h5,GAMUS,DC,44_56,train,heights,government_urban
DC_44_57_AGL.h5,data\GAMUS\heights\train\DC_44_57_AGL.h5,GAMUS,DC,44_57,train,heights,government_urban
DC_44_58_AGL.h5,data\GAMUS\heights\train\DC_44_58_AGL.h5,GAMUS,DC,44_58,train,heights,government_urban
DC_44_59_AGL.h5,data\GAMUS\heights\train\DC_44_59_AGL.h5,GAMUS,DC,44_59,train,heights,government_urban
DC_44_64_AGL.h5,data\GAMUS\heights\train\DC_44_64_AGL.h5,GAMUS,DC,44_64,train,heights,government_urban
DC_44_66_AGL.h5,data\GAMUS\heights\train\DC_44_66_AGL.h5,GAMUS,DC,44_66,train,heights,government_urban
DC_44_67_AGL.h5,data\GAMUS\heights\train\DC_44_67_AGL.h5,GAMUS,DC,44_67,train,heights,government_urban
DC_45_19_AGL.h5,data\GAMUS\heights\train\DC_45_19_AGL.h5,GAMUS,DC,45_19,train,heights,government_urban
DC_45_21_AGL.h5,data\GAMUS\heights\train\DC_45_21_AGL.h5,GAMUS,DC,45_21,train,heights,government_urban
DC_45_22_AGL.h5,data\GAMUS\heights\train\DC_45_22_AGL.h5,GAMUS,DC,45_22,train,heights,government_urban
DC_45_23_AGL.h5,data\GAMUS\heights\train\DC_45_23_AGL.h5,GAMUS,DC,45_23,train,heights,government_urban
DC_45_24_AGL.h5,data\GAMUS\heights\train\DC_45_24_AGL.h5,GAMUS,DC,45_24,train,heights,government_urban
DC_45_25_AGL.h5,data\GAMUS\heights\train\DC_45_25_AGL.h5,GAMUS,DC,45_25,train,heights,government_urban
DC_45_26_AGL.h5,data\GAMUS\heights\train\DC_45_26_AGL.h5,GAMUS,DC,45_26,train,heights,government_urban
DC_45_27_AGL.h5,data\GAMUS\heights\train\DC_45_27_AGL.h5,GAMUS,DC,45_27,train,heights,government_urban
DC_45_30_AGL.h5,data\GAMUS\heights\train\DC_45_30_AGL.h5,GAMUS,DC,45_30,train,heights,government_urban
DC_45_32_AGL.h5,data\GAMUS\heights\train\DC_45_32_AGL.h5,GAMUS,DC,45_32,train,heights,government_urban
DC_45_33_AGL.h5,data\GAMUS\heights\train\DC_45_33_AGL.h5,GAMUS,DC,45_33,train,heights,government_urban
DC_45_34_AGL.h5,data\GAMUS\heights\train\DC_45_34_AGL.h5,GAMUS,DC,45_34,train,heights,government_urban
DC_45_35_AGL.h5,data\GAMUS\heights\train\DC_45_35_AGL.h5,GAMUS,DC,45_35,train,heights,government_urban
DC_45_38_AGL.h5,data\GAMUS\heights\train\DC_45_38_AGL.h5,GAMUS,DC,45_38,train,heights,government_urban
DC_45_39_AGL.h5,data\GAMUS\heights\train\DC_45_39_AGL.h5,GAMUS,DC,45_39,train,heights,government_urban
DC_45_40_AGL.h5,data\GAMUS\heights\train\DC_45_40_AGL.h5,GAMUS,DC,45_40,train,heights,government_urban
DC_45_42_AGL.h5,data\GAMUS\heights\train\DC_45_42_AGL.h5,GAMUS,DC,45_42,train,heights,government_urban
DC_45_45_AGL.h5,data\GAMUS\heights\train\DC_45_45_AGL.h5,GAMUS,DC,45_45,train,heights,government_urban
DC_45_48_AGL.h5,data\GAMUS\heights\train\DC_45_48_AGL.h5,GAMUS,DC,45_48,train,heights,government_urban
DC_45_49_AGL.h5,data\GAMUS\heights\train\DC_45_49_AGL.h5,GAMUS,DC,45_49,train,heights,government_urban
DC_45_50_AGL.h5,data\GAMUS\heights\train\DC_45_50_AGL.h5,GAMUS,DC,45_50,train,heights,government_urban
DC_45_51_AGL.h5,data\GAMUS\heights\train\DC_45_51_AGL.h5,GAMUS,DC,45_51,train,heights,government_urban
DC_45_53_AGL.h5,data\GAMUS\heights\train\DC_45_53_AGL.h5,GAMUS,DC,45_53,train,heights,government_urban
DC_45_54_AGL.h5,data\GAMUS\heights\train\DC_45_54_AGL.h5,GAMUS,DC,45_54,train,heights,government_urban
DC_45_56_AGL.h5,data\GAMUS\heights\train\DC_45_56_AGL.h5,GAMUS,DC,45_56,train,heights,government_urban
DC_45_59_AGL.h5,data\GAMUS\heights\train\DC_45_59_AGL.h5,GAMUS,DC,45_59,train,heights,government_urban
DC_45_61_AGL.h5,data\GAMUS\heights\train\DC_45_61_AGL.h5,GAMUS,DC,45_61,train,heights,government_urban
DC_45_63_AGL.h5,data\GAMUS\heights\train\DC_45_63_AGL.h5,GAMUS,DC,45_63,train,heights,government_urban
DC_45_64_AGL.h5,data\GAMUS\heights\train\DC_45_64_AGL.h5,GAMUS,DC,45_64,train,heights,government_urban
DC_45_65_AGL.h5,data\GAMUS\heights\train\DC_45_65_AGL.h5,GAMUS,DC,45_65,train,heights,government_urban
DC_45_66_AGL.h5,data\GAMUS\heights\train\DC_45_66_AGL.h5,GAMUS,DC,45_66,train,heights,government_urban
DC_46_19_AGL.h5,data\GAMUS\heights\train\DC_46_19_AGL.h5,GAMUS,DC,46_19,train,heights,government_urban
DC_46_22_AGL.h5,data\GAMUS\heights\train\DC_46_22_AGL.h5,GAMUS,DC,46_22,train,heights,government_urban
DC_46_23_AGL.h5,data\GAMUS\heights\train\DC_46_23_AGL.h5,GAMUS,DC,46_23,train,heights,government_urban
DC_46_25_AGL.h5,data\GAMUS\heights\train\DC_46_25_AGL.h5,GAMUS,DC,46_25,train,heights,government_urban
DC_46_26_AGL.h5,data\GAMUS\heights\train\DC_46_26_AGL.h5,GAMUS,DC,46_26,train,heights,government_urban
DC_46_30_AGL.h5,data\GAMUS\heights\train\DC_46_30_AGL.h5,GAMUS,DC,46_30,train,heights,government_urban
DC_46_33_AGL.h5,data\GAMUS\heights\train\DC_46_33_AGL.h5,GAMUS,DC,46_33,train,heights,government_urban
DC_46_35_AGL.h5,data\GAMUS\heights\train\DC_46_35_AGL.h5,GAMUS,DC,46_35,train,heights,government_urban
DC_46_36_AGL.h5,data\GAMUS\heights\train\DC_46_36_AGL.h5,GAMUS,DC,46_36,train,heights,government_urban
DC_46_37_AGL.h5,data\GAMUS\heights\train\DC_46_37_AGL.h5,GAMUS,DC,46_37,train,heights,government_urban
DC_46_38_AGL.h5,data\GAMUS\heights\train\DC_46_38_AGL.h5,GAMUS,DC,46_38,train,heights,government_urban
DC_46_39_AGL.h5,data\GAMUS\heights\train\DC_46_39_AGL.h5,GAMUS,DC,46_39,train,heights,government_urban
DC_46_40_AGL.h5,data\GAMUS\heights\train\DC_46_40_AGL.h5,GAMUS,DC,46_40,train,heights,government_urban
DC_46_43_AGL.h5,data\GAMUS\heights\train\DC_46_43_AGL.h5,GAMUS,DC,46_43,train,heights,government_urban
DC_46_45_AGL.h5,data\GAMUS\heights\train\DC_46_45_AGL.h5,GAMUS,DC,46_45,train,heights,government_urban
DC_46_49_AGL.h5,data\GAMUS\heights\train\DC_46_49_AGL.h5,GAMUS,DC,46_49,train,heights,government_urban
DC_46_50_AGL.h5,data\GAMUS\heights\train\DC_46_50_AGL.h5,GAMUS,DC,46_50,train,heights,government_urban
DC_46_51_AGL.h5,data\GAMUS\heights\train\DC_46_51_AGL.h5,GAMUS,DC,46_51,train,heights,government_urban
DC_46_52_AGL.h5,data\GAMUS\heights\train\DC_46_52_AGL.h5,GAMUS,DC,46_52,train,heights,government_urban
DC_46_54_AGL.h5,data\GAMUS\heights\train\DC_46_54_AGL.h5,GAMUS,DC,46_54,train,heights,government_urban
DC_46_55_AGL.h5,data\GAMUS\heights\train\DC_46_55_AGL.h5,GAMUS,DC,46_55,train,heights,government_urban
DC_46_56_AGL.h5,data\GAMUS\heights\train\DC_46_56_AGL.h5,GAMUS,DC,46_56,train,heights,government_urban
DC_46_57_AGL.h5,data\GAMUS\heights\train\DC_46_57_AGL.h5,GAMUS,DC,46_57,train,heights,government_urban
DC_46_59_AGL.h5,data\GAMUS\heights\train\DC_46_59_AGL.h5,GAMUS,DC,46_59,train,heights,government_urban
DC_46_61_AGL.h5,data\GAMUS\heights\train\DC_46_61_AGL.h5,GAMUS,DC,46_61,train,heights,government_urban
DC_46_62_AGL.h5,data\GAMUS\heights\train\DC_46_62_AGL.h5,GAMUS,DC,46_62,train,heights,government_urban
DC_46_64_AGL.h5,data\GAMUS\heights\train\DC_46_64_AGL.h5,GAMUS,DC,46_64,train,heights,government_urban
DC_46_65_AGL.h5,data\GAMUS\heights\train\DC_46_65_AGL.h5,GAMUS,DC,46_65,train,heights,government_urban
DC_47_19_AGL.h5,data\GAMUS\heights\train\DC_47_19_AGL.h5,GAMUS,DC,47_19,train,heights,government_urban
DC_47_20_AGL.h5,data\GAMUS\heights\train\DC_47_20_AGL.h5,GAMUS,DC,47_20,train,heights,government_urban
DC_47_23_AGL.h5,data\GAMUS\heights\train\DC_47_23_AGL.h5,GAMUS,DC,47_23,train,heights,government_urban
DC_47_24_AGL.h5,data\GAMUS\heights\train\DC_47_24_AGL.h5,GAMUS,DC,47_24,train,heights,government_urban
DC_47_27_AGL.h5,data\GAMUS\heights\train\DC_47_27_AGL.h5,GAMUS,DC,47_27,train,heights,government_urban
DC_47_29_AGL.h5,data\GAMUS\heights\train\DC_47_29_AGL.h5,GAMUS,DC,47_29,train,heights,government_urban
DC_47_30_AGL.h5,data\GAMUS\heights\train\DC_47_30_AGL.h5,GAMUS,DC,47_30,train,heights,government_urban
DC_47_31_AGL.h5,data\GAMUS\heights\train\DC_47_31_AGL.h5,GAMUS,DC,47_31,train,heights,government_urban
DC_47_33_AGL.h5,data\GAMUS\heights\train\DC_47_33_AGL.h5,GAMUS,DC,47_33,train,heights,government_urban
DC_47_35_AGL.h5,data\GAMUS\heights\train\DC_47_35_AGL.h5,GAMUS,DC,47_35,train,heights,government_urban
DC_47_36_AGL.h5,data\GAMUS\heights\train\DC_47_36_AGL.h5,GAMUS,DC,47_36,train,heights,government_urban
DC_47_38_AGL.h5,data\GAMUS\heights\train\DC_47_38_AGL.h5,GAMUS,DC,47_38,train,heights,government_urban
DC_47_39_AGL.h5,data\GAMUS\heights\train\DC_47_39_AGL.h5,GAMUS,DC,47_39,train,heights,government_urban
DC_47_40_AGL.h5,data\GAMUS\heights\train\DC_47_40_AGL.h5,GAMUS,DC,47_40,train,heights,government_urban
DC_47_42_AGL.h5,data\GAMUS\heights\train\DC_47_42_AGL.h5,GAMUS,DC,47_42,train,heights,government_urban
DC_47_44_AGL.h5,data\GAMUS\heights\train\DC_47_44_AGL.h5,GAMUS,DC,47_44,train,heights,government_urban
DC_47_45_AGL.h5,data\GAMUS\heights\train\DC_47_45_AGL.h5,GAMUS,DC,47_45,train,heights,government_urban
DC_47_46_AGL.h5,data\GAMUS\heights\train\DC_47_46_AGL.h5,GAMUS,DC,47_46,train,heights,government_urban
DC_47_48_AGL.h5,data\GAMUS\heights\train\DC_47_48_AGL.h5,GAMUS,DC,47_48,train,heights,government_urban
DC_47_49_AGL.h5,data\GAMUS\heights\train\DC_47_49_AGL.h5,GAMUS,DC,47_49,train,heights,government_urban
DC_47_50_AGL.h5,data\GAMUS\heights\train\DC_47_50_AGL.h5,GAMUS,DC,47_50,train,heights,government_urban
DC_47_51_AGL.h5,data\GAMUS\heights\train\DC_47_51_AGL.h5,GAMUS,DC,47_51,train,heights,government_urban
DC_47_55_AGL.h5,data\GAMUS\heights\train\DC_47_55_AGL.h5,GAMUS,DC,47_55,train,heights,government_urban
DC_47_56_AGL.h5,data\GAMUS\heights\train\DC_47_56_AGL.h5,GAMUS,DC,47_56,train,heights,government_urban
DC_47_57_AGL.h5,data\GAMUS\heights\train\DC_47_57_AGL.h5,GAMUS,DC,47_57,train,heights,government_urban
DC_47_58_AGL.h5,data\GAMUS\heights\train\DC_47_58_AGL.h5,GAMUS,DC,47_58,train,heights,government_urban
DC_47_59_AGL.h5,data\GAMUS\heights\train\DC_47_59_AGL.h5,GAMUS,DC,47_59,train,heights,government_urban
DC_47_60_AGL.h5,data\GAMUS\heights\train\DC_47_60_AGL.h5,GAMUS,DC,47_60,train,heights,government_urban
DC_47_62_AGL.h5,data\GAMUS\heights\train\DC_47_62_AGL.h5,GAMUS,DC,47_62,train,heights,government_urban
DC_47_64_AGL.h5,data\GAMUS\heights\train\DC_47_64_AGL.h5,GAMUS,DC,47_64,train,heights,government_urban
DC_48_21_AGL.h5,data\GAMUS\heights\train\DC_48_21_AGL.h5,GAMUS,DC,48_21,train,heights,government_urban
DC_48_24_AGL.h5,data\GAMUS\heights\train\DC_48_24_AGL.h5,GAMUS,DC,48_24,train,heights,government_urban
DC_48_25_AGL.h5,data\GAMUS\heights\train\DC_48_25_AGL.h5,GAMUS,DC,48_25,train,heights,government_urban
DC_48_29_AGL.h5,data\GAMUS\heights\train\DC_48_29_AGL.h5,GAMUS,DC,48_29,train,heights,government_urban
DC_48_30_AGL.h5,data\GAMUS\heights\train\DC_48_30_AGL.h5,GAMUS,DC,48_30,train,heights,government_urban
DC_48_33_AGL.h5,data\GAMUS\heights\train\DC_48_33_AGL.h5,GAMUS,DC,48_33,train,heights,government_urban
DC_48_34_AGL.h5,data\GAMUS\heights\train\DC_48_34_AGL.h5,GAMUS,DC,48_34,train,heights,government_urban
DC_48_41_AGL.h5,data\GAMUS\heights\train\DC_48_41_AGL.h5,GAMUS,DC,48_41,train,heights,government_urban
DC_48_42_AGL.h5,data\GAMUS\heights\train\DC_48_42_AGL.h5,GAMUS,DC,48_42,train,heights,government_urban
DC_48_43_AGL.h5,data\GAMUS\heights\train\DC_48_43_AGL.h5,GAMUS,DC,48_43,train,heights,government_urban
DC_48_44_AGL.h5,data\GAMUS\heights\train\DC_48_44_AGL.h5,GAMUS,DC,48_44,train,heights,government_urban
DC_48_45_AGL.h5,data\GAMUS\heights\train\DC_48_45_AGL.h5,GAMUS,DC,48_45,train,heights,government_urban
DC_48_50_AGL.h5,data\GAMUS\heights\train\DC_48_50_AGL.h5,GAMUS,DC,48_50,train,heights,government_urban
DC_48_53_AGL.h5,data\GAMUS\heights\train\DC_48_53_AGL.h5,GAMUS,DC,48_53,train,heights,government_urban
DC_48_54_AGL.h5,data\GAMUS\heights\train\DC_48_54_AGL.h5,GAMUS,DC,48_54,train,heights,government_urban
DC_48_55_AGL.h5,data\GAMUS\heights\train\DC_48_55_AGL.h5,GAMUS,DC,48_55,train,heights,government_urban
DC_48_59_AGL.h5,data\GAMUS\heights\train\DC_48_59_AGL.h5,GAMUS,DC,48_59,train,heights,government_urban
DC_48_61_AGL.h5,data\GAMUS\heights\train\DC_48_61_AGL.h5,GAMUS,DC,48_61,train,heights,government_urban
DC_48_62_AGL.h5,data\GAMUS\heights\train\DC_48_62_AGL.h5,GAMUS,DC,48_62,train,heights,government_urban
DC_48_63_AGL.h5,data\GAMUS\heights\train\DC_48_63_AGL.h5,GAMUS,DC,48_63,train,heights,government_urban
DC_49_25_AGL.h5,data\GAMUS\heights\train\DC_49_25_AGL.h5,GAMUS,DC,49_25,train,heights,government_urban
DC_49_26_AGL.h5,data\GAMUS\heights\train\DC_49_26_AGL.h5,GAMUS,DC,49_26,train,heights,government_urban
DC_49_29_AGL.h5,data\GAMUS\heights\train\DC_49_29_AGL.h5,GAMUS,DC,49_29,train,heights,government_urban
DC_49_30_AGL.h5,data\GAMUS\heights\train\DC_49_30_AGL.h5,GAMUS,DC,49_30,train,heights,government_urban
DC_49_31_AGL.h5,data\GAMUS\heights\train\DC_49_31_AGL.h5,GAMUS,DC,49_31,train,heights,government_urban
DC_49_32_AGL.h5,data\GAMUS\heights\train\DC_49_32_AGL.h5,GAMUS,DC,49_32,train,heights,government_urban
DC_49_33_AGL.h5,data\GAMUS\heights\train\DC_49_33_AGL.h5,GAMUS,DC,49_33,train,heights,government_urban
DC_49_34_AGL.h5,data\GAMUS\heights\train\DC_49_34_AGL.h5,GAMUS,DC,49_34,train,heights,government_urban
DC_49_36_AGL.h5,data\GAMUS\heights\train\DC_49_36_AGL.h5,GAMUS,DC,49_36,train,heights,government_urban
DC_49_37_AGL.h5,data\GAMUS\heights\train\DC_49_37_AGL.h5,GAMUS,DC,49_37,train,heights,government_urban
DC_49_42_AGL.h5,data\GAMUS\heights\train\DC_49_42_AGL.h5,GAMUS,DC,49_42,train,heights,government_urban
DC_49_43_AGL.h5,data\GAMUS\heights\train\DC_49_43_AGL.h5,GAMUS,DC,49_43,train,heights,government_urban
DC_49_44_AGL.h5,data\GAMUS\heights\train\DC_49_44_AGL.h5,GAMUS,DC,49_44,train,heights,government_urban
DC_49_45_AGL.h5,data\GAMUS\heights\train\DC_49_45_AGL.h5,GAMUS,DC,49_45,train,heights,government_urban
DC_49_46_AGL.h5,data\GAMUS\heights\train\DC_49_46_AGL.h5,GAMUS,DC,49_46,train,heights,government_urban
DC_49_50_AGL.h5,data\GAMUS\heights\train\DC_49_50_AGL.h5,GAMUS,DC,49_50,train,heights,government_urban
DC_49_51_AGL.h5,data\GAMUS\heights\train\DC_49_51_AGL.h5,GAMUS,DC,49_51,train,heights,government_urban
DC_49_56_AGL.h5,data\GAMUS\heights\train\DC_49_56_AGL.h5,GAMUS,DC,49_56,train,heights,government_urban
DC_49_57_AGL.h5,data\GAMUS\heights\train\DC_49_57_AGL.h5,GAMUS,DC,49_57,train,heights,government_urban
DC_49_59_AGL.h5,data\GAMUS\heights\train\DC_49_59_AGL.h5,GAMUS,DC,49_59,train,heights,government_urban
DC_49_61_AGL.h5,data\GAMUS\heights\train\DC_49_61_AGL.h5,GAMUS,DC,49_61,train,heights,government_urban
DC_49_62_AGL.h5,data\GAMUS\heights\train\DC_49_62_AGL.h5,GAMUS,DC,49_62,train,heights,government_urban
DC_50_22_AGL.h5,data\GAMUS\heights\train\DC_50_22_AGL.h5,GAMUS,DC,50_22,train,heights,government_urban
DC_50_25_AGL.h5,data\GAMUS\heights\train\DC_50_25_AGL.h5,GAMUS,DC,50_25,train,heights,government_urban
DC_50_26_AGL.h5,data\GAMUS\heights\train\DC_50_26_AGL.h5,GAMUS,DC,50_26,train,heights,government_urban
DC_50_27_AGL.h5,data\GAMUS\heights\train\DC_50_27_AGL.h5,GAMUS,DC,50_27,train,heights,government_urban
DC_50_28_AGL.h5,data\GAMUS\heights\train\DC_50_28_AGL.h5,GAMUS,DC,50_28,train,heights,government_urban
DC_50_30_AGL.h5,data\GAMUS\heights\train\DC_50_30_AGL.h5,GAMUS,DC,50_30,train,heights,government_urban
DC_50_34_AGL.h5,data\GAMUS\heights\train\DC_50_34_AGL.h5,GAMUS,DC,50_34,train,heights,government_urban
DC_50_35_AGL.h5,data\GAMUS\heights\train\DC_50_35_AGL.h5,GAMUS,DC,50_35,train,heights,government_urban
DC_50_36_AGL.h5,data\GAMUS\heights\train\DC_50_36_AGL.h5,GAMUS,DC,50_36,train,heights,government_urban
DC_50_37_AGL.h5,data\GAMUS\heights\train\DC_50_37_AGL.h5,GAMUS,DC,50_37,train,heights,government_urban
DC_50_40_AGL.h5,data\GAMUS\heights\train\DC_50_40_AGL.h5,GAMUS,DC,50_40,train,heights,government_urban
DC_50_42_AGL.h5,data\GAMUS\heights\train\DC_50_42_AGL.h5,GAMUS,DC,50_42,train,heights,government_urban
DC_50_43_AGL.h5,data\GAMUS\heights\train\DC_50_43_AGL.h5,GAMUS,DC,50_43,train,heights,government_urban
DC_50_44_AGL.h5,data\GAMUS\heights\train\DC_50_44_AGL.h5,GAMUS,DC,50_44,train,heights,government_urban
DC_50_45_AGL.h5,data\GAMUS\heights\train\DC_50_45_AGL.h5,GAMUS,DC,50_45,train,heights,government_urban
DC_50_46_AGL.h5,data\GAMUS\heights\train\DC_50_46_AGL.h5,GAMUS,DC,50_46,train,heights,government_urban
DC_50_47_AGL.h5,data\GAMUS\heights\train\DC_50_47_AGL.h5,GAMUS,DC,50_47,train,heights,government_urban
DC_50_48_AGL.h5,data\GAMUS\heights\train\DC_50_48_AGL.h5,GAMUS,DC,50_48,train,heights,government_urban
DC_50_49_AGL.h5,data\GAMUS\heights\train\DC_50_49_AGL.h5,GAMUS,DC,50_49,train,heights,government_urban
DC_50_50_AGL.h5,data\GAMUS\heights\train\DC_50_50_AGL.h5,GAMUS,DC,50_50,train,heights,government_urban
DC_50_54_AGL.h5,data\GAMUS\heights\train\DC_50_54_AGL.h5,GAMUS,DC,50_54,train,heights,government_urban
DC_50_57_AGL.h5,data\GAMUS\heights\train\DC_50_57_AGL.h5,GAMUS,DC,50_57,train,heights,government_urban
DC_50_58_AGL.h5,data\GAMUS\heights\train\DC_50_58_AGL.h5,GAMUS,DC,50_58,train,heights,government_urban
DC_50_59_AGL.h5,data\GAMUS\heights\train\DC_50_59_AGL.h5,GAMUS,DC,50_59,train,heights,government_urban
DC_50_60_AGL.h5,data\GAMUS\heights\train\DC_50_60_AGL.h5,GAMUS,DC,50_60,train,heights,government_urban
DC_50_61_AGL.h5,data\GAMUS\heights\train\DC_50_61_AGL.h5,GAMUS,DC,50_61,train,heights,government_urban
DC_51_22_AGL.h5,data\GAMUS\heights\train\DC_51_22_AGL.h5,GAMUS,DC,51_22,train,heights,government_urban
DC_51_23_AGL.h5,data\GAMUS\heights\train\DC_51_23_AGL.h5,GAMUS,DC,51_23,train,heights,government_urban
DC_51_24_AGL.h5,data\GAMUS\heights\train\DC_51_24_AGL.h5,GAMUS,DC,51_24,train,heights,government_urban
DC_51_28_AGL.h5,data\GAMUS\heights\train\DC_51_28_AGL.h5,GAMUS,DC,51_28,train,heights,government_urban
DC_51_29_AGL.h5,data\GAMUS\heights\train\DC_51_29_AGL.h5,GAMUS,DC,51_29,train,heights,government_urban
DC_51_30_AGL.h5,data\GAMUS\heights\train\DC_51_30_AGL.h5,GAMUS,DC,51_30,train,heights,government_urban
DC_51_32_AGL.h5,data\GAMUS\heights\train\DC_51_32_AGL.h5,GAMUS,DC,51_32,train,heights,government_urban
DC_51_34_AGL.h5,data\GAMUS\heights\train\DC_51_34_AGL.h5,GAMUS,DC,51_34,train,heights,government_urban
DC_51_35_AGL.h5,data\GAMUS\heights\train\DC_51_35_AGL.h5,GAMUS,DC,51_35,train,heights,government_urban
DC_51_41_AGL.h5,data\GAMUS\heights\train\DC_51_41_AGL.h5,GAMUS,DC,51_41,train,heights,government_urban
DC_51_42_AGL.h5,data\GAMUS\heights\train\DC_51_42_AGL.h5,GAMUS,DC,51_42,train,heights,government_urban
DC_51_43_AGL.h5,data\GAMUS\heights\train\DC_51_43_AGL.h5,GAMUS,DC,51_43,train,heights,government_urban
DC_51_46_AGL.h5,data\GAMUS\heights\train\DC_51_46_AGL.h5,GAMUS,DC,51_46,train,heights,government_urban
DC_51_47_AGL.h5,data\GAMUS\heights\train\DC_51_47_AGL.h5,GAMUS,DC,51_47,train,heights,government_urban
DC_51_49_AGL.h5,data\GAMUS\heights\train\DC_51_49_AGL.h5,GAMUS,DC,51_49,train,heights,government_urban
DC_51_50_AGL.h5,data\GAMUS\heights\train\DC_51_50_AGL.h5,GAMUS,DC,51_50,train,heights,government_urban
DC_51_52_AGL.h5,data\GAMUS\heights\train\DC_51_52_AGL.h5,GAMUS,DC,51_52,train,heights,government_urban
DC_51_54_AGL.h5,data\GAMUS\heights\train\DC_51_54_AGL.h5,GAMUS,DC,51_54,train,heights,government_urban
DC_51_58_AGL.h5,data\GAMUS\heights\train\DC_51_58_AGL.h5,GAMUS,DC,51_58,train,heights,government_urban
DC_51_60_AGL.h5,data\GAMUS\heights\train\DC_51_60_AGL.h5,GAMUS,DC,51_60,train,heights,government_urban
DC_52_28_AGL.h5,data\GAMUS\heights\train\DC_52_28_AGL.h5,GAMUS,DC,52_28,train,heights,government_urban
DC_52_31_AGL.h5,data\GAMUS\heights\train\DC_52_31_AGL.h5,GAMUS,DC,52_31,train,heights,government_urban
DC_52_32_AGL.h5,data\GAMUS\heights\train\DC_52_32_AGL.h5,GAMUS,DC,52_32,train,heights,government_urban
DC_52_35_AGL.h5,data\GAMUS\heights\train\DC_52_35_AGL.h5,GAMUS,DC,52_35,train,heights,government_urban
DC_52_36_AGL.h5,data\GAMUS\heights\train\DC_52_36_AGL.h5,GAMUS,DC,52_36,train,heights,government_urban
DC_52_38_AGL.h5,data\GAMUS\heights\train\DC_52_38_AGL.h5,GAMUS,DC,52_38,train,heights,government_urban
DC_52_39_AGL.h5,data\GAMUS\heights\train\DC_52_39_AGL.h5,GAMUS,DC,52_39,train,heights,government_urban
DC_52_40_AGL.h5,data\GAMUS\heights\train\DC_52_40_AGL.h5,GAMUS,DC,52_40,train,heights,government_urban
DC_52_42_AGL.h5,data\GAMUS\heights\train\DC_52_42_AGL.h5,GAMUS,DC,52_42,train,heights,government_urban
DC_52_43_AGL.h5,data\GAMUS\heights\train\DC_52_43_AGL.h5,GAMUS,DC,52_43,train,heights,government_urban
DC_52_45_AGL.h5,data\GAMUS\heights\train\DC_52_45_AGL.h5,GAMUS,DC,52_45,train,heights,government_urban
DC_52_47_AGL.h5,data\GAMUS\heights\train\DC_52_47_AGL.h5,GAMUS,DC,52_47,train,heights,government_urban
DC_52_49_AGL.h5,data\GAMUS\heights\train\DC_52_49_AGL.h5,GAMUS,DC,52_49,train,heights,government_urban
DC_52_51_AGL.h5,data\GAMUS\heights\train\DC_52_51_AGL.h5,GAMUS,DC,52_51,train,heights,government_urban
DC_52_54_AGL.h5,data\GAMUS\heights\train\DC_52_54_AGL.h5,GAMUS,DC,52_54,train,heights,government_urban
DC_52_55_AGL.h5,data\GAMUS\heights\train\DC_52_55_AGL.h5,GAMUS,DC,52_55,train,heights,government_urban
DC_52_56_AGL.h5,data\GAMUS\heights\train\DC_52_56_AGL.h5,GAMUS,DC,52_56,train,heights,government_urban
DC_52_59_AGL.h5,data\GAMUS\heights\train\DC_52_59_AGL.h5,GAMUS,DC,52_59,train,heights,government_urban
DC_53_31_AGL.h5,data\GAMUS\heights\train\DC_53_31_AGL.h5,GAMUS,DC,53_31,train,heights,government_urban
DC_53_33_AGL.h5,data\GAMUS\heights\train\DC_53_33_AGL.h5,GAMUS,DC,53_33,train,heights,government_urban
DC_53_36_AGL.h5,data\GAMUS\heights\train\DC_53_36_AGL.h5,GAMUS,DC,53_36,train,heights,government_urban
DC_53_37_AGL.h5,data\GAMUS\heights\train\DC_53_37_AGL.h5,GAMUS,DC,53_37,train,heights,government_urban
DC_53_38_AGL.h5,data\GAMUS\heights\train\DC_53_38_AGL.h5,GAMUS,DC,53_38,train,heights,government_urban
DC_53_39_AGL.h5,data\GAMUS\heights\train\DC_53_39_AGL.h5,GAMUS,DC,53_39,train,heights,government_urban
DC_53_42_AGL.h5,data\GAMUS\heights\train\DC_53_42_AGL.h5,GAMUS,DC,53_42,train,heights,government_urban
DC_53_43_AGL.h5,data\GAMUS\heights\train\DC_53_43_AGL.h5,GAMUS,DC,53_43,train,heights,government_urban
DC_53_45_AGL.h5,data\GAMUS\heights\train\DC_53_45_AGL.h5,GAMUS,DC,53_45,train,heights,government_urban
DC_53_46_AGL.h5,data\GAMUS\heights\train\DC_53_46_AGL.h5,GAMUS,DC,53_46,train,heights,government_urban
DC_53_48_AGL.h5,data\GAMUS\heights\train\DC_53_48_AGL.h5,GAMUS,DC,53_48,train,heights,government_urban
DC_53_49_AGL.h5,data\GAMUS\heights\train\DC_53_49_AGL.h5,GAMUS,DC,53_49,train,heights,government_urban
DC_53_50_AGL.h5,data\GAMUS\heights\train\DC_53_50_AGL.h5,GAMUS,DC,53_50,train,heights,government_urban
DC_53_51_AGL.h5,data\GAMUS\heights\train\DC_53_51_AGL.h5,GAMUS,DC,53_51,train,heights,government_urban
DC_53_52_AGL.h5,data\GAMUS\heights\train\DC_53_52_AGL.h5,GAMUS,DC,53_52,train,heights,government_urban
DC_53_53_AGL.h5,data\GAMUS\heights\train\DC_53_53_AGL.h5,GAMUS,DC,53_53,train,heights,government_urban
DC_53_56_AGL.h5,data\GAMUS\heights\train\DC_53_56_AGL.h5,GAMUS,DC,53_56,train,heights,government_urban
DC_53_58_AGL.h5,data\GAMUS\heights\train\DC_53_58_AGL.h5,GAMUS,DC,53_58,train,heights,government_urban
DC_54_29_AGL.h5,data\GAMUS\heights\train\DC_54_29_AGL.h5,GAMUS,DC,54_29,train,heights,government_urban
DC_54_30_AGL.h5,data\GAMUS\heights\train\DC_54_30_AGL.h5,GAMUS,DC,54_30,train,heights,government_urban
DC_54_33_AGL.h5,data\GAMUS\heights\train\DC_54_33_AGL.h5,GAMUS,DC,54_33,train,heights,government_urban
DC_54_39_AGL.h5,data\GAMUS\heights\train\DC_54_39_AGL.h5,GAMUS,DC,54_39,train,heights,government_urban
DC_54_41_AGL.h5,data\GAMUS\heights\train\DC_54_41_AGL.h5,GAMUS,DC,54_41,train,heights,government_urban
DC_54_43_AGL.h5,data\GAMUS\heights\train\DC_54_43_AGL.h5,GAMUS,DC,54_43,train,heights,government_urban
DC_54_44_AGL.h5,data\GAMUS\heights\train\DC_54_44_AGL.h5,GAMUS,DC,54_44,train,heights,government_urban
DC_54_45_AGL.h5,data\GAMUS\heights\train\DC_54_45_AGL.h5,GAMUS,DC,54_45,train,heights,government_urban
DC_54_49_AGL.h5,data\GAMUS\heights\train\DC_54_49_AGL.h5,GAMUS,DC,54_49,train,heights,government_urban
DC_54_50_AGL.h5,data\GAMUS\heights\train\DC_54_50_AGL.h5,GAMUS,DC,54_50,train,heights,government_urban
DC_54_51_AGL.h5,data\GAMUS\heights\train\DC_54_51_AGL.h5,GAMUS,DC,54_51,train,heights,government_urban
DC_54_53_AGL.h5,data\GAMUS\heights\train\DC_54_53_AGL.h5,GAMUS,DC,54_53,train,heights,government_urban
DC_54_55_AGL.h5,data\GAMUS\heights\train\DC_54_55_AGL.h5,GAMUS,DC,54_55,train,heights,government_urban
DC_54_56_AGL.h5,data\GAMUS\heights\train\DC_54_56_AGL.h5,GAMUS,DC,54_56,train,heights,government_urban
DC_54_57_AGL.h5,data\GAMUS\heights\train\DC_54_57_AGL.h5,GAMUS,DC,54_57,train,heights,government_urban
DC_55_26_AGL.h5,data\GAMUS\heights\train\DC_55_26_AGL.h5,GAMUS,DC,55_26,train,heights,government_urban
DC_55_30_AGL.h5,data\GAMUS\heights\train\DC_55_30_AGL.h5,GAMUS,DC,55_30,train,heights,government_urban
DC_55_33_AGL.h5,data\GAMUS\heights\train\DC_55_33_AGL.h5,GAMUS,DC,55_33,train,heights,government_urban
DC_55_37_AGL.h5,data\GAMUS\heights\train\DC_55_37_AGL.h5,GAMUS,DC,55_37,train,heights,government_urban
DC_55_38_AGL.h5,data\GAMUS\heights\train\DC_55_38_AGL.h5,GAMUS,DC,55_38,train,heights,government_urban
DC_55_40_AGL.h5,data\GAMUS\heights\train\DC_55_40_AGL.h5,GAMUS,DC,55_40,train,heights,government_urban
DC_55_41_AGL.h5,data\GAMUS\heights\train\DC_55_41_AGL.h5,GAMUS,DC,55_41,train,heights,government_urban
DC_55_43_AGL.h5,data\GAMUS\heights\train\DC_55_43_AGL.h5,GAMUS,DC,55_43,train,heights,government_urban
DC_55_44_AGL.h5,data\GAMUS\heights\train\DC_55_44_AGL.h5,GAMUS,DC,55_44,train,heights,government_urban
DC_55_45_AGL.h5,data\GAMUS\heights\train\DC_55_45_AGL.h5,GAMUS,DC,55_45,train,heights,government_urban
DC_55_47_AGL.h5,data\GAMUS\heights\train\DC_55_47_AGL.h5,GAMUS,DC,55_47,train,heights,government_urban
DC_55_48_AGL.h5,data\GAMUS\heights\train\DC_55_48_AGL.h5,GAMUS,DC,55_48,train,heights,government_urban
DC_55_49_AGL.h5,data\GAMUS\heights\train\DC_55_49_AGL.h5,GAMUS,DC,55_49,train,heights,government_urban
DC_55_51_AGL.h5,data\GAMUS\heights\train\DC_55_51_AGL.h5,GAMUS,DC,55_51,train,heights,government_urban
DC_55_52_AGL.h5,data\GAMUS\heights\train\DC_55_52_AGL.h5,GAMUS,DC,55_52,train,heights,government_urban
DC_55_53_AGL.h5,data\GAMUS\heights\train\DC_55_53_AGL.h5,GAMUS,DC,55_53,train,heights,government_urban
DC_55_54_AGL.h5,data\GAMUS\heights\train\DC_55_54_AGL.h5,GAMUS,DC,55_54,train,heights,government_urban
DC_56_30_AGL.h5,data\GAMUS\heights\train\DC_56_30_AGL.h5,GAMUS,DC,56_30,train,heights,government_urban
DC_56_31_AGL.h5,data\GAMUS\heights\train\DC_56_31_AGL.h5,GAMUS,DC,56_31,train,heights,government_urban
DC_56_33_AGL.h5,data\GAMUS\heights\train\DC_56_33_AGL.h5,GAMUS,DC,56_33,train,heights,government_urban
DC_56_36_AGL.h5,data\GAMUS\heights\train\DC_56_36_AGL.h5,GAMUS,DC,56_36,train,heights,government_urban
DC_56_39_AGL.h5,data\GAMUS\heights\train\DC_56_39_AGL.h5,GAMUS,DC,56_39,train,heights,government_urban
DC_56_40_AGL.h5,data\GAMUS\heights\train\DC_56_40_AGL.h5,GAMUS,DC,56_40,train,heights,government_urban
DC_56_41_AGL.h5,data\GAMUS\heights\train\DC_56_41_AGL.h5,GAMUS,DC,56_41,train,heights,government_urban
DC_56_43_AGL.h5,data\GAMUS\heights\train\DC_56_43_AGL.h5,GAMUS,DC,56_43,train,heights,government_urban
DC_56_44_AGL.h5,data\GAMUS\heights\train\DC_56_44_AGL.h5,GAMUS,DC,56_44,train,heights,government_urban
DC_56_48_AGL.h5,data\GAMUS\heights\train\DC_56_48_AGL.h5,GAMUS,DC,56_48,train,heights,government_urban
DC_56_49_AGL.h5,data\GAMUS\heights\train\DC_56_49_AGL.h5,GAMUS,DC,56_49,train,heights,government_urban
DC_56_50_AGL.h5,data\GAMUS\heights\train\DC_56_50_AGL.h5,GAMUS,DC,56_50,train,heights,government_urban
DC_56_52_AGL.h5,data\GAMUS\heights\train\DC_56_52_AGL.h5,GAMUS,DC,56_52,train,heights,government_urban
DC_56_54_AGL.h5,data\GAMUS\heights\train\DC_56_54_AGL.h5,GAMUS,DC,56_54,train,heights,government_urban
DC_57_31_AGL.h5,data\GAMUS\heights\train\DC_57_31_AGL.h5,GAMUS,DC,57_31,train,heights,government_urban
DC_57_35_AGL.h5,data\GAMUS\heights\train\DC_57_35_AGL.h5,GAMUS,DC,57_35,train,heights,government_urban
DC_57_37_AGL.h5,data\GAMUS\heights\train\DC_57_37_AGL.h5,GAMUS,DC,57_37,train,heights,government_urban
DC_57_38_AGL.h5,data\GAMUS\heights\train\DC_57_38_AGL.h5,GAMUS,DC,57_38,train,heights,government_urban
DC_57_39_AGL.h5,data\GAMUS\heights\train\DC_57_39_AGL.h5,GAMUS,DC,57_39,train,heights,government_urban
DC_57_40_AGL.h5,data\GAMUS\heights\train\DC_57_40_AGL.h5,GAMUS,DC,57_40,train,heights,government_urban
DC_57_41_AGL.h5,data\GAMUS\heights\train\DC_57_41_AGL.h5,GAMUS,DC,57_41,train,heights,government_urban
DC_57_42_AGL.h5,data\GAMUS\heights\train\DC_57_42_AGL.h5,GAMUS,DC,57_42,train,heights,government_urban
DC_57_44_AGL.h5,data\GAMUS\heights\train\DC_57_44_AGL.h5,GAMUS,DC,57_44,train,heights,government_urban
DC_57_45_AGL.h5,data\GAMUS\heights\train\DC_57_45_AGL.h5,GAMUS,DC,57_45,train,heights,government_urban
DC_57_47_AGL.h5,data\GAMUS\heights\train\DC_57_47_AGL.h5,GAMUS,DC,57_47,train,heights,government_urban
DC_57_49_AGL.h5,data\GAMUS\heights\train\DC_57_49_AGL.h5,GAMUS,DC,57_49,train,heights,government_urban
DC_57_52_AGL.h5,data\GAMUS\heights\train\DC_57_52_AGL.h5,GAMUS,DC,57_52,train,heights,government_urban
DC_58_34_AGL.h5,data\GAMUS\heights\train\DC_58_34_AGL.h5,GAMUS,DC,58_34,train,heights,government_urban
DC_58_35_AGL.h5,data\GAMUS\heights\train\DC_58_35_AGL.h5,GAMUS,DC,58_35,train,heights,government_urban
DC_58_36_AGL.h5,data\GAMUS\heights\train\DC_58_36_AGL.h5,GAMUS,DC,58_36,train,heights,government_urban
DC_58_40_AGL.h5,data\GAMUS\heights\train\DC_58_40_AGL.h5,GAMUS,DC,58_40,train,heights,government_urban
DC_58_41_AGL.h5,data\GAMUS\heights\train\DC_58_41_AGL.h5,GAMUS,DC,58_41,train,heights,government_urban
DC_58_42_AGL.h5,data\GAMUS\heights\train\DC_58_42_AGL.h5,GAMUS,DC,58_42,train,heights,government_urban
DC_58_47_AGL.h5,data\GAMUS\heights\train\DC_58_47_AGL.h5,GAMUS,DC,58_47,train,heights,government_urban
DC_58_48_AGL.h5,data\GAMUS\heights\train\DC_58_48_AGL.h5,GAMUS,DC,58_48,train,heights,government_urban
DC_58_50_AGL.h5,data\GAMUS\heights\train\DC_58_50_AGL.h5,GAMUS,DC,58_50,train,heights,government_urban
DC_58_52_AGL.h5,data\GAMUS\heights\train\DC_58_52_AGL.h5,GAMUS,DC,58_52,train,heights,government_urban
DC_59_34_AGL.h5,data\GAMUS\heights\train\DC_59_34_AGL.h5,GAMUS,DC,59_34,train,heights,government_urban
DC_59_35_AGL.h5,data\GAMUS\heights\train\DC_59_35_AGL.h5,GAMUS,DC,59_35,train,heights,government_urban
DC_59_37_AGL.h5,data\GAMUS\heights\train\DC_59_37_AGL.h5,GAMUS,DC,59_37,train,heights,government_urban
DC_59_38_AGL.h5,data\GAMUS\heights\train\DC_59_38_AGL.h5,GAMUS,DC,59_38,train,heights,government_urban
DC_59_39_AGL.h5,data\GAMUS\heights\train\DC_59_39_AGL.h5,GAMUS,DC,59_39,train,heights,government_urban
DC_59_40_AGL.h5,data\GAMUS\heights\train\DC_59_40_AGL.h5,GAMUS,DC,59_40,train,heights,government_urban
DC_59_41_AGL.h5,data\GAMUS\heights\train\DC_59_41_AGL.h5,GAMUS,DC,59_41,train,heights,government_urban
DC_59_42_AGL.h5,data\GAMUS\heights\train\DC_59_42_AGL.h5,GAMUS,DC,59_42,train,heights,government_urban
DC_59_43_AGL.h5,data\GAMUS\heights\train\DC_59_43_AGL.h5,GAMUS,DC,59_43,train,heights,government_urban
DC_59_44_AGL.h5,data\GAMUS\heights\train\DC_59_44_AGL.h5,GAMUS,DC,59_44,train,heights,government_urban
DC_59_45_AGL.h5,data\GAMUS\heights\train\DC_59_45_AGL.h5,GAMUS,DC,59_45,train,heights,government_urban
DC_59_47_AGL.h5,data\GAMUS\heights\train\DC_59_47_AGL.h5,GAMUS,DC,59_47,train,heights,government_urban
DC_59_48_AGL.h5,data\GAMUS\heights\train\DC_59_48_AGL.h5,GAMUS,DC,59_48,train,heights,government_urban
DC_59_49_AGL.h5,data\GAMUS\heights\train\DC_59_49_AGL.h5,GAMUS,DC,59_49,train,heights,government_urban
DC_59_50_AGL.h5,data\GAMUS\heights\train\DC_59_50_AGL.h5,GAMUS,DC,59_50,train,heights,government_urban
DC_59_51_AGL.h5,data\GAMUS\heights\train\DC_59_51_AGL.h5,GAMUS,DC,59_51,train,heights,government_urban
DC_60_33_AGL.h5,data\GAMUS\heights\train\DC_60_33_AGL.h5,GAMUS,DC,60_33,train,heights,government_urban
DC_60_35_AGL.h5,data\GAMUS\heights\train\DC_60_35_AGL.h5,GAMUS,DC,60_35,train,heights,government_urban
DC_60_36_AGL.h5,data\GAMUS\heights\train\DC_60_36_AGL.h5,GAMUS,DC,60_36,train,heights,government_urban
DC_60_37_AGL.h5,data\GAMUS\heights\train\DC_60_37_AGL.h5,GAMUS,DC,60_37,train,heights,government_urban
DC_60_38_AGL.h5,data\GAMUS\heights\train\DC_60_38_AGL.h5,GAMUS,DC,60_38,train,heights,government_urban
DC_60_39_AGL.h5,data\GAMUS\heights\train\DC_60_39_AGL.h5,GAMUS,DC,60_39,train,heights,government_urban
DC_60_40_AGL.h5,data\GAMUS\heights\train\DC_60_40_AGL.h5,GAMUS,DC,60_40,train,heights,government_urban
DC_60_41_AGL.h5,data\GAMUS\heights\train\DC_60_41_AGL.h5,GAMUS,DC,60_41,train,heights,government_urban
DC_60_42_AGL.h5,data\GAMUS\heights\train\DC_60_42_AGL.h5,GAMUS,DC,60_42,train,heights,government_urban
DC_60_43_AGL.h5,data\GAMUS\heights\train\DC_60_43_AGL.h5,GAMUS,DC,60_43,train,heights,government_urban
DC_60_44_AGL.h5,data\GAMUS\heights\train\DC_60_44_AGL.h5,GAMUS,DC,60_44,train,heights,government_urban
DC_60_46_AGL.h5,data\GAMUS\heights\train\DC_60_46_AGL.h5,GAMUS,DC,60_46,train,heights,government_urban
DC_60_47_AGL.h5,data\GAMUS\heights\train\DC_60_47_AGL.h5,GAMUS,DC,60_47,train,heights,government_urban
DC_60_50_AGL.h5,data\GAMUS\heights\train\DC_60_50_AGL.h5,GAMUS,DC,60_50,train,heights,government_urban
DC_60_51_AGL.h5,data\GAMUS\heights\train\DC_60_51_AGL.h5,GAMUS,DC,60_51,train,heights,government_urban
DC_61_34_AGL.h5,data\GAMUS\heights\train\DC_61_34_AGL.h5,GAMUS,DC,61_34,train,heights,government_urban
DC_61_35_AGL.h5,data\GAMUS\heights\train\DC_61_35_AGL.h5,GAMUS,DC,61_35,train,heights,government_urban
DC_61_36_AGL.h5,data\GAMUS\heights\train\DC_61_36_AGL.h5,GAMUS,DC,61_36,train,heights,government_urban
DC_61_37_AGL.h5,data\GAMUS\heights\train\DC_61_37_AGL.h5,GAMUS,DC,61_37,train,heights,government_urban
DC_61_38_AGL.h5,data\GAMUS\heights\train\DC_61_38_AGL.h5,GAMUS,DC,61_38,train,heights,government_urban
DC_61_39_AGL.h5,data\GAMUS\heights\train\DC_61_39_AGL.h5,GAMUS,DC,61_39,train,heights,government_urban
DC_61_40_AGL.h5,data\GAMUS\heights\train\DC_61_40_AGL.h5,GAMUS,DC,61_40,train,heights,government_urban
DC_61_41_AGL.h5,data\GAMUS\heights\train\DC_61_41_AGL.h5,GAMUS,DC,61_41,train,heights,government_urban
DC_61_42_AGL.h5,data\GAMUS\heights\train\DC_61_42_AGL.h5,GAMUS,DC,61_42,train,heights,government_urban
DC_61_43_AGL.h5,data\GAMUS\heights\train\DC_61_43_AGL.h5,GAMUS,DC,61_43,train,heights,government_urban
DC_61_47_AGL.h5,data\GAMUS\heights\train\DC_61_47_AGL.h5,GAMUS,DC,61_47,train,heights,government_urban
DC_61_50_AGL.h5,data\GAMUS\heights\train\DC_61_50_AGL.h5,GAMUS,DC,61_50,train,heights,government_urban
DC_62_34_AGL.h5,data\GAMUS\heights\train\DC_62_34_AGL.h5,GAMUS,DC,62_34,train,heights,government_urban
DC_62_35_AGL.h5,data\GAMUS\heights\train\DC_62_35_AGL.h5,GAMUS,DC,62_35,train,heights,government_urban
DC_62_36_AGL.h5,data\GAMUS\heights\train\DC_62_36_AGL.h5,GAMUS,DC,62_36,train,heights,government_urban
DC_62_37_AGL.h5,data\GAMUS\heights\train\DC_62_37_AGL.h5,GAMUS,DC,62_37,train,heights,government_urban
DC_62_38_AGL.h5,data\GAMUS\heights\train\DC_62_38_AGL.h5,GAMUS,DC,62_38,train,heights,government_urban
DC_62_39_AGL.h5,data\GAMUS\heights\train\DC_62_39_AGL.h5,GAMUS,DC,62_39,train,heights,government_urban
DC_62_41_AGL.h5,data\GAMUS\heights\train\DC_62_41_AGL.h5,GAMUS,DC,62_41,train,heights,government_urban
DC_62_42_AGL.h5,data\GAMUS\heights\train\DC_62_42_AGL.h5,GAMUS,DC,62_42,train,heights,government_urban
DC_62_43_AGL.h5,data\GAMUS\heights\train\DC_62_43_AGL.h5,GAMUS,DC,62_43,train,heights,government_urban
DC_62_44_AGL.h5,data\GAMUS\heights\train\DC_62_44_AGL.h5,GAMUS,DC,62_44,train,heights,government_urban
DC_62_45_AGL.h5,data\GAMUS\heights\train\DC_62_45_AGL.h5,GAMUS,DC,62_45,train,heights,government_urban
DC_62_49_AGL.h5,data\GAMUS\heights\train\DC_62_49_AGL.h5,GAMUS,DC,62_49,train,heights,government_urban
DC_63_35_AGL.h5,data\GAMUS\heights\train\DC_63_35_AGL.h5,GAMUS,DC,63_35,train,heights,government_urban
DC_63_36_AGL.h5,data\GAMUS\heights\train\DC_63_36_AGL.h5,GAMUS,DC,63_36,train,heights,government_urban
DC_63_37_AGL.h5,data\GAMUS\heights\train\DC_63_37_AGL.h5,GAMUS,DC,63_37,train,heights,government_urban
DC_63_38_AGL.h5,data\GAMUS\heights\train\DC_63_38_AGL.h5,GAMUS,DC,63_38,train,heights,government_urban
DC_63_39_AGL.h5,data\GAMUS\heights\train\DC_63_39_AGL.h5,GAMUS,DC,63_39,train,heights,government_urban
DC_63_40_AGL.h5,data\GAMUS\heights\train\DC_63_40_AGL.h5,GAMUS,DC,63_40,train,heights,government_urban
DC_63_43_AGL.h5,data\GAMUS\heights\train\DC_63_43_AGL.h5,GAMUS,DC,63_43,train,heights,government_urban
DC_63_44_AGL.h5,data\GAMUS\heights\train\DC_63_44_AGL.h5,GAMUS,DC,63_44,train,heights,government_urban
DC_63_46_AGL.h5,data\GAMUS\heights\train\DC_63_46_AGL.h5,GAMUS,DC,63_46,train,heights,government_urban
DC_63_47_AGL.h5,data\GAMUS\heights\train\DC_63_47_AGL.h5,GAMUS,DC,63_47,train,heights,government_urban
DC_64_32_AGL.h5,data\GAMUS\heights\train\DC_64_32_AGL.h5,GAMUS,DC,64_32,train,heights,government_urban
DC_64_36_AGL.h5,data\GAMUS\heights\train\DC_64_36_AGL.h5,GAMUS,DC,64_36,train,heights,government_urban
DC_64_38_AGL.h5,data\GAMUS\heights\train\DC_64_38_AGL.h5,GAMUS,DC,64_38,train,heights,government_urban
DC_64_39_AGL.h5,data\GAMUS\heights\train\DC_64_39_AGL.h5,GAMUS,DC,64_39,train,heights,government_urban
DC_64_41_AGL.h5,data\GAMUS\heights\train\DC_64_41_AGL.h5,GAMUS,DC,64_41,train,heights,government_urban
DC_64_45_AGL.h5,data\GAMUS\heights\train\DC_64_45_AGL.h5,GAMUS,DC,64_45,train,heights,government_urban
DC_64_46_AGL.h5,data\GAMUS\heights\train\DC_64_46_AGL.h5,GAMUS,DC,64_46,train,heights,government_urban
DC_64_47_AGL.h5,data\GAMUS\heights\train\DC_64_47_AGL.h5,GAMUS,DC,64_47,train,heights,government_urban
DC_65_34_AGL.h5,data\GAMUS\heights\train\DC_65_34_AGL.h5,GAMUS,DC,65_34,train,heights,government_urban
DC_65_35_AGL.h5,data\GAMUS\heights\train\DC_65_35_AGL.h5,GAMUS,DC,65_35,train,heights,government_urban
DC_65_37_AGL.h5,data\GAMUS\heights\train\DC_65_37_AGL.h5,GAMUS,DC,65_37,train,heights,government_urban
DC_65_38_AGL.h5,data\GAMUS\heights\train\DC_65_38_AGL.h5,GAMUS,DC,65_38,train,heights,government_urban
DC_65_39_AGL.h5,data\GAMUS\heights\train\DC_65_39_AGL.h5,GAMUS,DC,65_39,train,heights,government_urban
DC_65_41_AGL.h5,data\GAMUS\heights\train\DC_65_41_AGL.h5,GAMUS,DC,65_41,train,heights,government_urban
DC_65_43_AGL.h5,data\GAMUS\heights\train\DC_65_43_AGL.h5,GAMUS,DC,65_43,train,heights,government_urban
DC_66_32_AGL.h5,data\GAMUS\heights\train\DC_66_32_AGL.h5,GAMUS,DC,66_32,train,heights,government_urban
DC_66_33_AGL.h5,data\GAMUS\heights\train\DC_66_33_AGL.h5,GAMUS,DC,66_33,train,heights,government_urban
DC_66_34_AGL.h5,data\GAMUS\heights\train\DC_66_34_AGL.h5,GAMUS,DC,66_34,train,heights,government_urban
DC_66_35_AGL.h5,data\GAMUS\heights\train\DC_66_35_AGL.h5,GAMUS,DC,66_35,train,heights,government_urban
DC_66_36_AGL.h5,data\GAMUS\heights\train\DC_66_36_AGL.h5,GAMUS,DC,66_36,train,heights,government_urban
DC_66_37_AGL.h5,data\GAMUS\heights\train\DC_66_37_AGL.h5,GAMUS,DC,66_37,train,heights,government_urban
DC_66_41_AGL.h5,data\GAMUS\heights\train\DC_66_41_AGL.h5,GAMUS,DC,66_41,train,heights,government_urban
DC_66_42_AGL.h5,data\GAMUS\heights\train\DC_66_42_AGL.h5,GAMUS,DC,66_42,train,heights,government_urban
DC_67_33_AGL.h5,data\GAMUS\heights\train\DC_67_33_AGL.h5,GAMUS,DC,67_33,train,heights,government_urban
DC_67_34_AGL.h5,data\GAMUS\heights\train\DC_67_34_AGL.h5,GAMUS,DC,67_34,train,heights,government_urban
DC_67_35_AGL.h5,data\GAMUS\heights\train\DC_67_35_AGL.h5,GAMUS,DC,67_35,train,heights,government_urban
DC_67_38_AGL.h5,data\GAMUS\heights\train\DC_67_38_AGL.h5,GAMUS,DC,67_38,train,heights,government_urban
DC_67_41_AGL.h5,data\GAMUS\heights\train\DC_67_41_AGL.h5,GAMUS,DC,67_41,train,heights,government_urban
DC_67_42_AGL.h5,data\GAMUS\heights\train\DC_67_42_AGL.h5,GAMUS,DC,67_42,train,heights,government_urban
DC_67_43_AGL.h5,data\GAMUS\heights\train\DC_67_43_AGL.h5,GAMUS,DC,67_43,train,heights,government_urban
DC_67_44_AGL.h5,data\GAMUS\heights\train\DC_67_44_AGL.h5,GAMUS,DC,67_44,train,heights,government_urban
DC_68_31_AGL.h5,data\GAMUS\heights\train\DC_68_31_AGL.h5,GAMUS,DC,68_31,train,heights,government_urban
DC_68_32_AGL.h5,data\GAMUS\heights\train\DC_68_32_AGL.h5,GAMUS,DC,68_32,train,heights,government_urban
DC_68_33_AGL.h5,data\GAMUS\heights\train\DC_68_33_AGL.h5,GAMUS,DC,68_33,train,heights,government_urban
DC_68_35_AGL.h5,data\GAMUS\heights\train\DC_68_35_AGL.h5,GAMUS,DC,68_35,train,heights,government_urban
DC_68_36_AGL.h5,data\GAMUS\heights\train\DC_68_36_AGL.h5,GAMUS,DC,68_36,train,heights,government_urban
DC_68_37_AGL.h5,data\GAMUS\heights\train\DC_68_37_AGL.h5,GAMUS,DC,68_37,train,heights,government_urban
DC_68_38_AGL.h5,data\GAMUS\heights\train\DC_68_38_AGL.h5,GAMUS,DC,68_38,train,heights,government_urban
DC_68_39_AGL.h5,data\GAMUS\heights\train\DC_68_39_AGL.h5,GAMUS,DC,68_39,train,heights,government_urban
DC_68_41_AGL.h5,data\GAMUS\heights\train\DC_68_41_AGL.h5,GAMUS,DC,68_41,train,heights,government_urban
DC_68_42_AGL.h5,data\GAMUS\heights\train\DC_68_42_AGL.h5,GAMUS,DC,68_42,train,heights,government_urban
DC_68_43_AGL.h5,data\GAMUS\heights\train\DC_68_43_AGL.h5,GAMUS,DC,68_43,train,heights,government_urban
DC_69_32_AGL.h5,data\GAMUS\heights\train\DC_69_32_AGL.h5,GAMUS,DC,69_32,train,heights,government_urban
DC_69_33_AGL.h5,data\GAMUS\heights\train\DC_69_33_AGL.h5,GAMUS,DC,69_33,train,heights,government_urban
DC_69_34_AGL.h5,data\GAMUS\heights\train\DC_69_34_AGL.h5,GAMUS,DC,69_34,train,heights,government_urban
DC_69_35_AGL.h5,data\GAMUS\heights\train\DC_69_35_AGL.h5,GAMUS,DC,69_35,train,heights,government_urban
DC_69_38_AGL.h5,data\GAMUS\heights\train\DC_69_38_AGL.h5,GAMUS,DC,69_38,train,heights,government_urban
DC_69_39_AGL.h5,data\GAMUS\heights\train\DC_69_39_AGL.h5,GAMUS,DC,69_39,train,heights,government_urban
DC_69_40_AGL.h5,data\GAMUS\heights\train\DC_69_40_AGL.h5,GAMUS,DC,69_40,train,heights,government_urban
DC_69_41_AGL.h5,data\GAMUS\heights\train\DC_69_41_AGL.h5,GAMUS,DC,69_41,train,heights,government_urban
DC_69_42_AGL.h5,data\GAMUS\heights\train\DC_69_42_AGL.h5,GAMUS,DC,69_42,train,heights,government_urban
DC_70_31_AGL.h5,data\GAMUS\heights\train\DC_70_31_AGL.h5,GAMUS,DC,70_31,train,heights,government_urban
DC_70_33_AGL.h5,data\GAMUS\heights\train\DC_70_33_AGL.h5,GAMUS,DC,70_33,train,heights,government_urban
DC_70_34_AGL.h5,data\GAMUS\heights\train\DC_70_34_AGL.h5,GAMUS,DC,70_34,train,heights,government_urban
DC_70_35_AGL.h5,data\GAMUS\heights\train\DC_70_35_AGL.h5,GAMUS,DC,70_35,train,heights,government_urban
DC_70_37_AGL.h5,data\GAMUS\heights\train\DC_70_37_AGL.h5,GAMUS,DC,70_37,train,heights,government_urban
DC_70_38_AGL.h5,data\GAMUS\heights\train\DC_70_38_AGL.h5,GAMUS,DC,70_38,train,heights,government_urban
DC_70_39_AGL.h5,data\GAMUS\heights\train\DC_70_39_AGL.h5,GAMUS,DC,70_39,train,heights,government_urban
DC_70_42_AGL.h5,data\GAMUS\heights\train\DC_70_42_AGL.h5,GAMUS,DC,70_42,train,heights,government_urban
DC_71_30_AGL.h5,data\GAMUS\heights\train\DC_71_30_AGL.h5,GAMUS,DC,71_30,train,heights,government_urban
DC_71_31_AGL.h5,data\GAMUS\heights\train\DC_71_31_AGL.h5,GAMUS,DC,71_31,train,heights,government_urban
DC_71_32_AGL.h5,data\GAMUS\heights\train\DC_71_32_AGL.h5,GAMUS,DC,71_32,train,heights,government_urban
DC_71_34_AGL.h5,data\GAMUS\heights\train\DC_71_34_AGL.h5,GAMUS,DC,71_34,train,heights,government_urban
DC_71_35_AGL.h5,data\GAMUS\heights\train\DC_71_35_AGL.h5,GAMUS,DC,71_35,train,heights,government_urban
DC_71_36_AGL.h5,data\GAMUS\heights\train\DC_71_36_AGL.h5,GAMUS,DC,71_36,train,heights,government_urban
DC_71_37_AGL.h5,data\GAMUS\heights\train\DC_71_37_AGL.h5,GAMUS,DC,71_37,train,heights,government_urban
DC_71_38_AGL.h5,data\GAMUS\heights\train\DC_71_38_AGL.h5,GAMUS,DC,71_38,train,heights,government_urban
DC_71_39_AGL.h5,data\GAMUS\heights\train\DC_71_39_AGL.h5,GAMUS,DC,71_39,train,heights,government_urban
DC_71_40_AGL.h5,data\GAMUS\heights\train\DC_71_40_AGL.h5,GAMUS,DC,71_40,train,heights,government_urban
DC_72_31_AGL.h5,data\GAMUS\heights\train\DC_72_31_AGL.h5,GAMUS,DC,72_31,train,heights,government_urban
DC_72_34_AGL.h5,data\GAMUS\heights\train\DC_72_34_AGL.h5,GAMUS,DC,72_34,train,heights,government_urban
DC_72_35_AGL.h5,data\GAMUS\heights\train\DC_72_35_AGL.h5,GAMUS,DC,72_35,train,heights,government_urban
DC_72_36_AGL.h5,data\GAMUS\heights\train\DC_72_36_AGL.h5,GAMUS,DC,72_36,train,heights,government_urban
DC_72_38_AGL.h5,data\GAMUS\heights\train\DC_72_38_AGL.h5,GAMUS,DC,72_38,train,heights,government_urban
DC_73_33_AGL.h5,data\GAMUS\heights\train\DC_73_33_AGL.h5,GAMUS,DC,73_33,train,heights,government_urban
DC_73_34_AGL.h5,data\GAMUS\heights\train\DC_73_34_AGL.h5,GAMUS,DC,73_34,train,heights,government_urban
DC_73_35_AGL.h5,data\GAMUS\heights\train\DC_73_35_AGL.h5,GAMUS,DC,73_35,train,heights,government_urban
DC_73_36_AGL.h5,data\GAMUS\heights\train\DC_73_36_AGL.h5,GAMUS,DC,73_36,train,heights,government_urban
DC_73_37_AGL.h5,data\GAMUS\heights\train\DC_73_37_AGL.h5,GAMUS,DC,73_37,train,heights,government_urban
DC_74_32_AGL.h5,data\GAMUS\heights\train\DC_74_32_AGL.h5,GAMUS,DC,74_32,train,heights,government_urban
DC_74_34_AGL.h5,data\GAMUS\heights\train\DC_74_34_AGL.h5,GAMUS,DC,74_34,train,heights,government_urban
DC_74_35_AGL.h5,data\GAMUS\heights\train\DC_74_35_AGL.h5,GAMUS,DC,74_35,train,heights,government_urban
DC_74_36_AGL.h5,data\GAMUS\heights\train\DC_74_36_AGL.h5,GAMUS,DC,74_36,train,heights,government_urban
DC_75_31_AGL.h5,data\GAMUS\heights\train\DC_75_31_AGL.h5,GAMUS,DC,75_31,train,heights,government_urban
DC_75_32_AGL.h5,data\GAMUS\heights\train\DC_75_32_AGL.h5,GAMUS,DC,75_32,train,heights,government_urban
DC_75_35_AGL.h5,data\GAMUS\heights\train\DC_75_35_AGL.h5,GAMUS,DC,75_35,train,heights,government_urban
DC_76_31_AGL.h5,data\GAMUS\heights\train\DC_76_31_AGL.h5,GAMUS,DC,76_31,train,heights,government_urban
DC_76_33_AGL.h5,data\GAMUS\heights\train\DC_76_33_AGL.h5,GAMUS,DC,76_33,train,heights,government_urban
DC_76_34_AGL.h5,data\GAMUS\heights\train\DC_76_34_AGL.h5,GAMUS,DC,76_34,train,heights,government_urban
DC_77_30_AGL.h5,data\GAMUS\heights\train\DC_77_30_AGL.h5,GAMUS,DC,77_30,train,heights,government_urban
DC_77_31_AGL.h5,data\GAMUS\heights\train\DC_77_31_AGL.h5,GAMUS,DC,77_31,train,heights,government_urban
DC_77_32_AGL.h5,data\GAMUS\heights\train\DC_77_32_AGL.h5,GAMUS,DC,77_32,train,heights,government_urban
DC_02_26_AGL.h5,data\GAMUS\heights\val\DC_02_26_AGL.h5,GAMUS,DC,02_26,val,heights,government_urban
DC_04_23_AGL.h5,data\GAMUS\heights\val\DC_04_23_AGL.h5,GAMUS,DC,04_23,val,heights,government_urban
DC_04_27_AGL.h5,data\GAMUS\heights\val\DC_04_27_AGL.h5,GAMUS,DC,04_27,val,heights,government_urban
DC_08_31_AGL.h5,data\GAMUS\heights\val\DC_08_31_AGL.h5,GAMUS,DC,08_31,val,heights,government_urban
DC_09_33_AGL.h5,data\GAMUS\heights\val\DC_09_33_AGL.h5,GAMUS,DC,09_33,val,heights,government_urban
DC_10_30_AGL.h5,data\GAMUS\heights\val\DC_10_30_AGL.h5,GAMUS,DC,10_30,val,heights,government_urban
DC_11_16_AGL.h5,data\GAMUS\heights\val\DC_11_16_AGL.h5,GAMUS,DC,11_16,val,heights,government_urban
DC_11_33_AGL.h5,data\GAMUS\heights\val\DC_11_33_AGL.h5,GAMUS,DC,11_33,val,heights,government_urban
DC_11_34_AGL.h5,data\GAMUS\heights\val\DC_11_34_AGL.h5,GAMUS,DC,11_34,val,heights,government_urban
DC_12_17_AGL.h5,data\GAMUS\heights\val\DC_12_17_AGL.h5,GAMUS,DC,12_17,val,heights,government_urban
DC_12_27_AGL.h5,data\GAMUS\heights\val\DC_12_27_AGL.h5,GAMUS,DC,12_27,val,heights,government_urban
DC_13_14_AGL.h5,data\GAMUS\heights\val\DC_13_14_AGL.h5,GAMUS,DC,13_14,val,heights,government_urban
DC_13_15_AGL.h5,data\GAMUS\heights\val\DC_13_15_AGL.h5,GAMUS,DC,13_15,val,heights,government_urban
DC_13_17_AGL.h5,data\GAMUS\heights\val\DC_13_17_AGL.h5,GAMUS,DC,13_17,val,heights,government_urban
DC_13_28_AGL.h5,data\GAMUS\heights\val\DC_13_28_AGL.h5,GAMUS,DC,13_28,val,heights,government_urban
DC_13_34_AGL.h5,data\GAMUS\heights\val\DC_13_34_AGL.h5,GAMUS,DC,13_34,val,heights,government_urban
DC_14_21_AGL.h5,data\GAMUS\heights\val\DC_14_21_AGL.h5,GAMUS,DC,14_21,val,heights,government_urban
DC_14_24_AGL.h5,data\GAMUS\heights\val\DC_14_24_AGL.h5,GAMUS,DC,14_24,val,heights,government_urban
DC_14_32_AGL.h5,data\GAMUS\heights\val\DC_14_32_AGL.h5,GAMUS,DC,14_32,val,heights,government_urban
DC_14_35_AGL.h5,data\GAMUS\heights\val\DC_14_35_AGL.h5,GAMUS,DC,14_35,val,heights,government_urban
DC_15_13_AGL.h5,data\GAMUS\heights\val\DC_15_13_AGL.h5,GAMUS,DC,15_13,val,heights,government_urban
DC_15_15_AGL.h5,data\GAMUS\heights\val\DC_15_15_AGL.h5,GAMUS,DC,15_15,val,heights,government_urban
DC_15_17_AGL.h5,data\GAMUS\heights\val\DC_15_17_AGL.h5,GAMUS,DC,15_17,val,heights,government_urban
DC_15_20_AGL.h5,data\GAMUS\heights\val\DC_15_20_AGL.h5,GAMUS,DC,15_20,val,heights,government_urban
DC_15_23_AGL.h5,data\GAMUS\heights\val\DC_15_23_AGL.h5,GAMUS,DC,15_23,val,heights,government_urban
DC_15_39_AGL.h5,data\GAMUS\heights\val\DC_15_39_AGL.h5,GAMUS,DC,15_39,val,heights,government_urban
DC_15_40_AGL.h5,data\GAMUS\heights\val\DC_15_40_AGL.h5,GAMUS,DC,15_40,val,heights,government_urban
DC_16_14_AGL.h5,data\GAMUS\heights\val\DC_16_14_AGL.h5,GAMUS,DC,16_14,val,heights,government_urban
DC_16_15_AGL.h5,data\GAMUS\heights\val\DC_16_15_AGL.h5,GAMUS,DC,16_15,val,heights,government_urban
DC_16_21_AGL.h5,data\GAMUS\heights\val\DC_16_21_AGL.h5,GAMUS,DC,16_21,val,heights,government_urban
DC_16_28_AGL.h5,data\GAMUS\heights\val\DC_16_28_AGL.h5,GAMUS,DC,16_28,val,heights,government_urban
DC_16_33_AGL.h5,data\GAMUS\heights\val\DC_16_33_AGL.h5,GAMUS,DC,16_33,val,heights,government_urban
DC_16_37_AGL.h5,data\GAMUS\heights\val\DC_16_37_AGL.h5,GAMUS,DC,16_37,val,heights,government_urban
DC_17_20_AGL.h5,data\GAMUS\heights\val\DC_17_20_AGL.h5,GAMUS,DC,17_20,val,heights,government_urban
DC_17_36_AGL.h5,data\GAMUS\heights\val\DC_17_36_AGL.h5,GAMUS,DC,17_36,val,heights,government_urban
DC_17_37_AGL.h5,data\GAMUS\heights\val\DC_17_37_AGL.h5,GAMUS,DC,17_37,val,heights,government_urban
DC_17_38_AGL.h5,data\GAMUS\heights\val\DC_17_38_AGL.h5,GAMUS,DC,17_38,val,heights,government_urban
DC_18_13_AGL.h5,data\GAMUS\heights\val\DC_18_13_AGL.h5,GAMUS,DC,18_13,val,heights,government_urban
DC_18_17_AGL.h5,data\GAMUS\heights\val\DC_18_17_AGL.h5,GAMUS,DC,18_17,val,heights,government_urban
DC_18_24_AGL.h5,data\GAMUS\heights\val\DC_18_24_AGL.h5,GAMUS,DC,18_24,val,heights,government_urban
DC_18_28_AGL.h5,data\GAMUS\heights\val\DC_18_28_AGL.h5,GAMUS,DC,18_28,val,heights,government_urban
DC_18_39_AGL.h5,data\GAMUS\heights\val\DC_18_39_AGL.h5,GAMUS,DC,18_39,val,heights,government_urban
DC_18_43_AGL.h5,data\GAMUS\heights\val\DC_18_43_AGL.h5,GAMUS,DC,18_43,val,heights,government_urban
DC_19_16_AGL.h5,data\GAMUS\heights\val\DC_19_16_AGL.h5,GAMUS,DC,19_16,val,heights,government_urban
DC_19_21_AGL.h5,data\GAMUS\heights\val\DC_19_21_AGL.h5,GAMUS,DC,19_21,val,heights,government_urban
DC_19_26_AGL.h5,data\GAMUS\heights\val\DC_19_26_AGL.h5,GAMUS,DC,19_26,val,heights,government_urban
DC_19_27_AGL.h5,data\GAMUS\heights\val\DC_19_27_AGL.h5,GAMUS,DC,19_27,val,heights,government_urban
DC_19_42_AGL.h5,data\GAMUS\heights\val\DC_19_42_AGL.h5,GAMUS,DC,19_42,val,heights,government_urban
DC_20_07_AGL.h5,data\GAMUS\heights\val\DC_20_07_AGL.h5,GAMUS,DC,20_07,val,heights,government_urban
DC_20_09_AGL.h5,data\GAMUS\heights\val\DC_20_09_AGL.h5,GAMUS,DC,20_09,val,heights,government_urban
DC_20_13_AGL.h5,data\GAMUS\heights\val\DC_20_13_AGL.h5,GAMUS,DC,20_13,val,heights,government_urban
DC_20_14_AGL.h5,data\GAMUS\heights\val\DC_20_14_AGL.h5,GAMUS,DC,20_14,val,heights,government_urban
DC_20_18_AGL.h5,data\GAMUS\heights\val\DC_20_18_AGL.h5,GAMUS,DC,20_18,val,heights,government_urban
DC_20_19_AGL.h5,data\GAMUS\heights\val\DC_20_19_AGL.h5,GAMUS,DC,20_19,val,heights,government_urban
DC_20_29_AGL.h5,data\GAMUS\heights\val\DC_20_29_AGL.h5,GAMUS,DC,20_29,val,heights,government_urban
DC_20_33_AGL.h5,data\GAMUS\heights\val\DC_20_33_AGL.h5,GAMUS,DC,20_33,val,heights,government_urban
DC_20_36_AGL.h5,data\GAMUS\heights\val\DC_20_36_AGL.h5,GAMUS,DC,20_36,val,heights,government_urban
DC_21_07_AGL.h5,data\GAMUS\heights\val\DC_21_07_AGL.h5,GAMUS,DC,21_07,val,heights,government_urban
DC_21_11_AGL.h5,data\GAMUS\heights\val\DC_21_11_AGL.h5,GAMUS,DC,21_11,val,heights,government_urban
DC_21_16_AGL.h5,data\GAMUS\heights\val\DC_21_16_AGL.h5,GAMUS,DC,21_16,val,heights,government_urban
DC_21_24_AGL.h5,data\GAMUS\heights\val\DC_21_24_AGL.h5,GAMUS,DC,21_24,val,heights,government_urban
DC_21_27_AGL.h5,data\GAMUS\heights\val\DC_21_27_AGL.h5,GAMUS,DC,21_27,val,heights,government_urban
DC_21_29_AGL.h5,data\GAMUS\heights\val\DC_21_29_AGL.h5,GAMUS,DC,21_29,val,heights,government_urban
DC_21_32_AGL.h5,data\GAMUS\heights\val\DC_21_32_AGL.h5,GAMUS,DC,21_32,val,heights,government_urban
DC_21_33_AGL.h5,data\GAMUS\heights\val\DC_21_33_AGL.h5,GAMUS,DC,21_33,val,heights,government_urban
DC_21_40_AGL.h5,data\GAMUS\heights\val\DC_21_40_AGL.h5,GAMUS,DC,21_40,val,heights,government_urban
DC_22_07_AGL.h5,data\GAMUS\heights\val\DC_22_07_AGL.h5,GAMUS,DC,22_07,val,heights,government_urban
DC_22_14_AGL.h5,data\GAMUS\heights\val\DC_22_14_AGL.h5,GAMUS,DC,22_14,val,heights,government_urban
DC_22_18_AGL.h5,data\GAMUS\heights\val\DC_22_18_AGL.h5,GAMUS,DC,22_18,val,heights,government_urban
DC_22_24_AGL.h5,data\GAMUS\heights\val\DC_22_24_AGL.h5,GAMUS,DC,22_24,val,heights,government_urban
DC_22_25_AGL.h5,data\GAMUS\heights\val\DC_22_25_AGL.h5,GAMUS,DC,22_25,val,heights,government_urban
DC_22_26_AGL.h5,data\GAMUS\heights\val\DC_22_26_AGL.h5,GAMUS,DC,22_26,val,heights,government_urban
DC_22_32_AGL.h5,data\GAMUS\heights\val\DC_22_32_AGL.h5,GAMUS,DC,22_32,val,heights,government_urban
DC_22_42_AGL.h5,data\GAMUS\heights\val\DC_22_42_AGL.h5,GAMUS,DC,22_42,val,heights,government_urban
DC_23_06_AGL.h5,data\GAMUS\heights\val\DC_23_06_AGL.h5,GAMUS,DC,23_06,val,heights,government_urban
DC_23_09_AGL.h5,data\GAMUS\heights\val\DC_23_09_AGL.h5,GAMUS,DC,23_09,val,heights,government_urban
DC_23_21_AGL.h5,data\GAMUS\heights\val\DC_23_21_AGL.h5,GAMUS,DC,23_21,val,heights,government_urban
DC_23_24_AGL.h5,data\GAMUS\heights\val\DC_23_24_AGL.h5,GAMUS,DC,23_24,val,heights,government_urban
DC_23_25_AGL.h5,data\GAMUS\heights\val\DC_23_25_AGL.h5,GAMUS,DC,23_25,val,heights,government_urban
DC_23_45_AGL.h5,data\GAMUS\heights\val\DC_23_45_AGL.h5,GAMUS,DC,23_45,val,heights,government_urban
DC_24_09_AGL.h5,data\GAMUS\heights\val\DC_24_09_AGL.h5,GAMUS,DC,24_09,val,heights,government_urban
DC_24_23_AGL.h5,data\GAMUS\heights\val\DC_24_23_AGL.h5,GAMUS,DC,24_23,val,heights,government_urban
DC_24_26_AGL.h5,data\GAMUS\heights\val\DC_24_26_AGL.h5,GAMUS,DC,24_26,val,heights,government_urban
DC_24_29_AGL.h5,data\GAMUS\heights\val\DC_24_29_AGL.h5,GAMUS,DC,24_29,val,heights,government_urban
DC_25_02_AGL.h5,data\GAMUS\heights\val\DC_25_02_AGL.h5,GAMUS,DC,25_02,val,heights,government_urban
DC_25_09_AGL.h5,data\GAMUS\heights\val\DC_25_09_AGL.h5,GAMUS,DC,25_09,val,heights,government_urban
DC_25_15_AGL.h5,data\GAMUS\heights\val\DC_25_15_AGL.h5,GAMUS,DC,25_15,val,heights,government_urban
DC_25_27_AGL.h5,data\GAMUS\heights\val\DC_25_27_AGL.h5,GAMUS,DC,25_27,val,heights,government_urban
DC_25_28_AGL.h5,data\GAMUS\heights\val\DC_25_28_AGL.h5,GAMUS,DC,25_28,val,heights,government_urban
DC_25_36_AGL.h5,data\GAMUS\heights\val\DC_25_36_AGL.h5,GAMUS,DC,25_36,val,heights,government_urban
DC_26_05_AGL.h5,data\GAMUS\heights\val\DC_26_05_AGL.h5,GAMUS,DC,26_05,val,heights,government_urban
DC_26_13_AGL.h5,data\GAMUS\heights\val\DC_26_13_AGL.h5,GAMUS,DC,26_13,val,heights,government_urban
DC_26_20_AGL.h5,data\GAMUS\heights\val\DC_26_20_AGL.h5,GAMUS,DC,26_20,val,heights,government_urban
DC_26_35_AGL.h5,data\GAMUS\heights\val\DC_26_35_AGL.h5,GAMUS,DC,26_35,val,heights,government_urban
DC_26_36_AGL.h5,data\GAMUS\heights\val\DC_26_36_AGL.h5,GAMUS,DC,26_36,val,heights,government_urban
DC_26_45_AGL.h5,data\GAMUS\heights\val\DC_26_45_AGL.h5,GAMUS,DC,26_45,val,heights,government_urban
DC_26_47_AGL.h5,data\GAMUS\heights\val\DC_26_47_AGL.h5,GAMUS,DC,26_47,val,heights,government_urban
DC_27_02_AGL.h5,data\GAMUS\heights\val\DC_27_02_AGL.h5,GAMUS,DC,27_02,val,heights,government_urban
DC_27_03_AGL.h5,data\GAMUS\heights\val\DC_27_03_AGL.h5,GAMUS,DC,27_03,val,heights,government_urban
DC_27_10_AGL.h5,data\GAMUS\heights\val\DC_27_10_AGL.h5,GAMUS,DC,27_10,val,heights,government_urban
DC_27_16_AGL.h5,data\GAMUS\heights\val\DC_27_16_AGL.h5,GAMUS,DC,27_16,val,heights,government_urban
DC_27_25_AGL.h5,data\GAMUS\heights\val\DC_27_25_AGL.h5,GAMUS,DC,27_25,val,heights,government_urban
DC_27_30_AGL.h5,data\GAMUS\heights\val\DC_27_30_AGL.h5,GAMUS,DC,27_30,val,heights,government_urban
DC_27_31_AGL.h5,data\GAMUS\heights\val\DC_27_31_AGL.h5,GAMUS,DC,27_31,val,heights,government_urban
DC_27_32_AGL.h5,data\GAMUS\heights\val\DC_27_32_AGL.h5,GAMUS,DC,27_32,val,heights,government_urban
DC_27_37_AGL.h5,data\GAMUS\heights\val\DC_27_37_AGL.h5,GAMUS,DC,27_37,val,heights,government_urban
DC_27_41_AGL.h5,data\GAMUS\heights\val\DC_27_41_AGL.h5,GAMUS,DC,27_41,val,heights,government_urban
DC_27_48_AGL.h5,data\GAMUS\heights\val\DC_27_48_AGL.h5,GAMUS,DC,27_48,val,heights,government_urban
DC_27_49_AGL.h5,data\GAMUS\heights\val\DC_27_49_AGL.h5,GAMUS,DC,27_49,val,heights,government_urban
DC_28_06_AGL.h5,data\GAMUS\heights\val\DC_28_06_AGL.h5,GAMUS,DC,28_06,val,heights,government_urban
DC_28_07_AGL.h5,data\GAMUS\heights\val\DC_28_07_AGL.h5,GAMUS,DC,28_07,val,heights,government_urban
DC_28_10_AGL.h5,data\GAMUS\heights\val\DC_28_10_AGL.h5,GAMUS,DC,28_10,val,heights,government_urban
DC_28_12_AGL.h5,data\GAMUS\heights\val\DC_28_12_AGL.h5,GAMUS,DC,28_12,val,heights,government_urban
DC_28_21_AGL.h5,data\GAMUS\heights\val\DC_28_21_AGL.h5,GAMUS,DC,28_21,val,heights,government_urban
DC_28_25_AGL.h5,data\GAMUS\heights\val\DC_28_25_AGL.h5,GAMUS,DC,28_25,val,heights,government_urban
DC_28_31_AGL.h5,data\GAMUS\heights\val\DC_28_31_AGL.h5,GAMUS,DC,28_31,val,heights,government_urban
DC_28_32_AGL.h5,data\GAMUS\heights\val\DC_28_32_AGL.h5,GAMUS,DC,28_32,val,heights,government_urban
DC_28_47_AGL.h5,data\GAMUS\heights\val\DC_28_47_AGL.h5,GAMUS,DC,28_47,val,heights,government_urban
DC_29_02_AGL.h5,data\GAMUS\heights\val\DC_29_02_AGL.h5,GAMUS,DC,29_02,val,heights,government_urban
DC_29_06_AGL.h5,data\GAMUS\heights\val\DC_29_06_AGL.h5,GAMUS,DC,29_06,val,heights,government_urban
DC_29_07_AGL.h5,data\GAMUS\heights\val\DC_29_07_AGL.h5,GAMUS,DC,29_07,val,heights,government_urban
DC_29_10_AGL.h5,data\GAMUS\heights\val\DC_29_10_AGL.h5,GAMUS,DC,29_10,val,heights,government_urban
DC_29_15_AGL.h5,data\GAMUS\heights\val\DC_29_15_AGL.h5,GAMUS,DC,29_15,val,heights,government_urban
DC_29_23_AGL.h5,data\GAMUS\heights\val\DC_29_23_AGL.h5,GAMUS,DC,29_23,val,heights,government_urban
DC_29_31_AGL.h5,data\GAMUS\heights\val\DC_29_31_AGL.h5,GAMUS,DC,29_31,val,heights,government_urban
DC_30_15_AGL.h5,data\GAMUS\heights\val\DC_30_15_AGL.h5,GAMUS,DC,30_15,val,heights,government_urban
DC_30_16_AGL.h5,data\GAMUS\heights\val\DC_30_16_AGL.h5,GAMUS,DC,30_16,val,heights,government_urban
DC_30_18_AGL.h5,data\GAMUS\heights\val\DC_30_18_AGL.h5,GAMUS,DC,30_18,val,heights,government_urban
DC_30_30_AGL.h5,data\GAMUS\heights\val\DC_30_30_AGL.h5,GAMUS,DC,30_30,val,heights,government_urban
DC_30_32_AGL.h5,data\GAMUS\heights\val\DC_30_32_AGL.h5,GAMUS,DC,30_32,val,heights,government_urban
DC_30_34_AGL.h5,data\GAMUS\heights\val\DC_30_34_AGL.h5,GAMUS,DC,30_34,val,heights,government_urban
DC_30_37_AGL.h5,data\GAMUS\heights\val\DC_30_37_AGL.h5,GAMUS,DC,30_37,val,heights,government_urban
DC_30_40_AGL.h5,data\GAMUS\heights\val\DC_30_40_AGL.h5,GAMUS,DC,30_40,val,heights,government_urban
DC_30_52_AGL.h5,data\GAMUS\heights\val\DC_30_52_AGL.h5,GAMUS,DC,30_52,val,heights,government_urban
DC_31_03_AGL.h5,data\GAMUS\heights\val\DC_31_03_AGL.h5,GAMUS,DC,31_03,val,heights,government_urban
DC_31_07_AGL.h5,data\GAMUS\heights\val\DC_31_07_AGL.h5,GAMUS,DC,31_07,val,heights,government_urban
DC_31_15_AGL.h5,data\GAMUS\heights\val\DC_31_15_AGL.h5,GAMUS,DC,31_15,val,heights,government_urban
DC_31_20_AGL.h5,data\GAMUS\heights\val\DC_31_20_AGL.h5,GAMUS,DC,31_20,val,heights,government_urban
DC_31_21_AGL.h5,data\GAMUS\heights\val\DC_31_21_AGL.h5,GAMUS,DC,31_21,val,heights,government_urban
DC_31_42_AGL.h5,data\GAMUS\heights\val\DC_31_42_AGL.h5,GAMUS,DC,31_42,val,heights,government_urban
DC_31_43_AGL.h5,data\GAMUS\heights\val\DC_31_43_AGL.h5,GAMUS,DC,31_43,val,heights,government_urban
DC_31_51_AGL.h5,data\GAMUS\heights\val\DC_31_51_AGL.h5,GAMUS,DC,31_51,val,heights,government_urban
DC_32_09_AGL.h5,data\GAMUS\heights\val\DC_32_09_AGL.h5,GAMUS,DC,32_09,val,heights,government_urban
DC_32_12_AGL.h5,data\GAMUS\heights\val\DC_32_12_AGL.h5,GAMUS,DC,32_12,val,heights,government_urban
DC_32_21_AGL.h5,data\GAMUS\heights\val\DC_32_21_AGL.h5,GAMUS,DC,32_21,val,heights,government_urban
DC_32_35_AGL.h5,data\GAMUS\heights\val\DC_32_35_AGL.h5,GAMUS,DC,32_35,val,heights,government_urban
DC_32_40_AGL.h5,data\GAMUS\heights\val\DC_32_40_AGL.h5,GAMUS,DC,32_40,val,heights,government_urban
DC_32_43_AGL.h5,data\GAMUS\heights\val\DC_32_43_AGL.h5,GAMUS,DC,32_43,val,heights,government_urban
DC_32_47_AGL.h5,data\GAMUS\heights\val\DC_32_47_AGL.h5,GAMUS,DC,32_47,val,heights,government_urban
DC_32_53_AGL.h5,data\GAMUS\heights\val\DC_32_53_AGL.h5,GAMUS,DC,32_53,val,heights,government_urban
DC_33_19_AGL.h5,data\GAMUS\heights\val\DC_33_19_AGL.h5,GAMUS,DC,33_19,val,heights,government_urban
DC_33_22_AGL.h5,data\GAMUS\heights\val\DC_33_22_AGL.h5,GAMUS,DC,33_22,val,heights,government_urban
DC_33_26_AGL.h5,data\GAMUS\heights\val\DC_33_26_AGL.h5,GAMUS,DC,33_26,val,heights,government_urban
DC_33_27_AGL.h5,data\GAMUS\heights\val\DC_33_27_AGL.h5,GAMUS,DC,33_27,val,heights,government_urban
DC_33_40_AGL.h5,data\GAMUS\heights\val\DC_33_40_AGL.h5,GAMUS,DC,33_40,val,heights,government_urban
DC_33_41_AGL.h5,data\GAMUS\heights\val\DC_33_41_AGL.h5,GAMUS,DC,33_41,val,heights,government_urban
DC_33_52_AGL.h5,data\GAMUS\heights\val\DC_33_52_AGL.h5,GAMUS,DC,33_52,val,heights,government_urban
DC_34_11_AGL.h5,data\GAMUS\heights\val\DC_34_11_AGL.h5,GAMUS,DC,34_11,val,heights,government_urban
DC_34_12_AGL.h5,data\GAMUS\heights\val\DC_34_12_AGL.h5,GAMUS,DC,34_12,val,heights,government_urban
DC_34_22_AGL.h5,data\GAMUS\heights\val\DC_34_22_AGL.h5,GAMUS,DC,34_22,val,heights,government_urban
DC_34_28_AGL.h5,data\GAMUS\heights\val\DC_34_28_AGL.h5,GAMUS,DC,34_28,val,heights,government_urban
DC_34_33_AGL.h5,data\GAMUS\heights\val\DC_34_33_AGL.h5,GAMUS,DC,34_33,val,heights,government_urban
DC_34_36_AGL.h5,data\GAMUS\heights\val\DC_34_36_AGL.h5,GAMUS,DC,34_36,val,heights,government_urban
DC_34_38_AGL.h5,data\GAMUS\heights\val\DC_34_38_AGL.h5,GAMUS,DC,34_38,val,heights,government_urban
DC_34_41_AGL.h5,data\GAMUS\heights\val\DC_34_41_AGL.h5,GAMUS,DC,34_41,val,heights,government_urban
DC_34_45_AGL.h5,data\GAMUS\heights\val\DC_34_45_AGL.h5,GAMUS,DC,34_45,val,heights,government_urban
DC_35_09_AGL.h5,data\GAMUS\heights\val\DC_35_09_AGL.h5,GAMUS,DC,35_09,val,heights,government_urban
DC_35_10_AGL.h5,data\GAMUS\heights\val\DC_35_10_AGL.h5,GAMUS,DC,35_10,val,heights,government_urban
DC_35_20_AGL.h5,data\GAMUS\heights\val\DC_35_20_AGL.h5,GAMUS,DC,35_20,val,heights,government_urban
DC_35_34_AGL.h5,data\GAMUS\heights\val\DC_35_34_AGL.h5,GAMUS,DC,35_34,val,heights,government_urban
DC_35_44_AGL.h5,data\GAMUS\heights\val\DC_35_44_AGL.h5,GAMUS,DC,35_44,val,heights,government_urban
DC_35_47_AGL.h5,data\GAMUS\heights\val\DC_35_47_AGL.h5,GAMUS,DC,35_47,val,heights,government_urban
DC_36_07_AGL.h5,data\GAMUS\heights\val\DC_36_07_AGL.h5,GAMUS,DC,36_07,val,heights,government_urban
DC_36_20_AGL.h5,data\GAMUS\heights\val\DC_36_20_AGL.h5,GAMUS,DC,36_20,val,heights,government_urban
DC_36_36_AGL.h5,data\GAMUS\heights\val\DC_36_36_AGL.h5,GAMUS,DC,36_36,val,heights,government_urban
DC_36_45_AGL.h5,data\GAMUS\heights\val\DC_36_45_AGL.h5,GAMUS,DC,36_45,val,heights,government_urban
DC_36_58_AGL.h5,data\GAMUS\heights\val\DC_36_58_AGL.h5,GAMUS,DC,36_58,val,heights,government_urban
DC_37_10_AGL.h5,data\GAMUS\heights\val\DC_37_10_AGL.h5,GAMUS,DC,37_10,val,heights,government_urban
DC_37_14_AGL.h5,data\GAMUS\heights\val\DC_37_14_AGL.h5,GAMUS,DC,37_14,val,heights,government_urban
DC_37_26_AGL.h5,data\GAMUS\heights\val\DC_37_26_AGL.h5,GAMUS,DC,37_26,val,heights,government_urban
DC_37_29_AGL.h5,data\GAMUS\heights\val\DC_37_29_AGL.h5,GAMUS,DC,37_29,val,heights,government_urban
DC_37_41_AGL.h5,data\GAMUS\heights\val\DC_37_41_AGL.h5,GAMUS,DC,37_41,val,heights,government_urban
DC_37_42_AGL.h5,data\GAMUS\heights\val\DC_37_42_AGL.h5,GAMUS,DC,37_42,val,heights,government_urban
DC_37_44_AGL.h5,data\GAMUS\heights\val\DC_37_44_AGL.h5,GAMUS,DC,37_44,val,heights,government_urban
DC_37_59_AGL.h5,data\GAMUS\heights\val\DC_37_59_AGL.h5,GAMUS,DC,37_59,val,heights,government_urban
DC_38_11_AGL.h5,data\GAMUS\heights\val\DC_38_11_AGL.h5,GAMUS,DC,38_11,val,heights,government_urban
DC_38_12_AGL.h5,data\GAMUS\heights\val\DC_38_12_AGL.h5,GAMUS,DC,38_12,val,heights,government_urban
DC_38_27_AGL.h5,data\GAMUS\heights\val\DC_38_27_AGL.h5,GAMUS,DC,38_27,val,heights,government_urban
DC_38_35_AGL.h5,data\GAMUS\heights\val\DC_38_35_AGL.h5,GAMUS,DC,38_35,val,heights,government_urban
DC_38_44_AGL.h5,data\GAMUS\heights\val\DC_38_44_AGL.h5,GAMUS,DC,38_44,val,heights,government_urban
DC_38_45_AGL.h5,data\GAMUS\heights\val\DC_38_45_AGL.h5,GAMUS,DC,38_45,val,heights,government_urban
DC_38_51_AGL.h5,data\GAMUS\heights\val\DC_38_51_AGL.h5,GAMUS,DC,38_51,val,heights,government_urban
DC_38_52_AGL.h5,data\GAMUS\heights\val\DC_38_52_AGL.h5,GAMUS,DC,38_52,val,heights,government_urban
DC_38_59_AGL.h5,data\GAMUS\heights\val\DC_38_59_AGL.h5,GAMUS,DC,38_59,val,heights,government_urban
DC_39_22_AGL.h5,data\GAMUS\heights\val\DC_39_22_AGL.h5,GAMUS,DC,39_22,val,heights,government_urban
DC_39_32_AGL.h5,data\GAMUS\heights\val\DC_39_32_AGL.h5,GAMUS,DC,39_32,val,heights,government_urban
DC_39_34_AGL.h5,data\GAMUS\heights\val\DC_39_34_AGL.h5,GAMUS,DC,39_34,val,heights,government_urban
DC_39_36_AGL.h5,data\GAMUS\heights\val\DC_39_36_AGL.h5,GAMUS,DC,39_36,val,heights,government_urban
DC_39_45_AGL.h5,data\GAMUS\heights\val\DC_39_45_AGL.h5,GAMUS,DC,39_45,val,heights,government_urban
DC_39_53_AGL.h5,data\GAMUS\heights\val\DC_39_53_AGL.h5,GAMUS,DC,39_53,val,heights,government_urban
DC_39_56_AGL.h5,data\GAMUS\heights\val\DC_39_56_AGL.h5,GAMUS,DC,39_56,val,heights,government_urban
DC_40_29_AGL.h5,data\GAMUS\heights\val\DC_40_29_AGL.h5,GAMUS,DC,40_29,val,heights,government_urban
DC_40_34_AGL.h5,data\GAMUS\heights\val\DC_40_34_AGL.h5,GAMUS,DC,40_34,val,heights,government_urban
DC_40_40_AGL.h5,data\GAMUS\heights\val\DC_40_40_AGL.h5,GAMUS,DC,40_40,val,heights,government_urban
DC_40_41_AGL.h5,data\GAMUS\heights\val\DC_40_41_AGL.h5,GAMUS,DC,40_41,val,heights,government_urban
DC_40_46_AGL.h5,data\GAMUS\heights\val\DC_40_46_AGL.h5,GAMUS,DC,40_46,val,heights,government_urban
DC_40_62_AGL.h5,data\GAMUS\heights\val\DC_40_62_AGL.h5,GAMUS,DC,40_62,val,heights,government_urban
DC_40_64_AGL.h5,data\GAMUS\heights\val\DC_40_64_AGL.h5,GAMUS,DC,40_64,val,heights,government_urban
DC_41_23_AGL.h5,data\GAMUS\heights\val\DC_41_23_AGL.h5,GAMUS,DC,41_23,val,heights,government_urban
DC_41_26_AGL.h5,data\GAMUS\heights\val\DC_41_26_AGL.h5,GAMUS,DC,41_26,val,heights,government_urban
DC_41_27_AGL.h5,data\GAMUS\heights\val\DC_41_27_AGL.h5,GAMUS,DC,41_27,val,heights,government_urban
DC_41_42_AGL.h5,data\GAMUS\heights\val\DC_41_42_AGL.h5,GAMUS,DC,41_42,val,heights,government_urban
DC_41_54_AGL.h5,data\GAMUS\heights\val\DC_41_54_AGL.h5,GAMUS,DC,41_54,val,heights,government_urban
DC_41_56_AGL.h5,data\GAMUS\heights\val\DC_41_56_AGL.h5,GAMUS,DC,41_56,val,heights,government_urban
DC_41_60_AGL.h5,data\GAMUS\heights\val\DC_41_60_AGL.h5,GAMUS,DC,41_60,val,heights,government_urban
DC_42_26_AGL.h5,data\GAMUS\heights\val\DC_42_26_AGL.h5,GAMUS,DC,42_26,val,heights,government_urban
DC_42_27_AGL.h5,data\GAMUS\heights\val\DC_42_27_AGL.h5,GAMUS,DC,42_27,val,heights,government_urban
DC_42_28_AGL.h5,data\GAMUS\heights\val\DC_42_28_AGL.h5,GAMUS,DC,42_28,val,heights,government_urban
DC_42_29_AGL.h5,data\GAMUS\heights\val\DC_42_29_AGL.h5,GAMUS,DC,42_29,val,heights,government_urban
DC_42_36_AGL.h5,data\GAMUS\heights\val\DC_42_36_AGL.h5,GAMUS,DC,42_36,val,heights,government_urban
DC_42_37_AGL.h5,data\GAMUS\heights\val\DC_42_37_AGL.h5,GAMUS,DC,42_37,val,heights,government_urban
DC_42_43_AGL.h5,data\GAMUS\heights\val\DC_42_43_AGL.h5,GAMUS,DC,42_43,val,heights,government_urban
DC_42_44_AGL.h5,data\GAMUS\heights\val\DC_42_44_AGL.h5,GAMUS,DC,42_44,val,heights,government_urban
DC_42_60_AGL.h5,data\GAMUS\heights\val\DC_42_60_AGL.h5,GAMUS,DC,42_60,val,heights,government_urban
DC_42_63_AGL.h5,data\GAMUS\heights\val\DC_42_63_AGL.h5,GAMUS,DC,42_63,val,heights,government_urban
DC_43_24_AGL.h5,data\GAMUS\heights\val\DC_43_24_AGL.h5,GAMUS,DC,43_24,val,heights,government_urban
DC_43_32_AGL.h5,data\GAMUS\heights\val\DC_43_32_AGL.h5,GAMUS,DC,43_32,val,heights,government_urban
DC_43_45_AGL.h5,data\GAMUS\heights\val\DC_43_45_AGL.h5,GAMUS,DC,43_45,val,heights,government_urban
DC_43_47_AGL.h5,data\GAMUS\heights\val\DC_43_47_AGL.h5,GAMUS,DC,43_47,val,heights,government_urban
DC_43_49_AGL.h5,data\GAMUS\heights\val\DC_43_49_AGL.h5,GAMUS,DC,43_49,val,heights,government_urban
DC_43_50_AGL.h5,data\GAMUS\heights\val\DC_43_50_AGL.h5,GAMUS,DC,43_50,val,heights,government_urban
DC_43_52_AGL.h5,data\GAMUS\heights\val\DC_43_52_AGL.h5,GAMUS,DC,43_52,val,heights,government_urban
DC_43_59_AGL.h5,data\GAMUS\heights\val\DC_43_59_AGL.h5,GAMUS,DC,43_59,val,heights,government_urban
DC_43_65_AGL.h5,data\GAMUS\heights\val\DC_43_65_AGL.h5,GAMUS,DC,43_65,val,heights,government_urban
DC_43_67_AGL.h5,data\GAMUS\heights\val\DC_43_67_AGL.h5,GAMUS,DC,43_67,val,heights,government_urban
DC_44_24_AGL.h5,data\GAMUS\heights\val\DC_44_24_AGL.h5,GAMUS,DC,44_24,val,heights,government_urban
DC_44_25_AGL.h5,data\GAMUS\heights\val\DC_44_25_AGL.h5,GAMUS,DC,44_25,val,heights,government_urban
DC_44_28_AGL.h5,data\GAMUS\heights\val\DC_44_28_AGL.h5,GAMUS,DC,44_28,val,heights,government_urban
DC_44_36_AGL.h5,data\GAMUS\heights\val\DC_44_36_AGL.h5,GAMUS,DC,44_36,val,heights,government_urban
DC_44_37_AGL.h5,data\GAMUS\heights\val\DC_44_37_AGL.h5,GAMUS,DC,44_37,val,heights,government_urban
DC_44_43_AGL.h5,data\GAMUS\heights\val\DC_44_43_AGL.h5,GAMUS,DC,44_43,val,heights,government_urban
DC_44_48_AGL.h5,data\GAMUS\heights\val\DC_44_48_AGL.h5,GAMUS,DC,44_48,val,heights,government_urban
DC_44_55_AGL.h5,data\GAMUS\heights\val\DC_44_55_AGL.h5,GAMUS,DC,44_55,val,heights,government_urban
DC_44_61_AGL.h5,data\GAMUS\heights\val\DC_44_61_AGL.h5,GAMUS,DC,44_61,val,heights,government_urban
DC_45_37_AGL.h5,data\GAMUS\heights\val\DC_45_37_AGL.h5,GAMUS,DC,45_37,val,heights,government_urban
DC_45_43_AGL.h5,data\GAMUS\heights\val\DC_45_43_AGL.h5,GAMUS,DC,45_43,val,heights,government_urban
DC_45_44_AGL.h5,data\GAMUS\heights\val\DC_45_44_AGL.h5,GAMUS,DC,45_44,val,heights,government_urban
DC_45_55_AGL.h5,data\GAMUS\heights\val\DC_45_55_AGL.h5,GAMUS,DC,45_55,val,heights,government_urban
DC_45_57_AGL.h5,data\GAMUS\heights\val\DC_45_57_AGL.h5,GAMUS,DC,45_57,val,heights,government_urban
DC_45_58_AGL.h5,data\GAMUS\heights\val\DC_45_58_AGL.h5,GAMUS,DC,45_58,val,heights,government_urban
DC_45_62_AGL.h5,data\GAMUS\heights\val\DC_45_62_AGL.h5,GAMUS,DC,45_62,val,heights,government_urban
DC_46_27_AGL.h5,data\GAMUS\heights\val\DC_46_27_AGL.h5,GAMUS,DC,46_27,val,heights,government_urban
DC_46_29_AGL.h5,data\GAMUS\heights\val\DC_46_29_AGL.h5,GAMUS,DC,46_29,val,heights,government_urban
DC_46_32_AGL.h5,data\GAMUS\heights\val\DC_46_32_AGL.h5,GAMUS,DC,46_32,val,heights,government_urban
DC_46_34_AGL.h5,data\GAMUS\heights\val\DC_46_34_AGL.h5,GAMUS,DC,46_34,val,heights,government_urban
DC_46_47_AGL.h5,data\GAMUS\heights\val\DC_46_47_AGL.h5,GAMUS,DC,46_47,val,heights,government_urban
DC_46_58_AGL.h5,data\GAMUS\heights\val\DC_46_58_AGL.h5,GAMUS,DC,46_58,val,heights,government_urban
DC_47_28_AGL.h5,data\GAMUS\heights\val\DC_47_28_AGL.h5,GAMUS,DC,47_28,val,heights,government_urban
DC_47_41_AGL.h5,data\GAMUS\heights\val\DC_47_41_AGL.h5,GAMUS,DC,47_41,val,heights,government_urban
DC_47_52_AGL.h5,data\GAMUS\heights\val\DC_47_52_AGL.h5,GAMUS,DC,47_52,val,heights,government_urban
DC_48_20_AGL.h5,data\GAMUS\heights\val\DC_48_20_AGL.h5,GAMUS,DC,48_20,val,heights,government_urban
DC_48_26_AGL.h5,data\GAMUS\heights\val\DC_48_26_AGL.h5,GAMUS,DC,48_26,val,heights,government_urban
DC_48_31_AGL.h5,data\GAMUS\heights\val\DC_48_31_AGL.h5,GAMUS,DC,48_31,val,heights,government_urban
DC_48_32_AGL.h5,data\GAMUS\heights\val\DC_48_32_AGL.h5,GAMUS,DC,48_32,val,heights,government_urban
DC_48_56_AGL.h5,data\GAMUS\heights\val\DC_48_56_AGL.h5,GAMUS,DC,48_56,val,heights,government_urban
DC_49_22_AGL.h5,data\GAMUS\heights\val\DC_49_22_AGL.h5,GAMUS,DC,49_22,val,heights,government_urban
DC_49_27_AGL.h5,data\GAMUS\heights\val\DC_49_27_AGL.h5,GAMUS,DC,49_27,val,heights,government_urban
DC_49_41_AGL.h5,data\GAMUS\heights\val\DC_49_41_AGL.h5,GAMUS,DC,49_41,val,heights,government_urban
DC_49_48_AGL.h5,data\GAMUS\heights\val\DC_49_48_AGL.h5,GAMUS,DC,49_48,val,heights,government_urban
DC_49_49_AGL.h5,data\GAMUS\heights\val\DC_49_49_AGL.h5,GAMUS,DC,49_49,val,heights,government_urban
DC_49_53_AGL.h5,data\GAMUS\heights\val\DC_49_53_AGL.h5,GAMUS,DC,49_53,val,heights,government_urban
DC_49_55_AGL.h5,data\GAMUS\heights\val\DC_49_55_AGL.h5,GAMUS,DC,49_55,val,heights,government_urban
DC_49_58_AGL.h5,data\GAMUS\heights\val\DC_49_58_AGL.h5,GAMUS,DC,49_58,val,heights,government_urban
DC_50_23_AGL.h5,data\GAMUS\heights\val\DC_50_23_AGL.h5,GAMUS,DC,50_23,val,heights,government_urban
DC_50_29_AGL.h5,data\GAMUS\heights\val\DC_50_29_AGL.h5,GAMUS,DC,50_29,val,heights,government_urban
DC_50_31_AGL.h5,data\GAMUS\heights\val\DC_50_31_AGL.h5,GAMUS,DC,50_31,val,heights,government_urban
DC_50_32_AGL.h5,data\GAMUS\heights\val\DC_50_32_AGL.h5,GAMUS,DC,50_32,val,heights,government_urban
DC_50_41_AGL.h5,data\GAMUS\heights\val\DC_50_41_AGL.h5,GAMUS,DC,50_41,val,heights,government_urban
DC_50_51_AGL.h5,data\GAMUS\heights\val\DC_50_51_AGL.h5,GAMUS,DC,50_51,val,heights,government_urban
DC_51_36_AGL.h5,data\GAMUS\heights\val\DC_51_36_AGL.h5,GAMUS,DC,51_36,val,heights,government_urban
DC_51_40_AGL.h5,data\GAMUS\heights\val\DC_51_40_AGL.h5,GAMUS,DC,51_40,val,heights,government_urban
DC_51_45_AGL.h5,data\GAMUS\heights\val\DC_51_45_AGL.h5,GAMUS,DC,51_45,val,heights,government_urban
DC_51_51_AGL.h5,data\GAMUS\heights\val\DC_51_51_AGL.h5,GAMUS,DC,51_51,val,heights,government_urban
DC_51_53_AGL.h5,data\GAMUS\heights\val\DC_51_53_AGL.h5,GAMUS,DC,51_53,val,heights,government_urban
DC_51_59_AGL.h5,data\GAMUS\heights\val\DC_51_59_AGL.h5,GAMUS,DC,51_59,val,heights,government_urban
DC_52_29_AGL.h5,data\GAMUS\heights\val\DC_52_29_AGL.h5,GAMUS,DC,52_29,val,heights,government_urban
DC_52_30_AGL.h5,data\GAMUS\heights\val\DC_52_30_AGL.h5,GAMUS,DC,52_30,val,heights,government_urban
DC_52_34_AGL.h5,data\GAMUS\heights\val\DC_52_34_AGL.h5,GAMUS,DC,52_34,val,heights,government_urban
DC_52_44_AGL.h5,data\GAMUS\heights\val\DC_52_44_AGL.h5,GAMUS,DC,52_44,val,heights,government_urban
DC_52_46_AGL.h5,data\GAMUS\heights\val\DC_52_46_AGL.h5,GAMUS,DC,52_46,val,heights,government_urban
DC_52_50_AGL.h5,data\GAMUS\heights\val\DC_52_50_AGL.h5,GAMUS,DC,52_50,val,heights,government_urban
DC_52_58_AGL.h5,data\GAMUS\heights\val\DC_52_58_AGL.h5,GAMUS,DC,52_58,val,heights,government_urban
DC_53_34_AGL.h5,data\GAMUS\heights\val\DC_53_34_AGL.h5,GAMUS,DC,53_34,val,heights,government_urban
DC_53_35_AGL.h5,data\GAMUS\heights\val\DC_53_35_AGL.h5,GAMUS,DC,53_35,val,heights,government_urban
DC_53_44_AGL.h5,data\GAMUS\heights\val\DC_53_44_AGL.h5,GAMUS,DC,53_44,val,heights,government_urban
DC_53_47_AGL.h5,data\GAMUS\heights\val\DC_53_47_AGL.h5,GAMUS,DC,53_47,val,heights,government_urban
DC_54_25_AGL.h5,data\GAMUS\heights\val\DC_54_25_AGL.h5,GAMUS,DC,54_25,val,heights,government_urban
DC_54_31_AGL.h5,data\GAMUS\heights\val\DC_54_31_AGL.h5,GAMUS,DC,54_31,val,heights,government_urban
DC_54_34_AGL.h5,data\GAMUS\heights\val\DC_54_34_AGL.h5,GAMUS,DC,54_34,val,heights,government_urban
DC_54_42_AGL.h5,data\GAMUS\heights\val\DC_54_42_AGL.h5,GAMUS,DC,54_42,val,heights,government_urban
DC_54_47_AGL.h5,data\GAMUS\heights\val\DC_54_47_AGL.h5,GAMUS,DC,54_47,val,heights,government_urban
DC_54_52_AGL.h5,data\GAMUS\heights\val\DC_54_52_AGL.h5,GAMUS,DC,54_52,val,heights,government_urban
DC_54_54_AGL.h5,data\GAMUS\heights\val\DC_54_54_AGL.h5,GAMUS,DC,54_54,val,heights,government_urban
DC_55_34_AGL.h5,data\GAMUS\heights\val\DC_55_34_AGL.h5,GAMUS,DC,55_34,val,heights,government_urban
DC_55_39_AGL.h5,data\GAMUS\heights\val\DC_55_39_AGL.h5,GAMUS,DC,55_39,val,heights,government_urban
DC_55_42_AGL.h5,data\GAMUS\heights\val\DC_55_42_AGL.h5,GAMUS,DC,55_42,val,heights,government_urban
DC_55_46_AGL.h5,data\GAMUS\heights\val\DC_55_46_AGL.h5,GAMUS,DC,55_46,val,heights,government_urban
DC_55_50_AGL.h5,data\GAMUS\heights\val\DC_55_50_AGL.h5,GAMUS,DC,55_50,val,heights,government_urban
DC_55_56_AGL.h5,data\GAMUS\heights\val\DC_55_56_AGL.h5,GAMUS,DC,55_56,val,heights,government_urban
DC_56_37_AGL.h5,data\GAMUS\heights\val\DC_56_37_AGL.h5,GAMUS,DC,56_37,val,heights,government_urban
DC_56_38_AGL.h5,data\GAMUS\heights\val\DC_56_38_AGL.h5,GAMUS,DC,56_38,val,heights,government_urban
DC_56_42_AGL.h5,data\GAMUS\heights\val\DC_56_42_AGL.h5,GAMUS,DC,56_42,val,heights,government_urban
DC_56_45_AGL.h5,data\GAMUS\heights\val\DC_56_45_AGL.h5,GAMUS,DC,56_45,val,heights,government_urban
DC_56_47_AGL.h5,data\GAMUS\heights\val\DC_56_47_AGL.h5,GAMUS,DC,56_47,val,heights,government_urban
DC_57_43_AGL.h5,data\GAMUS\heights\val\DC_57_43_AGL.h5,GAMUS,DC,57_43,val,heights,government_urban
DC_57_48_AGL.h5,data\GAMUS\heights\val\DC_57_48_AGL.h5,GAMUS,DC,57_48,val,heights,government_urban
DC_57_50_AGL.h5,data\GAMUS\heights\val\DC_57_50_AGL.h5,GAMUS,DC,57_50,val,heights,government_urban
DC_57_51_AGL.h5,data\GAMUS\heights\val\DC_57_51_AGL.h5,GAMUS,DC,57_51,val,heights,government_urban
DC_57_54_AGL.h5,data\GAMUS\heights\val\DC_57_54_AGL.h5,GAMUS,DC,57_54,val,heights,government_urban
DC_58_37_AGL.h5,data\GAMUS\heights\val\DC_58_37_AGL.h5,GAMUS,DC,58_37,val,heights,government_urban
DC_58_38_AGL.h5,data\GAMUS\heights\val\DC_58_38_AGL.h5,GAMUS,DC,58_38,val,heights,government_urban
DC_58_39_AGL.h5,data\GAMUS\heights\val\DC_58_39_AGL.h5,GAMUS,DC,58_39,val,heights,government_urban
DC_58_43_AGL.h5,data\GAMUS\heights\val\DC_58_43_AGL.h5,GAMUS,DC,58_43,val,heights,government_urban
DC_58_44_AGL.h5,data\GAMUS\heights\val\DC_58_44_AGL.h5,GAMUS,DC,58_44,val,heights,government_urban
DC_58_45_AGL.h5,data\GAMUS\heights\val\DC_58_45_AGL.h5,GAMUS,DC,58_45,val,heights,government_urban
DC_58_46_AGL.h5,data\GAMUS\heights\val\DC_58_46_AGL.h5,GAMUS,DC,58_46,val,heights,government_urban
DC_58_51_AGL.h5,data\GAMUS\heights\val\DC_58_51_AGL.h5,GAMUS,DC,58_51,val,heights,government_urban
DC_59_36_AGL.h5,data\GAMUS\heights\val\DC_59_36_AGL.h5,GAMUS,DC,59_36,val,heights,government_urban
DC_59_46_AGL.h5,data\GAMUS\heights\val\DC_59_46_AGL.h5,GAMUS,DC,59_46,val,heights,government_urban
DC_60_45_AGL.h5,data\GAMUS\heights\val\DC_60_45_AGL.h5,GAMUS,DC,60_45,val,heights,government_urban
DC_61_46_AGL.h5,data\GAMUS\heights\val\DC_61_46_AGL.h5,GAMUS,DC,61_46,val,heights,government_urban
DC_61_48_AGL.h5,data\GAMUS\heights\val\DC_61_48_AGL.h5,GAMUS,DC,61_48,val,heights,government_urban
DC_62_40_AGL.h5,data\GAMUS\heights\val\DC_62_40_AGL.h5,GAMUS,DC,62_40,val,heights,government_urban
DC_63_33_AGL.h5,data\GAMUS\heights\val\DC_63_33_AGL.h5,GAMUS,DC,63_33,val,heights,government_urban
DC_63_41_AGL.h5,data\GAMUS\heights\val\DC_63_41_AGL.h5,GAMUS,DC,63_41,val,heights,government_urban
DC_63_42_AGL.h5,data\GAMUS\heights\val\DC_63_42_AGL.h5,GAMUS,DC,63_42,val,heights,government_urban
DC_64_34_AGL.h5,data\GAMUS\heights\val\DC_64_34_AGL.h5,GAMUS,DC,64_34,val,heights,government_urban
DC_64_42_AGL.h5,data\GAMUS\heights\val\DC_64_42_AGL.h5,GAMUS,DC,64_42,val,heights,government_urban
DC_64_44_AGL.h5,data\GAMUS\heights\val\DC_64_44_AGL.h5,GAMUS,DC,64_44,val,heights,government_urban
DC_65_32_AGL.h5,data\GAMUS\heights\val\DC_65_32_AGL.h5,GAMUS,DC,65_32,val,heights,government_urban
DC_65_33_AGL.h5,data\GAMUS\heights\val\DC_65_33_AGL.h5,GAMUS,DC,65_33,val,heights,government_urban
DC_65_36_AGL.h5,data\GAMUS\heights\val\DC_65_36_AGL.h5,GAMUS,DC,65_36,val,heights,government_urban
DC_65_44_AGL.h5,data\GAMUS\heights\val\DC_65_44_AGL.h5,GAMUS,DC,65_44,val,heights,government_urban
DC_66_38_AGL.h5,data\GAMUS\heights\val\DC_66_38_AGL.h5,GAMUS,DC,66_38,val,heights,government_urban
DC_66_39_AGL.h5,data\GAMUS\heights\val\DC_66_39_AGL.h5,GAMUS,DC,66_39,val,heights,government_urban
DC_66_40_AGL.h5,data\GAMUS\heights\val\DC_66_40_AGL.h5,GAMUS,DC,66_40,val,heights,government_urban
DC_67_31_AGL.h5,data\GAMUS\heights\val\DC_67_31_AGL.h5,GAMUS,DC,67_31,val,heights,government_urban
DC_67_36_AGL.h5,data\GAMUS\heights\val\DC_67_36_AGL.h5,GAMUS,DC,67_36,val,heights,government_urban
DC_67_37_AGL.h5,data\GAMUS\heights\val\DC_67_37_AGL.h5,GAMUS,DC,67_37,val,heights,government_urban
DC_69_36_AGL.h5,data\GAMUS\heights\val\DC_69_36_AGL.h5,GAMUS,DC,69_36,val,heights,government_urban
DC_70_41_AGL.h5,data\GAMUS\heights\val\DC_70_41_AGL.h5,GAMUS,DC,70_41,val,heights,government_urban
DC_71_33_AGL.h5,data\GAMUS\heights\val\DC_71_33_AGL.h5,GAMUS,DC,71_33,val,heights,government_urban
DC_72_30_AGL.h5,data\GAMUS\heights\val\DC_72_30_AGL.h5,GAMUS,DC,72_30,val,heights,government_urban
DC_72_32_AGL.h5,data\GAMUS\heights\val\DC_72_32_AGL.h5,GAMUS,DC,72_32,val,heights,government_urban
DC_72_33_AGL.h5,data\GAMUS\heights\val\DC_72_33_AGL.h5,GAMUS,DC,72_33,val,heights,government_urban
DC_74_31_AGL.h5,data\GAMUS\heights\val\DC_74_31_AGL.h5,GAMUS,DC,74_31,val,heights,government_urban
DC_75_30_AGL.h5,data\GAMUS\heights\val\DC_75_30_AGL.h5,GAMUS,DC,75_30,val,heights,government_urban
DC_75_34_AGL.h5,data\GAMUS\heights\val\DC_75_34_AGL.h5,GAMUS,DC,75_34,val,heights,government_urban
DC_76_32_AGL.h5,data\GAMUS\heights\val\DC_76_32_AGL.h5,GAMUS,DC,76_32,val,heights,government_urban
DC_03_26_AGL.h5,data\GAMUS\heights\test\DC_03_26_AGL.h5,GAMUS,DC,03_26,test,heights,government_urban
DC_05_28_AGL.h5,data\GAMUS\heights\test\DC_05_28_AGL.h5,GAMUS,DC,05_28,test,heights,government_urban
DC_05_30_AGL.h5,data\GAMUS\heights\test\DC_05_30_AGL.h5,GAMUS,DC,05_30,test,heights,government_urban
DC_07_21_AGL.h5,data\GAMUS\heights\test\DC_07_21_AGL.h5,GAMUS,DC,07_21,test,heights,government_urban
DC_07_29_AGL.h5,data\GAMUS\heights\test\DC_07_29_AGL.h5,GAMUS,DC,07_29,test,heights,government_urban
DC_08_27_AGL.h5,data\GAMUS\heights\test\DC_08_27_AGL.h5,GAMUS,DC,08_27,test,heights,government_urban
DC_09_18_AGL.h5,data\GAMUS\heights\test\DC_09_18_AGL.h5,GAMUS,DC,09_18,test,heights,government_urban
DC_09_29_AGL.h5,data\GAMUS\heights\test\DC_09_29_AGL.h5,GAMUS,DC,09_29,test,heights,government_urban
DC_09_32_AGL.h5,data\GAMUS\heights\test\DC_09_32_AGL.h5,GAMUS,DC,09_32,test,heights,government_urban
DC_10_20_AGL.h5,data\GAMUS\heights\test\DC_10_20_AGL.h5,GAMUS,DC,10_20,test,heights,government_urban
DC_10_29_AGL.h5,data\GAMUS\heights\test\DC_10_29_AGL.h5,GAMUS,DC,10_29,test,heights,government_urban
DC_11_15_AGL.h5,data\GAMUS\heights\test\DC_11_15_AGL.h5,GAMUS,DC,11_15,test,heights,government_urban
DC_11_19_AGL.h5,data\GAMUS\heights\test\DC_11_19_AGL.h5,GAMUS,DC,11_19,test,heights,government_urban
DC_11_31_AGL.h5,data\GAMUS\heights\test\DC_11_31_AGL.h5,GAMUS,DC,11_31,test,heights,government_urban
DC_11_32_AGL.h5,data\GAMUS\heights\test\DC_11_32_AGL.h5,GAMUS,DC,11_32,test,heights,government_urban
DC_12_15_AGL.h5,data\GAMUS\heights\test\DC_12_15_AGL.h5,GAMUS,DC,12_15,test,heights,government_urban
DC_12_20_AGL.h5,data\GAMUS\heights\test\DC_12_20_AGL.h5,GAMUS,DC,12_20,test,heights,government_urban
DC_12_34_AGL.h5,data\GAMUS\heights\test\DC_12_34_AGL.h5,GAMUS,DC,12_34,test,heights,government_urban
DC_12_35_AGL.h5,data\GAMUS\heights\test\DC_12_35_AGL.h5,GAMUS,DC,12_35,test,heights,government_urban
DC_13_19_AGL.h5,data\GAMUS\heights\test\DC_13_19_AGL.h5,GAMUS,DC,13_19,test,heights,government_urban
DC_13_21_AGL.h5,data\GAMUS\heights\test\DC_13_21_AGL.h5,GAMUS,DC,13_21,test,heights,government_urban
DC_13_25_AGL.h5,data\GAMUS\heights\test\DC_13_25_AGL.h5,GAMUS,DC,13_25,test,heights,government_urban
DC_13_33_AGL.h5,data\GAMUS\heights\test\DC_13_33_AGL.h5,GAMUS,DC,13_33,test,heights,government_urban
DC_13_35_AGL.h5,data\GAMUS\heights\test\DC_13_35_AGL.h5,GAMUS,DC,13_35,test,heights,government_urban
DC_14_28_AGL.h5,data\GAMUS\heights\test\DC_14_28_AGL.h5,GAMUS,DC,14_28,test,heights,government_urban
DC_14_36_AGL.h5,data\GAMUS\heights\test\DC_14_36_AGL.h5,GAMUS,DC,14_36,test,heights,government_urban
DC_15_27_AGL.h5,data\GAMUS\heights\test\DC_15_27_AGL.h5,GAMUS,DC,15_27,test,heights,government_urban
DC_16_13_AGL.h5,data\GAMUS\heights\test\DC_16_13_AGL.h5,GAMUS,DC,16_13,test,heights,government_urban
DC_16_16_AGL.h5,data\GAMUS\heights\test\DC_16_16_AGL.h5,GAMUS,DC,16_16,test,heights,government_urban
DC_16_18_AGL.h5,data\GAMUS\heights\test\DC_16_18_AGL.h5,GAMUS,DC,16_18,test,heights,government_urban
DC_16_27_AGL.h5,data\GAMUS\heights\test\DC_16_27_AGL.h5,GAMUS,DC,16_27,test,heights,government_urban
DC_16_38_AGL.h5,data\GAMUS\heights\test\DC_16_38_AGL.h5,GAMUS,DC,16_38,test,heights,government_urban
DC_17_11_AGL.h5,data\GAMUS\heights\test\DC_17_11_AGL.h5,GAMUS,DC,17_11,test,heights,government_urban
DC_17_12_AGL.h5,data\GAMUS\heights\test\DC_17_12_AGL.h5,GAMUS,DC,17_12,test,heights,government_urban
DC_17_15_AGL.h5,data\GAMUS\heights\test\DC_17_15_AGL.h5,GAMUS,DC,17_15,test,heights,government_urban
DC_17_19_AGL.h5,data\GAMUS\heights\test\DC_17_19_AGL.h5,GAMUS,DC,17_19,test,heights,government_urban
DC_17_25_AGL.h5,data\GAMUS\heights\test\DC_17_25_AGL.h5,GAMUS,DC,17_25,test,heights,government_urban
DC_18_09_AGL.h5,data\GAMUS\heights\test\DC_18_09_AGL.h5,GAMUS,DC,18_09,test,heights,government_urban
DC_18_20_AGL.h5,data\GAMUS\heights\test\DC_18_20_AGL.h5,GAMUS,DC,18_20,test,heights,government_urban
DC_18_23_AGL.h5,data\GAMUS\heights\test\DC_18_23_AGL.h5,GAMUS,DC,18_23,test,heights,government_urban
DC_18_29_AGL.h5,data\GAMUS\heights\test\DC_18_29_AGL.h5,GAMUS,DC,18_29,test,heights,government_urban
DC_18_36_AGL.h5,data\GAMUS\heights\test\DC_18_36_AGL.h5,GAMUS,DC,18_36,test,heights,government_urban
DC_19_17_AGL.h5,data\GAMUS\heights\test\DC_19_17_AGL.h5,GAMUS,DC,19_17,test,heights,government_urban
DC_19_24_AGL.h5,data\GAMUS\heights\test\DC_19_24_AGL.h5,GAMUS,DC,19_24,test,heights,government_urban
DC_19_31_AGL.h5,data\GAMUS\heights\test\DC_19_31_AGL.h5,GAMUS,DC,19_31,test,heights,government_urban
DC_19_36_AGL.h5,data\GAMUS\heights\test\DC_19_36_AGL.h5,GAMUS,DC,19_36,test,heights,government_urban
DC_19_37_AGL.h5,data\GAMUS\heights\test\DC_19_37_AGL.h5,GAMUS,DC,19_37,test,heights,government_urban
DC_19_41_AGL.h5,data\GAMUS\heights\test\DC_19_41_AGL.h5,GAMUS,DC,19_41,test,heights,government_urban
DC_20_08_AGL.h5,data\GAMUS\heights\test\DC_20_08_AGL.h5,GAMUS,DC,20_08,test,heights,government_urban
DC_20_11_AGL.h5,data\GAMUS\heights\test\DC_20_11_AGL.h5,GAMUS,DC,20_11,test,heights,government_urban
DC_20_12_AGL.h5,data\GAMUS\heights\test\DC_20_12_AGL.h5,GAMUS,DC,20_12,test,heights,government_urban
DC_20_15_AGL.h5,data\GAMUS\heights\test\DC_20_15_AGL.h5,GAMUS,DC,20_15,test,heights,government_urban
DC_20_20_AGL.h5,data\GAMUS\heights\test\DC_20_20_AGL.h5,GAMUS,DC,20_20,test,heights,government_urban
DC_20_23_AGL.h5,data\GAMUS\heights\test\DC_20_23_AGL.h5,GAMUS,DC,20_23,test,heights,government_urban
DC_20_25_AGL.h5,data\GAMUS\heights\test\DC_20_25_AGL.h5,GAMUS,DC,20_25,test,heights,government_urban
DC_20_28_AGL.h5,data\GAMUS\heights\test\DC_20_28_AGL.h5,GAMUS,DC,20_28,test,heights,government_urban
DC_20_31_AGL.h5,data\GAMUS\heights\test\DC_20_31_AGL.h5,GAMUS,DC,20_31,test,heights,government_urban
DC_20_37_AGL.h5,data\GAMUS\heights\test\DC_20_37_AGL.h5,GAMUS,DC,20_37,test,heights,government_urban
DC_20_38_AGL.h5,data\GAMUS\heights\test\DC_20_38_AGL.h5,GAMUS,DC,20_38,test,heights,government_urban
DC_20_40_AGL.h5,data\GAMUS\heights\test\DC_20_40_AGL.h5,GAMUS,DC,20_40,test,heights,government_urban
DC_20_43_AGL.h5,data\GAMUS\heights\test\DC_20_43_AGL.h5,GAMUS,DC,20_43,test,heights,government_urban
DC_21_05_AGL.h5,data\GAMUS\heights\test\DC_21_05_AGL.h5,GAMUS,DC,21_05,test,heights,government_urban
DC_21_08_AGL.h5,data\GAMUS\heights\test\DC_21_08_AGL.h5,GAMUS,DC,21_08,test,heights,government_urban
DC_21_10_AGL.h5,data\GAMUS\heights\test\DC_21_10_AGL.h5,GAMUS,DC,21_10,test,heights,government_urban
DC_21_13_AGL.h5,data\GAMUS\heights\test\DC_21_13_AGL.h5,GAMUS,DC,21_13,test,heights,government_urban
DC_21_17_AGL.h5,data\GAMUS\heights\test\DC_21_17_AGL.h5,GAMUS,DC,21_17,test,heights,government_urban
DC_21_19_AGL.h5,data\GAMUS\heights\test\DC_21_19_AGL.h5,GAMUS,DC,21_19,test,heights,government_urban
DC_21_22_AGL.h5,data\GAMUS\heights\test\DC_21_22_AGL.h5,GAMUS,DC,21_22,test,heights,government_urban
DC_21_26_AGL.h5,data\GAMUS\heights\test\DC_21_26_AGL.h5,GAMUS,DC,21_26,test,heights,government_urban
DC_21_34_AGL.h5,data\GAMUS\heights\test\DC_21_34_AGL.h5,GAMUS,DC,21_34,test,heights,government_urban
DC_21_35_AGL.h5,data\GAMUS\heights\test\DC_21_35_AGL.h5,GAMUS,DC,21_35,test,heights,government_urban
DC_21_44_AGL.h5,data\GAMUS\heights\test\DC_21_44_AGL.h5,GAMUS,DC,21_44,test,heights,government_urban
DC_22_09_AGL.h5,data\GAMUS\heights\test\DC_22_09_AGL.h5,GAMUS,DC,22_09,test,heights,government_urban
DC_22_17_AGL.h5,data\GAMUS\heights\test\DC_22_17_AGL.h5,GAMUS,DC,22_17,test,heights,government_urban
DC_22_20_AGL.h5,data\GAMUS\heights\test\DC_22_20_AGL.h5,GAMUS,DC,22_20,test,heights,government_urban
DC_22_21_AGL.h5,data\GAMUS\heights\test\DC_22_21_AGL.h5,GAMUS,DC,22_21,test,heights,government_urban
DC_22_29_AGL.h5,data\GAMUS\heights\test\DC_22_29_AGL.h5,GAMUS,DC,22_29,test,heights,government_urban
DC_22_38_AGL.h5,data\GAMUS\heights\test\DC_22_38_AGL.h5,GAMUS,DC,22_38,test,heights,government_urban
DC_22_45_AGL.h5,data\GAMUS\heights\test\DC_22_45_AGL.h5,GAMUS,DC,22_45,test,heights,government_urban
DC_23_05_AGL.h5,data\GAMUS\heights\test\DC_23_05_AGL.h5,GAMUS,DC,23_05,test,heights,government_urban
DC_23_14_AGL.h5,data\GAMUS\heights\test\DC_23_14_AGL.h5,GAMUS,DC,23_14,test,heights,government_urban
DC_23_26_AGL.h5,data\GAMUS\heights\test\DC_23_26_AGL.h5,GAMUS,DC,23_26,test,heights,government_urban
DC_23_27_AGL.h5,data\GAMUS\heights\test\DC_23_27_AGL.h5,GAMUS,DC,23_27,test,heights,government_urban
DC_23_31_AGL.h5,data\GAMUS\heights\test\DC_23_31_AGL.h5,GAMUS,DC,23_31,test,heights,government_urban
DC_24_07_AGL.h5,data\GAMUS\heights\test\DC_24_07_AGL.h5,GAMUS,DC,24_07,test,heights,government_urban
DC_24_14_AGL.h5,data\GAMUS\heights\test\DC_24_14_AGL.h5,GAMUS,DC,24_14,test,heights,government_urban
DC_24_16_AGL.h5,data\GAMUS\heights\test\DC_24_16_AGL.h5,GAMUS,DC,24_16,test,heights,government_urban
DC_24_19_AGL.h5,data\GAMUS\heights\test\DC_24_19_AGL.h5,GAMUS,DC,24_19,test,heights,government_urban
DC_24_22_AGL.h5,data\GAMUS\heights\test\DC_24_22_AGL.h5,GAMUS,DC,24_22,test,heights,government_urban
DC_24_25_AGL.h5,data\GAMUS\heights\test\DC_24_25_AGL.h5,GAMUS,DC,24_25,test,heights,government_urban
DC_24_33_AGL.h5,data\GAMUS\heights\test\DC_24_33_AGL.h5,GAMUS,DC,24_33,test,heights,government_urban
DC_24_34_AGL.h5,data\GAMUS\heights\test\DC_24_34_AGL.h5,GAMUS,DC,24_34,test,heights,government_urban
DC_24_35_AGL.h5,data\GAMUS\heights\test\DC_24_35_AGL.h5,GAMUS,DC,24_35,test,heights,government_urban
DC_24_47_AGL.h5,data\GAMUS\heights\test\DC_24_47_AGL.h5,GAMUS,DC,24_47,test,heights,government_urban
DC_25_05_AGL.h5,data\GAMUS\heights\test\DC_25_05_AGL.h5,GAMUS,DC,25_05,test,heights,government_urban
DC_25_07_AGL.h5,data\GAMUS\heights\test\DC_25_07_AGL.h5,GAMUS,DC,25_07,test,heights,government_urban
DC_25_22_AGL.h5,data\GAMUS\heights\test\DC_25_22_AGL.h5,GAMUS,DC,25_22,test,heights,government_urban
DC_25_23_AGL.h5,data\GAMUS\heights\test\DC_25_23_AGL.h5,GAMUS,DC,25_23,test,heights,government_urban
DC_25_33_AGL.h5,data\GAMUS\heights\test\DC_25_33_AGL.h5,GAMUS,DC,25_33,test,heights,government_urban
DC_25_35_AGL.h5,data\GAMUS\heights\test\DC_25_35_AGL.h5,GAMUS,DC,25_35,test,heights,government_urban
DC_25_38_AGL.h5,data\GAMUS\heights\test\DC_25_38_AGL.h5,GAMUS,DC,25_38,test,heights,government_urban
DC_25_42_AGL.h5,data\GAMUS\heights\test\DC_25_42_AGL.h5,GAMUS,DC,25_42,test,heights,government_urban
DC_25_43_AGL.h5,data\GAMUS\heights\test\DC_25_43_AGL.h5,GAMUS,DC,25_43,test,heights,government_urban
DC_25_46_AGL.h5,data\GAMUS\heights\test\DC_25_46_AGL.h5,GAMUS,DC,25_46,test,heights,government_urban
DC_26_02_AGL.h5,data\GAMUS\heights\test\DC_26_02_AGL.h5,GAMUS,DC,26_02,test,heights,government_urban
DC_26_08_AGL.h5,data\GAMUS\heights\test\DC_26_08_AGL.h5,GAMUS,DC,26_08,test,heights,government_urban
DC_26_21_AGL.h5,data\GAMUS\heights\test\DC_26_21_AGL.h5,GAMUS,DC,26_21,test,heights,government_urban
DC_26_26_AGL.h5,data\GAMUS\heights\test\DC_26_26_AGL.h5,GAMUS,DC,26_26,test,heights,government_urban
DC_26_39_AGL.h5,data\GAMUS\heights\test\DC_26_39_AGL.h5,GAMUS,DC,26_39,test,heights,government_urban
DC_27_04_AGL.h5,data\GAMUS\heights\test\DC_27_04_AGL.h5,GAMUS,DC,27_04,test,heights,government_urban
DC_27_08_AGL.h5,data\GAMUS\heights\test\DC_27_08_AGL.h5,GAMUS,DC,27_08,test,heights,government_urban
DC_27_13_AGL.h5,data\GAMUS\heights\test\DC_27_13_AGL.h5,GAMUS,DC,27_13,test,heights,government_urban
DC_27_15_AGL.h5,data\GAMUS\heights\test\DC_27_15_AGL.h5,GAMUS,DC,27_15,test,heights,government_urban
DC_27_20_AGL.h5,data\GAMUS\heights\test\DC_27_20_AGL.h5,GAMUS,DC,27_20,test,heights,government_urban
DC_27_21_AGL.h5,data\GAMUS\heights\test\DC_27_21_AGL.h5,GAMUS,DC,27_21,test,heights,government_urban
DC_27_47_AGL.h5,data\GAMUS\heights\test\DC_27_47_AGL.h5,GAMUS,DC,27_47,test,heights,government_urban
DC_27_52_AGL.h5,data\GAMUS\heights\test\DC_27_52_AGL.h5,GAMUS,DC,27_52,test,heights,government_urban
DC_28_03_AGL.h5,data\GAMUS\heights\test\DC_28_03_AGL.h5,GAMUS,DC,28_03,test,heights,government_urban
DC_28_04_AGL.h5,data\GAMUS\heights\test\DC_28_04_AGL.h5,GAMUS,DC,28_04,test,heights,government_urban
DC_28_16_AGL.h5,data\GAMUS\heights\test\DC_28_16_AGL.h5,GAMUS,DC,28_16,test,heights,government_urban
DC_28_18_AGL.h5,data\GAMUS\heights\test\DC_28_18_AGL.h5,GAMUS,DC,28_18,test,heights,government_urban
DC_28_19_AGL.h5,data\GAMUS\heights\test\DC_28_19_AGL.h5,GAMUS,DC,28_19,test,heights,government_urban
DC_28_23_AGL.h5,data\GAMUS\heights\test\DC_28_23_AGL.h5,GAMUS,DC,28_23,test,heights,government_urban
DC_28_24_AGL.h5,data\GAMUS\heights\test\DC_28_24_AGL.h5,GAMUS,DC,28_24,test,heights,government_urban
DC_28_27_AGL.h5,data\GAMUS\heights\test\DC_28_27_AGL.h5,GAMUS,DC,28_27,test,heights,government_urban
DC_28_28_AGL.h5,data\GAMUS\heights\test\DC_28_28_AGL.h5,GAMUS,DC,28_28,test,heights,government_urban
DC_28_30_AGL.h5,data\GAMUS\heights\test\DC_28_30_AGL.h5,GAMUS,DC,28_30,test,heights,government_urban
DC_28_36_AGL.h5,data\GAMUS\heights\test\DC_28_36_AGL.h5,GAMUS,DC,28_36,test,heights,government_urban
DC_28_50_AGL.h5,data\GAMUS\heights\test\DC_28_50_AGL.h5,GAMUS,DC,28_50,test,heights,government_urban
DC_29_17_AGL.h5,data\GAMUS\heights\test\DC_29_17_AGL.h5,GAMUS,DC,29_17,test,heights,government_urban
DC_29_30_AGL.h5,data\GAMUS\heights\test\DC_29_30_AGL.h5,GAMUS,DC,29_30,test,heights,government_urban
DC_29_40_AGL.h5,data\GAMUS\heights\test\DC_29_40_AGL.h5,GAMUS,DC,29_40,test,heights,government_urban
DC_29_48_AGL.h5,data\GAMUS\heights\test\DC_29_48_AGL.h5,GAMUS,DC,29_48,test,heights,government_urban
DC_29_53_AGL.h5,data\GAMUS\heights\test\DC_29_53_AGL.h5,GAMUS,DC,29_53,test,heights,government_urban
DC_30_04_AGL.h5,data\GAMUS\heights\test\DC_30_04_AGL.h5,GAMUS,DC,30_04,test,heights,government_urban
DC_30_13_AGL.h5,data\GAMUS\heights\test\DC_30_13_AGL.h5,GAMUS,DC,30_13,test,heights,government_urban
DC_30_23_AGL.h5,data\GAMUS\heights\test\DC_30_23_AGL.h5,GAMUS,DC,30_23,test,heights,government_urban
DC_30_25_AGL.h5,data\GAMUS\heights\test\DC_30_25_AGL.h5,GAMUS,DC,30_25,test,heights,government_urban
DC_30_27_AGL.h5,data\GAMUS\heights\test\DC_30_27_AGL.h5,GAMUS,DC,30_27,test,heights,government_urban
DC_30_38_AGL.h5,data\GAMUS\heights\test\DC_30_38_AGL.h5,GAMUS,DC,30_38,test,heights,government_urban
DC_30_45_AGL.h5,data\GAMUS\heights\test\DC_30_45_AGL.h5,GAMUS,DC,30_45,test,heights,government_urban
DC_30_46_AGL.h5,data\GAMUS\heights\test\DC_30_46_AGL.h5,GAMUS,DC,30_46,test,heights,government_urban
DC_30_51_AGL.h5,data\GAMUS\heights\test\DC_30_51_AGL.h5,GAMUS,DC,30_51,test,heights,government_urban
DC_31_10_AGL.h5,data\GAMUS\heights\test\DC_31_10_AGL.h5,GAMUS,DC,31_10,test,heights,government_urban
DC_31_30_AGL.h5,data\GAMUS\heights\test\DC_31_30_AGL.h5,GAMUS,DC,31_30,test,heights,government_urban
DC_31_34_AGL.h5,data\GAMUS\heights\test\DC_31_34_AGL.h5,GAMUS,DC,31_34,test,heights,government_urban
DC_31_55_AGL.h5,data\GAMUS\heights\test\DC_31_55_AGL.h5,GAMUS,DC,31_55,test,heights,government_urban
DC_32_05_AGL.h5,data\GAMUS\heights\test\DC_32_05_AGL.h5,GAMUS,DC,32_05,test,heights,government_urban
DC_32_16_AGL.h5,data\GAMUS\heights\test\DC_32_16_AGL.h5,GAMUS,DC,32_16,test,heights,government_urban
DC_32_23_AGL.h5,data\GAMUS\heights\test\DC_32_23_AGL.h5,GAMUS,DC,32_23,test,heights,government_urban
DC_32_24_AGL.h5,data\GAMUS\heights\test\DC_32_24_AGL.h5,GAMUS,DC,32_24,test,heights,government_urban
DC_32_28_AGL.h5,data\GAMUS\heights\test\DC_32_28_AGL.h5,GAMUS,DC,32_28,test,heights,government_urban
DC_32_31_AGL.h5,data\GAMUS\heights\test\DC_32_31_AGL.h5,GAMUS,DC,32_31,test,heights,government_urban
DC_32_32_AGL.h5,data\GAMUS\heights\test\DC_32_32_AGL.h5,GAMUS,DC,32_32,test,heights,government_urban
DC_32_34_AGL.h5,data\GAMUS\heights\test\DC_32_34_AGL.h5,GAMUS,DC,32_34,test,heights,government_urban
DC_33_20_AGL.h5,data\GAMUS\heights\test\DC_33_20_AGL.h5,GAMUS,DC,33_20,test,heights,government_urban
DC_33_21_AGL.h5,data\GAMUS\heights\test\DC_33_21_AGL.h5,GAMUS,DC,33_21,test,heights,government_urban
DC_33_29_AGL.h5,data\GAMUS\heights\test\DC_33_29_AGL.h5,GAMUS,DC,33_29,test,heights,government_urban
DC_33_31_AGL.h5,data\GAMUS\heights\test\DC_33_31_AGL.h5,GAMUS,DC,33_31,test,heights,government_urban
DC_33_32_AGL.h5,data\GAMUS\heights\test\DC_33_32_AGL.h5,GAMUS,DC,33_32,test,heights,government_urban
DC_33_37_AGL.h5,data\GAMUS\heights\test\DC_33_37_AGL.h5,GAMUS,DC,33_37,test,heights,government_urban
DC_33_38_AGL.h5,data\GAMUS\heights\test\DC_33_38_AGL.h5,GAMUS,DC,33_38,test,heights,government_urban
DC_33_44_AGL.h5,data\GAMUS\heights\test\DC_33_44_AGL.h5,GAMUS,DC,33_44,test,heights,government_urban
DC_33_49_AGL.h5,data\GAMUS\heights\test\DC_33_49_AGL.h5,GAMUS,DC,33_49,test,heights,government_urban
DC_33_51_AGL.h5,data\GAMUS\heights\test\DC_33_51_AGL.h5,GAMUS,DC,33_51,test,heights,government_urban
DC_33_53_AGL.h5,data\GAMUS\heights\test\DC_33_53_AGL.h5,GAMUS,DC,33_53,test,heights,government_urban
DC_33_57_AGL.h5,data\GAMUS\heights\test\DC_33_57_AGL.h5,GAMUS,DC,33_57,test,heights,government_urban
DC_34_13_AGL.h5,data\GAMUS\heights\test\DC_34_13_AGL.h5,GAMUS,DC,34_13,test,heights,government_urban
DC_34_19_AGL.h5,data\GAMUS\heights\test\DC_34_19_AGL.h5,GAMUS,DC,34_19,test,heights,government_urban
DC_34_26_AGL.h5,data\GAMUS\heights\test\DC_34_26_AGL.h5,GAMUS,DC,34_26,test,heights,government_urban
DC_34_43_AGL.h5,data\GAMUS\heights\test\DC_34_43_AGL.h5,GAMUS,DC,34_43,test,heights,government_urban
DC_34_48_AGL.h5,data\GAMUS\heights\test\DC_34_48_AGL.h5,GAMUS,DC,34_48,test,heights,government_urban
DC_34_51_AGL.h5,data\GAMUS\heights\test\DC_34_51_AGL.h5,GAMUS,DC,34_51,test,heights,government_urban
DC_35_11_AGL.h5,data\GAMUS\heights\test\DC_35_11_AGL.h5,GAMUS,DC,35_11,test,heights,government_urban
DC_35_14_AGL.h5,data\GAMUS\heights\test\DC_35_14_AGL.h5,GAMUS,DC,35_14,test,heights,government_urban
DC_35_17_AGL.h5,data\GAMUS\heights\test\DC_35_17_AGL.h5,GAMUS,DC,35_17,test,heights,government_urban
DC_35_22_AGL.h5,data\GAMUS\heights\test\DC_35_22_AGL.h5,GAMUS,DC,35_22,test,heights,government_urban
DC_35_23_AGL.h5,data\GAMUS\heights\test\DC_35_23_AGL.h5,GAMUS,DC,35_23,test,heights,government_urban
DC_35_24_AGL.h5,data\GAMUS\heights\test\DC_35_24_AGL.h5,GAMUS,DC,35_24,test,heights,government_urban
DC_35_32_AGL.h5,data\GAMUS\heights\test\DC_35_32_AGL.h5,GAMUS,DC,35_32,test,heights,government_urban
DC_35_45_AGL.h5,data\GAMUS\heights\test\DC_35_45_AGL.h5,GAMUS,DC,35_45,test,heights,government_urban
DC_35_49_AGL.h5,data\GAMUS\heights\test\DC_35_49_AGL.h5,GAMUS,DC,35_49,test,heights,government_urban
DC_35_56_AGL.h5,data\GAMUS\heights\test\DC_35_56_AGL.h5,GAMUS,DC,35_56,test,heights,government_urban
DC_35_58_AGL.h5,data\GAMUS\heights\test\DC_35_58_AGL.h5,GAMUS,DC,35_58,test,heights,government_urban
DC_36_14_AGL.h5,data\GAMUS\heights\test\DC_36_14_AGL.h5,GAMUS,DC,36_14,test,heights,government_urban
DC_36_16_AGL.h5,data\GAMUS\heights\test\DC_36_16_AGL.h5,GAMUS,DC,36_16,test,heights,government_urban
DC_36_19_AGL.h5,data\GAMUS\heights\test\DC_36_19_AGL.h5,GAMUS,DC,36_19,test,heights,government_urban
DC_36_21_AGL.h5,data\GAMUS\heights\test\DC_36_21_AGL.h5,GAMUS,DC,36_21,test,heights,government_urban
DC_36_22_AGL.h5,data\GAMUS\heights\test\DC_36_22_AGL.h5,GAMUS,DC,36_22,test,heights,government_urban
DC_36_24_AGL.h5,data\GAMUS\heights\test\DC_36_24_AGL.h5,GAMUS,DC,36_24,test,heights,government_urban
DC_36_25_AGL.h5,data\GAMUS\heights\test\DC_36_25_AGL.h5,GAMUS,DC,36_25,test,heights,government_urban
DC_36_38_AGL.h5,data\GAMUS\heights\test\DC_36_38_AGL.h5,GAMUS,DC,36_38,test,heights,government_urban
DC_36_48_AGL.h5,data\GAMUS\heights\test\DC_36_48_AGL.h5,GAMUS,DC,36_48,test,heights,government_urban
DC_36_51_AGL.h5,data\GAMUS\heights\test\DC_36_51_AGL.h5,GAMUS,DC,36_51,test,heights,government_urban
DC_36_53_AGL.h5,data\GAMUS\heights\test\DC_36_53_AGL.h5,GAMUS,DC,36_53,test,heights,government_urban
DC_36_57_AGL.h5,data\GAMUS\heights\test\DC_36_57_AGL.h5,GAMUS,DC,36_57,test,heights,government_urban
DC_37_08_AGL.h5,data\GAMUS\heights\test\DC_37_08_AGL.h5,GAMUS,DC,37_08,test,heights,government_urban
DC_37_17_AGL.h5,data\GAMUS\heights\test\DC_37_17_AGL.h5,GAMUS,DC,37_17,test,heights,government_urban
DC_37_22_AGL.h5,data\GAMUS\heights\test\DC_37_22_AGL.h5,GAMUS,DC,37_22,test,heights,government_urban
DC_37_25_AGL.h5,data\GAMUS\heights\test\DC_37_25_AGL.h5,GAMUS,DC,37_25,test,heights,government_urban
DC_37_38_AGL.h5,data\GAMUS\heights\test\DC_37_38_AGL.h5,GAMUS,DC,37_38,test,heights,government_urban
DC_37_40_AGL.h5,data\GAMUS\heights\test\DC_37_40_AGL.h5,GAMUS,DC,37_40,test,heights,government_urban
DC_38_16_AGL.h5,data\GAMUS\heights\test\DC_38_16_AGL.h5,GAMUS,DC,38_16,test,heights,government_urban
DC_38_17_AGL.h5,data\GAMUS\heights\test\DC_38_17_AGL.h5,GAMUS,DC,38_17,test,heights,government_urban
DC_38_20_AGL.h5,data\GAMUS\heights\test\DC_38_20_AGL.h5,GAMUS,DC,38_20,test,heights,government_urban
DC_38_25_AGL.h5,data\GAMUS\heights\test\DC_38_25_AGL.h5,GAMUS,DC,38_25,test,heights,government_urban
DC_38_29_AGL.h5,data\GAMUS\heights\test\DC_38_29_AGL.h5,GAMUS,DC,38_29,test,heights,government_urban
DC_38_49_AGL.h5,data\GAMUS\heights\test\DC_38_49_AGL.h5,GAMUS,DC,38_49,test,heights,government_urban
DC_38_53_AGL.h5,data\GAMUS\heights\test\DC_38_53_AGL.h5,GAMUS,DC,38_53,test,heights,government_urban
DC_38_58_AGL.h5,data\GAMUS\heights\test\DC_38_58_AGL.h5,GAMUS,DC,38_58,test,heights,government_urban
DC_38_62_AGL.h5,data\GAMUS\heights\test\DC_38_62_AGL.h5,GAMUS,DC,38_62,test,heights,government_urban
DC_39_17_AGL.h5,data\GAMUS\heights\test\DC_39_17_AGL.h5,GAMUS,DC,39_17,test,heights,government_urban
DC_39_18_AGL.h5,data\GAMUS\heights\test\DC_39_18_AGL.h5,GAMUS,DC,39_18,test,heights,government_urban
DC_39_21_AGL.h5,data\GAMUS\heights\test\DC_39_21_AGL.h5,GAMUS,DC,39_21,test,heights,government_urban
DC_39_24_AGL.h5,data\GAMUS\heights\test\DC_39_24_AGL.h5,GAMUS,DC,39_24,test,heights,government_urban
DC_39_25_AGL.h5,data\GAMUS\heights\test\DC_39_25_AGL.h5,GAMUS,DC,39_25,test,heights,government_urban
DC_39_29_AGL.h5,data\GAMUS\heights\test\DC_39_29_AGL.h5,GAMUS,DC,39_29,test,heights,government_urban
DC_39_31_AGL.h5,data\GAMUS\heights\test\DC_39_31_AGL.h5,GAMUS,DC,39_31,test,heights,government_urban
DC_39_40_AGL.h5,data\GAMUS\heights\test\DC_39_40_AGL.h5,GAMUS,DC,39_40,test,heights,government_urban
DC_39_47_AGL.h5,data\GAMUS\heights\test\DC_39_47_AGL.h5,GAMUS,DC,39_47,test,heights,government_urban
DC_39_48_AGL.h5,data\GAMUS\heights\test\DC_39_48_AGL.h5,GAMUS,DC,39_48,test,heights,government_urban
DC_39_59_AGL.h5,data\GAMUS\heights\test\DC_39_59_AGL.h5,GAMUS,DC,39_59,test,heights,government_urban
DC_40_21_AGL.h5,data\GAMUS\heights\test\DC_40_21_AGL.h5,GAMUS,DC,40_21,test,heights,government_urban
DC_40_24_AGL.h5,data\GAMUS\heights\test\DC_40_24_AGL.h5,GAMUS,DC,40_24,test,heights,government_urban
DC_40_30_AGL.h5,data\GAMUS\heights\test\DC_40_30_AGL.h5,GAMUS,DC,40_30,test,heights,government_urban
DC_40_43_AGL.h5,data\GAMUS\heights\test\DC_40_43_AGL.h5,GAMUS,DC,40_43,test,heights,government_urban
DC_40_47_AGL.h5,data\GAMUS\heights\test\DC_40_47_AGL.h5,GAMUS,DC,40_47,test,heights,government_urban
DC_40_49_AGL.h5,data\GAMUS\heights\test\DC_40_49_AGL.h5,GAMUS,DC,40_49,test,heights,government_urban
DC_40_52_AGL.h5,data\GAMUS\heights\test\DC_40_52_AGL.h5,GAMUS,DC,40_52,test,heights,government_urban
DC_40_53_AGL.h5,data\GAMUS\heights\test\DC_40_53_AGL.h5,GAMUS,DC,40_53,test,heights,government_urban
DC_40_60_AGL.h5,data\GAMUS\heights\test\DC_40_60_AGL.h5,GAMUS,DC,40_60,test,heights,government_urban
DC_40_61_AGL.h5,data\GAMUS\heights\test\DC_40_61_AGL.h5,GAMUS,DC,40_61,test,heights,government_urban
DC_41_20_AGL.h5,data\GAMUS\heights\test\DC_41_20_AGL.h5,GAMUS,DC,41_20,test,heights,government_urban
DC_41_31_AGL.h5,data\GAMUS\heights\test\DC_41_31_AGL.h5,GAMUS,DC,41_31,test,heights,government_urban
DC_41_32_AGL.h5,data\GAMUS\heights\test\DC_41_32_AGL.h5,GAMUS,DC,41_32,test,heights,government_urban
DC_41_34_AGL.h5,data\GAMUS\heights\test\DC_41_34_AGL.h5,GAMUS,DC,41_34,test,heights,government_urban
DC_41_37_AGL.h5,data\GAMUS\heights\test\DC_41_37_AGL.h5,GAMUS,DC,41_37,test,heights,government_urban
DC_41_40_AGL.h5,data\GAMUS\heights\test\DC_41_40_AGL.h5,GAMUS,DC,41_40,test,heights,government_urban
DC_41_44_AGL.h5,data\GAMUS\heights\test\DC_41_44_AGL.h5,GAMUS,DC,41_44,test,heights,government_urban
DC_41_50_AGL.h5,data\GAMUS\heights\test\DC_41_50_AGL.h5,GAMUS,DC,41_50,test,heights,government_urban
DC_41_52_AGL.h5,data\GAMUS\heights\test\DC_41_52_AGL.h5,GAMUS,DC,41_52,test,heights,government_urban
DC_41_53_AGL.h5,data\GAMUS\heights\test\DC_41_53_AGL.h5,GAMUS,DC,41_53,test,heights,government_urban
DC_41_63_AGL.h5,data\GAMUS\heights\test\DC_41_63_AGL.h5,GAMUS,DC,41_63,test,heights,government_urban
DC_42_39_AGL.h5,data\GAMUS\heights\test\DC_42_39_AGL.h5,GAMUS,DC,42_39,test,heights,government_urban
DC_42_52_AGL.h5,data\GAMUS\heights\test\DC_42_52_AGL.h5,GAMUS,DC,42_52,test,heights,government_urban
DC_42_53_AGL.h5,data\GAMUS\heights\test\DC_42_53_AGL.h5,GAMUS,DC,42_53,test,heights,government_urban
DC_42_55_AGL.h5,data\GAMUS\heights\test\DC_42_55_AGL.h5,GAMUS,DC,42_55,test,heights,government_urban
DC_42_58_AGL.h5,data\GAMUS\heights\test\DC_42_58_AGL.h5,GAMUS,DC,42_58,test,heights,government_urban
DC_42_62_AGL.h5,data\GAMUS\heights\test\DC_42_62_AGL.h5,GAMUS,DC,42_62,test,heights,government_urban
DC_43_26_AGL.h5,data\GAMUS\heights\test\DC_43_26_AGL.h5,GAMUS,DC,43_26,test,heights,government_urban
DC_43_37_AGL.h5,data\GAMUS\heights\test\DC_43_37_AGL.h5,GAMUS,DC,43_37,test,heights,government_urban
DC_43_44_AGL.h5,data\GAMUS\heights\test\DC_43_44_AGL.h5,GAMUS,DC,43_44,test,heights,government_urban
DC_43_51_AGL.h5,data\GAMUS\heights\test\DC_43_51_AGL.h5,GAMUS,DC,43_51,test,heights,government_urban
DC_43_62_AGL.h5,data\GAMUS\heights\test\DC_43_62_AGL.h5,GAMUS,DC,43_62,test,heights,government_urban
DC_43_66_AGL.h5,data\GAMUS\heights\test\DC_43_66_AGL.h5,GAMUS,DC,43_66,test,heights,government_urban
DC_44_21_AGL.h5,data\GAMUS\heights\test\DC_44_21_AGL.h5,GAMUS,DC,44_21,test,heights,government_urban
DC_44_22_AGL.h5,data\GAMUS\heights\test\DC_44_22_AGL.h5,GAMUS,DC,44_22,test,heights,government_urban
DC_44_31_AGL.h5,data\GAMUS\heights\test\DC_44_31_AGL.h5,GAMUS,DC,44_31,test,heights,government_urban
DC_44_33_AGL.h5,data\GAMUS\heights\test\DC_44_33_AGL.h5,GAMUS,DC,44_33,test,heights,government_urban
DC_44_40_AGL.h5,data\GAMUS\heights\test\DC_44_40_AGL.h5,GAMUS,DC,44_40,test,heights,government_urban
DC_44_46_AGL.h5,data\GAMUS\heights\test\DC_44_46_AGL.h5,GAMUS,DC,44_46,test,heights,government_urban
DC_44_50_AGL.h5,data\GAMUS\heights\test\DC_44_50_AGL.h5,GAMUS,DC,44_50,test,heights,government_urban
DC_44_51_AGL.h5,data\GAMUS\heights\test\DC_44_51_AGL.h5,GAMUS,DC,44_51,test,heights,government_urban
DC_44_60_AGL.h5,data\GAMUS\heights\test\DC_44_60_AGL.h5,GAMUS,DC,44_60,test,heights,government_urban
DC_44_62_AGL.h5,data\GAMUS\heights\test\DC_44_62_AGL.h5,GAMUS,DC,44_62,test,heights,government_urban
DC_44_63_AGL.h5,data\GAMUS\heights\test\DC_44_63_AGL.h5,GAMUS,DC,44_63,test,heights,government_urban
DC_44_65_AGL.h5,data\GAMUS\heights\test\DC_44_65_AGL.h5,GAMUS,DC,44_65,test,heights,government_urban
DC_45_18_AGL.h5,data\GAMUS\heights\test\DC_45_18_AGL.h5,GAMUS,DC,45_18,test,heights,government_urban
DC_45_28_AGL.h5,data\GAMUS\heights\test\DC_45_28_AGL.h5,GAMUS,DC,45_28,test,heights,government_urban
DC_45_29_AGL.h5,data\GAMUS\heights\test\DC_45_29_AGL.h5,GAMUS,DC,45_29,test,heights,government_urban
DC_45_36_AGL.h5,data\GAMUS\heights\test\DC_45_36_AGL.h5,GAMUS,DC,45_36,test,heights,government_urban
DC_45_41_AGL.h5,data\GAMUS\heights\test\DC_45_41_AGL.h5,GAMUS,DC,45_41,test,heights,government_urban
DC_45_52_AGL.h5,data\GAMUS\heights\test\DC_45_52_AGL.h5,GAMUS,DC,45_52,test,heights,government_urban
DC_45_60_AGL.h5,data\GAMUS\heights\test\DC_45_60_AGL.h5,GAMUS,DC,45_60,test,heights,government_urban
DC_46_24_AGL.h5,data\GAMUS\heights\test\DC_46_24_AGL.h5,GAMUS,DC,46_24,test,heights,government_urban
DC_46_28_AGL.h5,data\GAMUS\heights\test\DC_46_28_AGL.h5,GAMUS,DC,46_28,test,heights,government_urban
DC_46_44_AGL.h5,data\GAMUS\heights\test\DC_46_44_AGL.h5,GAMUS,DC,46_44,test,heights,government_urban
DC_46_46_AGL.h5,data\GAMUS\heights\test\DC_46_46_AGL.h5,GAMUS,DC,46_46,test,heights,government_urban
DC_46_48_AGL.h5,data\GAMUS\heights\test\DC_46_48_AGL.h5,GAMUS,DC,46_48,test,heights,government_urban
DC_46_53_AGL.h5,data\GAMUS\heights\test\DC_46_53_AGL.h5,GAMUS,DC,46_53,test,heights,government_urban
DC_46_60_AGL.h5,data\GAMUS\heights\test\DC_46_60_AGL.h5,GAMUS,DC,46_60,test,heights,government_urban
DC_46_63_AGL.h5,data\GAMUS\heights\test\DC_46_63_AGL.h5,GAMUS,DC,46_63,test,heights,government_urban
DC_47_32_AGL.h5,data\GAMUS\heights\test\DC_47_32_AGL.h5,GAMUS,DC,47_32,test,heights,government_urban
DC_47_34_AGL.h5,data\GAMUS\heights\test\DC_47_34_AGL.h5,GAMUS,DC,47_34,test,heights,government_urban
DC_47_43_AGL.h5,data\GAMUS\heights\test\DC_47_43_AGL.h5,GAMUS,DC,47_43,test,heights,government_urban
DC_47_47_AGL.h5,data\GAMUS\heights\test\DC_47_47_AGL.h5,GAMUS,DC,47_47,test,heights,government_urban
DC_47_61_AGL.h5,data\GAMUS\heights\test\DC_47_61_AGL.h5,GAMUS,DC,47_61,test,heights,government_urban
DC_47_63_AGL.h5,data\GAMUS\heights\test\DC_47_63_AGL.h5,GAMUS,DC,47_63,test,heights,government_urban
DC_48_27_AGL.h5,data\GAMUS\heights\test\DC_48_27_AGL.h5,GAMUS,DC,48_27,test,heights,government_urban
DC_48_28_AGL.h5,data\GAMUS\heights\test\DC_48_28_AGL.h5,GAMUS,DC,48_28,test,heights,government_urban
DC_48_35_AGL.h5,data\GAMUS\heights\test\DC_48_35_AGL.h5,GAMUS,DC,48_35,test,heights,government_urban
DC_48_48_AGL.h5,data\GAMUS\heights\test\DC_48_48_AGL.h5,GAMUS,DC,48_48,test,heights,government_urban
DC_48_51_AGL.h5,data\GAMUS\heights\test\DC_48_51_AGL.h5,GAMUS,DC,48_51,test,heights,government_urban
DC_48_52_AGL.h5,data\GAMUS\heights\test\DC_48_52_AGL.h5,GAMUS,DC,48_52,test,heights,government_urban
DC_48_57_AGL.h5,data\GAMUS\heights\test\DC_48_57_AGL.h5,GAMUS,DC,48_57,test,heights,government_urban
DC_48_58_AGL.h5,data\GAMUS\heights\test\DC_48_58_AGL.h5,GAMUS,DC,48_58,test,heights,government_urban
DC_49_35_AGL.h5,data\GAMUS\heights\test\DC_49_35_AGL.h5,GAMUS,DC,49_35,test,heights,government_urban
DC_49_40_AGL.h5,data\GAMUS\heights\test\DC_49_40_AGL.h5,GAMUS,DC,49_40,test,heights,government_urban
DC_49_54_AGL.h5,data\GAMUS\heights\test\DC_49_54_AGL.h5,GAMUS,DC,49_54,test,heights,government_urban
DC_49_60_AGL.h5,data\GAMUS\heights\test\DC_49_60_AGL.h5,GAMUS,DC,49_60,test,heights,government_urban
DC_50_52_AGL.h5,data\GAMUS\heights\test\DC_50_52_AGL.h5,GAMUS,DC,50_52,test,heights,government_urban
DC_50_55_AGL.h5,data\GAMUS\heights\test\DC_50_55_AGL.h5,GAMUS,DC,50_55,test,heights,government_urban
DC_51_33_AGL.h5,data\GAMUS\heights\test\DC_51_33_AGL.h5,GAMUS,DC,51_33,test,heights,government_urban
DC_51_44_AGL.h5,data\GAMUS\heights\test\DC_51_44_AGL.h5,GAMUS,DC,51_44,test,heights,government_urban
DC_51_48_AGL.h5,data\GAMUS\heights\test\DC_51_48_AGL.h5,GAMUS,DC,51_48,test,heights,government_urban
DC_51_55_AGL.h5,data\GAMUS\heights\test\DC_51_55_AGL.h5,GAMUS,DC,51_55,test,heights,government_urban
DC_52_41_AGL.h5,data\GAMUS\heights\test\DC_52_41_AGL.h5,GAMUS,DC,52_41,test,heights,government_urban
DC_52_48_AGL.h5,data\GAMUS\heights\test\DC_52_48_AGL.h5,GAMUS,DC,52_48,test,heights,government_urban
DC_52_52_AGL.h5,data\GAMUS\heights\test\DC_52_52_AGL.h5,GAMUS,DC,52_52,test,heights,government_urban
DC_52_53_AGL.h5,data\GAMUS\heights\test\DC_52_53_AGL.h5,GAMUS,DC,52_53,test,heights,government_urban
DC_53_54_AGL.h5,data\GAMUS\heights\test\DC_53_54_AGL.h5,GAMUS,DC,53_54,test,heights,government_urban
DC_53_55_AGL.h5,data\GAMUS\heights\test\DC_53_55_AGL.h5,GAMUS,DC,53_55,test,heights,government_urban
DC_53_57_AGL.h5,data\GAMUS\heights\test\DC_53_57_AGL.h5,GAMUS,DC,53_57,test,heights,government_urban
DC_54_35_AGL.h5,data\GAMUS\heights\test\DC_54_35_AGL.h5,GAMUS,DC,54_35,test,heights,government_urban
DC_54_38_AGL.h5,data\GAMUS\heights\test\DC_54_38_AGL.h5,GAMUS,DC,54_38,test,heights,government_urban
DC_54_40_AGL.h5,data\GAMUS\heights\test\DC_54_40_AGL.h5,GAMUS,DC,54_40,test,heights,government_urban
DC_54_46_AGL.h5,data\GAMUS\heights\test\DC_54_46_AGL.h5,GAMUS,DC,54_46,test,heights,government_urban
DC_54_48_AGL.h5,data\GAMUS\heights\test\DC_54_48_AGL.h5,GAMUS,DC,54_48,test,heights,government_urban
DC_55_31_AGL.h5,data\GAMUS\heights\test\DC_55_31_AGL.h5,GAMUS,DC,55_31,test,heights,government_urban
DC_55_35_AGL.h5,data\GAMUS\heights\test\DC_55_35_AGL.h5,GAMUS,DC,55_35,test,heights,government_urban
DC_55_55_AGL.h5,data\GAMUS\heights\test\DC_55_55_AGL.h5,GAMUS,DC,55_55,test,heights,government_urban
DC_56_51_AGL.h5,data\GAMUS\heights\test\DC_56_51_AGL.h5,GAMUS,DC,56_51,test,heights,government_urban
DC_56_55_AGL.h5,data\GAMUS\heights\test\DC_56_55_AGL.h5,GAMUS,DC,56_55,test,heights,government_urban
DC_57_36_AGL.h5,data\GAMUS\heights\test\DC_57_36_AGL.h5,GAMUS,DC,57_36,test,heights,government_urban
DC_57_53_AGL.h5,data\GAMUS\heights\test\DC_57_53_AGL.h5,GAMUS,DC,57_53,test,heights,government_urban
DC_58_31_AGL.h5,data\GAMUS\heights\test\DC_58_31_AGL.h5,GAMUS,DC,58_31,test,heights,government_urban
DC_58_49_AGL.h5,data\GAMUS\heights\test\DC_58_49_AGL.h5,GAMUS,DC,58_49,test,heights,government_urban
DC_58_53_AGL.h5,data\GAMUS\heights\test\DC_58_53_AGL.h5,GAMUS,DC,58_53,test,heights,government_urban
DC_59_52_AGL.h5,data\GAMUS\heights\test\DC_59_52_AGL.h5,GAMUS,DC,59_52,test,heights,government_urban
DC_60_34_AGL.h5,data\GAMUS\heights\test\DC_60_34_AGL.h5,GAMUS,DC,60_34,test,heights,government_urban
DC_60_48_AGL.h5,data\GAMUS\heights\test\DC_60_48_AGL.h5,GAMUS,DC,60_48,test,heights,government_urban
DC_60_49_AGL.h5,data\GAMUS\heights\test\DC_60_49_AGL.h5,GAMUS,DC,60_49,test,heights,government_urban
DC_61_44_AGL.h5,data\GAMUS\heights\test\DC_61_44_AGL.h5,GAMUS,DC,61_44,test,heights,government_urban
DC_61_45_AGL.h5,data\GAMUS\heights\test\DC_61_45_AGL.h5,GAMUS,DC,61_45,test,heights,government_urban
DC_61_49_AGL.h5,data\GAMUS\heights\test\DC_61_49_AGL.h5,GAMUS,DC,61_49,test,heights,government_urban
DC_62_33_AGL.h5,data\GAMUS\heights\test\DC_62_33_AGL.h5,GAMUS,DC,62_33,test,heights,government_urban
DC_62_46_AGL.h5,data\GAMUS\heights\test\DC_62_46_AGL.h5,GAMUS,DC,62_46,test,heights,government_urban
DC_62_47_AGL.h5,data\GAMUS\heights\test\DC_62_47_AGL.h5,GAMUS,DC,62_47,test,heights,government_urban
DC_62_48_AGL.h5,data\GAMUS\heights\test\DC_62_48_AGL.h5,GAMUS,DC,62_48,test,heights,government_urban
DC_63_32_AGL.h5,data\GAMUS\heights\test\DC_63_32_AGL.h5,GAMUS,DC,63_32,test,heights,government_urban
DC_63_34_AGL.h5,data\GAMUS\heights\test\DC_63_34_AGL.h5,GAMUS,DC,63_34,test,heights,government_urban
DC_63_45_AGL.h5,data\GAMUS\heights\test\DC_63_45_AGL.h5,GAMUS,DC,63_45,test,heights,government_urban
DC_63_48_AGL.h5,data\GAMUS\heights\test\DC_63_48_AGL.h5,GAMUS,DC,63_48,test,heights,government_urban
DC_64_33_AGL.h5,data\GAMUS\heights\test\DC_64_33_AGL.h5,GAMUS,DC,64_33,test,heights,government_urban
DC_64_35_AGL.h5,data\GAMUS\heights\test\DC_64_35_AGL.h5,GAMUS,DC,64_35,test,heights,government_urban
DC_64_40_AGL.h5,data\GAMUS\heights\test\DC_64_40_AGL.h5,GAMUS,DC,64_40,test,heights,government_urban
DC_64_43_AGL.h5,data\GAMUS\heights\test\DC_64_43_AGL.h5,GAMUS,DC,64_43,test,heights,government_urban
DC_65_40_AGL.h5,data\GAMUS\heights\test\DC_65_40_AGL.h5,GAMUS,DC,65_40,test,heights,government_urban
DC_65_45_AGL.h5,data\GAMUS\heights\test\DC_65_45_AGL.h5,GAMUS,DC,65_45,test,heights,government_urban
DC_66_31_AGL.h5,data\GAMUS\heights\test\DC_66_31_AGL.h5,GAMUS,DC,66_31,test,heights,government_urban
DC_67_45_AGL.h5,data\GAMUS\heights\test\DC_67_45_AGL.h5,GAMUS,DC,67_45,test,heights,government_urban
DC_68_34_AGL.h5,data\GAMUS\heights\test\DC_68_34_AGL.h5,GAMUS,DC,68_34,test,heights,government_urban
DC_68_40_AGL.h5,data\GAMUS\heights\test\DC_68_40_AGL.h5,GAMUS,DC,68_40,test,heights,government_urban
DC_69_37_AGL.h5,data\GAMUS\heights\test\DC_69_37_AGL.h5,GAMUS,DC,69_37,test,heights,government_urban
DC_70_32_AGL.h5,data\GAMUS\heights\test\DC_70_32_AGL.h5,GAMUS,DC,70_32,test,heights,government_urban
DC_70_36_AGL.h5,data\GAMUS\heights\test\DC_70_36_AGL.h5,GAMUS,DC,70_36,test,heights,government_urban
DC_70_40_AGL.h5,data\GAMUS\heights\test\DC_70_40_AGL.h5,GAMUS,DC,70_40,test,heights,government_urban
DC_72_37_AGL.h5,data\GAMUS\heights\test\DC_72_37_AGL.h5,GAMUS,DC,72_37,test,heights,government_urban
DC_72_39_AGL.h5,data\GAMUS\heights\test\DC_72_39_AGL.h5,GAMUS,DC,72_39,test,heights,government_urban
DC_73_38_AGL.h5,data\GAMUS\heights\test\DC_73_38_AGL.h5,GAMUS,DC,73_38,test,heights,government_urban
DC_74_33_AGL.h5,data\GAMUS\heights\test\DC_74_33_AGL.h5,GAMUS,DC,74_33,test,heights,government_urban
mussoorie_dem.tif,data\hilly_test\mussoorie_dem.tif,custom,mussoorie,,test,heights,hilly
mussoorie_dem_1024.tif,data\hilly_test\mussoorie_dem_1024.tif,custom,mussoorie,,test,heights,hilly
mussoorie_rgb.png,data\hilly_test\mussoorie_rgb.png,custom,mussoorie,,test,images,hilly
